user_id,Exam,item_id,score
1,2,8,64.68
1,4,23,92.89
1,4,20,70.14
1,3,17,75.71
1,4,22,32.23
1,1,4,67.12
1,3,15,134.19
1,3,12,205.51
1,1,2,71.08
1,1,3,71.43
1,4,21,124.22
1,1,5,67.12
1,1,0,84.73
1,4,18,242.09
1,2,11,40.54
1,3,16,92.11
1,3,13,30.72
1,1,1,77.28
1,2,9,71.79
2,1,2,69.55
2,4,23,89.4
2,4,20,60.77
2,3,17,87.42
2,4,22,42.93
2,1,4,93.0
2,3,15,120.4
2,3,12,205.88
2,1,5,93.0
2,1,3,70.2
2,1,1,71.73
2,3,16,94.12
2,1,0,71.93
2,4,18,242.86
2,2,8,63.95
2,2,9,75.79
2,3,13,30.82
2,2,11,51.3
2,4,21,121.85
3,4,23,88.63
3,1,2,55.02
3,4,20,67.24
3,3,17,80.9
3,4,22,25.14
3,1,4,49.38
3,1,3,55.0
3,3,15,124.3
3,3,12,204.69
3,1,5,49.38
3,1,1,51.34
3,3,13,36.0
3,2,9,64.07
3,2,11,43.08
3,4,18,234.82
3,1,0,73.42
3,3,16,86.21
3,2,8,49.3
3,4,21,116.32
4,3,12,202.02
4,3,15,132.62
4,1,4,71.43
4,1,2,70.04
4,3,17,84.74
4,4,20,70.78
4,4,23,97.55
4,4,22,34.1
4,1,5,71.43
4,1,3,74.99
4,1,1,77.56
4,2,8,58.54
4,3,16,89.0
4,1,0,60.53
4,4,18,242.95
4,4,21,115.55
4,2,9,76.02
4,3,13,17.02
4,2,11,54.12
5,3,15,128.24
5,4,23,92.94
5,4,20,63.31
5,3,17,78.64
5,4,22,27.62
5,1,4,66.61
5,1,3,67.35
5,3,12,193.97
5,1,2,68.75
5,1,5,66.61
5,4,21,123.78
5,3,16,99.86
5,1,0,79.3
5,4,18,240.29
5,2,8,60.47
5,2,9,70.48
5,3,13,30.92
5,1,1,72.4
5,2,11,38.37
6,1,2,59.14
6,4,20,68.44
6,3,17,83.6
6,4,22,32.33
6,1,4,79.87
6,1,3,59.18
6,3,15,123.13
6,3,12,199.89
6,4,23,98.88
6,1,5,79.87
6,1,1,61.61
6,2,8,64.56
6,3,16,94.64
6,1,0,64.2
6,4,21,114.9
6,2,11,56.13
6,2,9,75.19
6,3,13,31.97
6,4,18,244.05
7,1,2,55.79
7,4,20,71.0
7,3,17,82.51
7,4,22,25.27
7,1,4,68.69
7,1,3,59.07
7,3,15,122.63
7,3,12,193.71
7,4,23,106.0
7,1,5,68.69
7,1,1,60.06
7,3,13,34.08
7,2,9,61.08
7,2,11,45.62
7,4,18,242.73
7,1,0,73.87
7,3,16,96.62
7,2,8,58.68
7,4,21,113.62
8,3,12,200.58
8,3,15,122.84
8,1,4,63.69
8,1,2,72.75
8,3,17,86.0
8,4,20,66.66
8,4,23,93.55
8,4,22,24.09
8,1,5,63.69
8,1,3,71.23
8,1,1,75.7
8,2,8,68.24
8,3,16,99.66
8,1,0,74.26
8,4,18,240.72
8,4,21,126.72
8,2,9,72.79
8,3,13,23.63
8,2,11,44.05
9,3,15,128.26
9,4,23,101.58
9,4,20,66.4
9,3,17,88.08
9,4,22,26.82
9,1,4,87.74
9,1,3,79.78
9,3,12,197.56
9,1,2,81.63
9,1,5,87.74
9,4,21,119.24
9,1,1,86.1
9,3,13,22.07
9,2,9,75.56
9,2,11,61.03
9,4,18,236.45
9,1,0,77.95
9,3,16,95.98
9,2,8,53.55
10,1,3,64.42
10,1,4,64.92
10,4,22,26.2
10,3,15,126.37
10,4,20,69.68
10,4,23,93.47
10,3,12,198.76
10,3,17,70.95
10,1,2,62.62
10,1,5,64.92
10,4,21,116.9
10,3,16,97.78
10,1,0,76.97
10,4,18,246.57
10,2,8,66.44
10,2,9,70.86
10,3,13,35.3
10,1,1,61.08
10,2,11,41.59
11,3,12,186.91
11,4,23,101.36
11,4,20,60.13
11,3,17,87.12
11,4,22,36.76
11,1,4,85.18
11,1,3,79.18
11,3,15,127.54
11,1,2,79.36
11,1,5,85.18
11,4,21,116.16
11,3,16,90.93
11,1,0,49.07
11,4,18,237.32
11,2,8,60.33
11,2,9,82.15
11,3,13,36.0
11,1,1,82.14
11,2,11,50.94
12,1,2,79.27
12,4,20,71.0
12,3,17,83.86
12,4,22,27.74
12,1,4,79.08
12,1,3,76.81
12,3,15,131.4
12,3,12,196.19
12,4,23,102.45
12,1,5,79.08
12,1,1,79.93
12,2,8,62.64
12,3,16,97.55
12,1,0,76.43
12,4,21,124.87
12,2,11,60.59
12,2,9,75.79
12,3,13,36.0
12,4,18,242.08
13,4,23,97.77
13,4,20,71.0
13,3,17,77.84
13,4,22,36.42
13,1,4,82.68
13,1,3,94.17
13,3,15,134.83
13,1,2,93.58
13,3,12,204.42
13,1,5,82.68
13,1,1,96.39
13,3,13,33.56
13,2,9,87.85
13,2,11,50.39
13,4,18,240.65
13,1,0,75.61
13,3,16,101.99
13,2,8,64.27
13,4,21,117.68
14,3,12,185.48
14,3,15,135.48
14,1,3,70.08
14,1,2,65.88
14,4,22,33.23
14,3,17,79.44
14,4,20,69.2
14,1,4,63.48
14,4,23,96.63
14,1,5,63.48
14,1,1,70.96
14,2,8,71.0
14,3,16,98.12
14,1,0,54.46
14,4,21,117.27
14,2,11,44.2
14,2,9,76.98
14,3,13,29.24
14,4,18,245.18
15,1,2,73.49
15,4,20,68.07
15,3,17,85.96
15,4,22,44.37
15,1,4,91.14
15,1,3,72.05
15,3,15,125.97
15,3,12,206.46
15,4,23,101.79
15,1,5,91.14
15,1,1,67.52
15,3,13,30.26
15,2,9,75.09
15,2,11,64.73
15,4,18,239.88
15,1,0,68.97
15,3,16,104.06
15,2,8,70.23
15,4,21,125.4
16,3,12,203.49
16,3,15,122.25
16,1,4,66.04
16,1,2,57.77
16,3,17,78.58
16,4,20,70.91
16,4,23,94.68
16,4,22,31.63
16,1,5,66.04
16,1,3,60.34
16,1,1,61.97
16,2,8,57.01
16,3,16,100.82
16,1,0,76.51
16,4,18,248.03
16,4,21,115.29
16,2,9,67.09
16,3,13,20.44
16,2,11,43.94
17,3,15,124.11
17,4,23,100.47
17,4,20,67.32
17,3,17,93.91
17,4,22,39.3
17,1,4,89.09
17,1,3,93.77
17,3,12,194.21
17,1,2,92.85
17,1,5,89.09
17,4,21,133.79
17,1,1,83.19
17,3,13,36.0
17,2,9,76.69
17,2,11,54.78
17,4,18,227.7
17,1,0,63.9
17,3,16,95.77
17,2,8,62.74
18,1,3,50.41
18,1,4,58.6
18,4,22,24.72
18,3,15,128.25
18,4,20,56.94
18,4,23,106.0
18,3,12,198.13
18,3,17,80.5
18,1,2,51.64
18,1,5,58.6
18,4,21,115.29
18,3,16,91.08
18,1,0,53.48
18,4,18,242.97
18,2,8,59.39
18,2,9,69.2
18,3,13,22.46
18,1,1,50.64
18,2,11,45.7
19,3,12,187.97
19,4,23,92.84
19,4,20,55.36
19,3,17,89.45
19,4,22,27.27
19,1,4,79.08
19,1,3,79.1
19,3,15,136.68
19,1,2,78.37
19,3,13,36.0
19,4,21,126.74
19,1,1,81.73
19,2,9,78.69
19,2,11,55.46
19,4,18,241.35
19,1,0,63.2
19,3,16,94.45
19,2,8,65.04
19,1,5,79.08
20,1,4,69.91
20,1,3,66.13
20,4,22,24.55
20,3,15,113.01
20,4,20,71.0
20,4,23,89.71
20,3,12,197.88
20,3,17,81.88
20,1,2,63.53
20,1,5,69.91
20,4,21,119.91
20,3,16,97.55
20,1,0,73.55
20,4,18,238.63
20,2,8,62.59
20,2,9,70.41
20,3,13,34.19
20,1,1,62.44
20,2,11,53.69
21,3,12,208.26
21,4,23,93.51
21,4,20,63.27
21,3,17,82.86
21,4,22,36.69
21,1,4,74.8
21,1,3,44.45
21,3,15,116.1
21,1,2,45.28
21,1,5,74.8
21,4,21,112.38
21,3,16,93.48
21,1,0,93.43
21,4,18,249.0
21,2,8,55.37
21,2,9,64.01
21,3,13,34.64
21,1,1,40.35
21,2,11,46.72
22,3,12,199.55
22,4,23,94.01
22,4,20,66.91
22,3,17,81.46
22,4,22,22.18
22,1,4,53.09
22,1,3,66.41
22,3,15,136.44
22,1,2,63.27
22,1,5,53.09
22,4,21,114.12
22,3,16,95.8
22,1,0,76.79
22,4,18,233.75
22,2,8,66.12
22,2,9,79.98
22,3,13,34.21
22,1,1,65.64
22,2,11,35.7
23,3,12,201.68
23,4,23,97.87
23,4,20,61.64
23,3,17,87.87
23,4,22,32.45
23,1,4,65.25
23,1,3,43.15
23,3,15,111.95
23,1,2,43.46
23,1,5,65.25
23,4,21,111.17
23,3,16,89.83
23,1,0,58.55
23,4,18,242.86
23,2,8,62.41
23,2,9,65.14
23,3,13,36.0
23,1,1,43.91
23,2,11,50.05
24,1,2,52.17
24,4,20,64.39
24,3,17,80.91
24,4,22,37.88
24,1,4,65.97
24,1,3,52.13
24,3,15,123.58
24,3,12,192.88
24,4,23,87.77
24,1,5,65.97
24,1,1,55.14
24,2,8,56.65
24,3,16,97.24
24,1,0,55.49
24,4,21,107.02
24,2,11,42.19
24,2,9,65.38
24,3,13,31.71
24,4,18,234.42
25,4,23,98.47
25,4,20,71.0
25,3,17,78.29
25,4,22,29.7
25,1,4,62.39
25,1,3,53.9
25,3,15,115.24
25,1,2,57.95
25,1,5,62.39
25,3,12,188.22
25,1,1,57.64
25,3,13,36.0
25,2,9,63.93
25,2,11,37.71
25,4,18,240.97
25,1,0,54.55
25,3,16,86.71
25,2,8,56.37
25,4,21,116.01
26,3,15,115.49
26,1,3,50.01
26,1,4,58.44
26,4,23,101.28
26,3,17,76.27
26,4,20,63.71
26,4,22,18.29
26,1,2,51.37
26,3,12,182.58
26,1,5,58.44
26,2,8,50.13
26,3,16,99.41
26,1,0,49.81
26,4,18,233.36
26,4,21,106.67
26,2,9,65.2
26,3,13,25.69
26,1,1,51.82
26,2,11,42.41
27,1,2,90.08
27,4,20,71.0
27,3,17,87.94
27,4,22,25.01
27,1,4,78.9
27,1,3,91.09
27,3,15,133.15
27,3,12,198.82
27,4,23,100.64
27,4,21,134.06
27,1,1,93.19
27,3,13,36.0
27,2,9,83.72
27,2,11,57.87
27,4,18,238.02
27,1,0,89.33
27,3,16,92.6
27,2,8,54.2
27,1,5,78.9
28,3,12,184.78
28,3,15,120.16
28,1,3,49.3
28,4,23,92.76
28,4,22,27.46
28,3,17,73.4
28,4,20,71.0
28,1,4,46.74
28,1,2,47.98
28,1,5,46.74
28,1,1,49.27
28,2,8,58.27
28,3,16,92.38
28,1,0,43.16
28,4,21,118.99
28,2,11,41.17
28,2,9,65.04
28,3,13,31.59
28,4,18,246.68
29,4,23,97.18
29,4,20,63.49
29,3,17,79.32
29,4,22,33.21
29,1,4,76.17
29,1,3,74.03
29,3,15,130.53
29,1,2,71.45
29,3,12,185.14
29,1,5,76.17
29,1,1,72.03
29,3,13,29.19
29,2,9,71.4
29,2,11,45.25
29,4,18,241.08
29,1,0,44.88
29,3,16,100.99
29,2,8,62.58
29,4,21,120.29
30,3,12,197.15
30,3,15,122.3
30,1,3,63.22
30,1,2,62.81
30,4,22,39.18
30,3,17,77.85
30,4,20,63.59
30,1,4,60.18
30,4,23,94.05
30,1,5,60.18
30,1,1,58.13
30,2,8,62.34
30,3,16,95.72
30,1,0,72.69
30,4,21,121.75
30,2,11,39.79
30,2,9,71.78
30,3,13,31.81
30,4,18,237.2
31,1,2,46.37
31,4,20,63.69
31,3,17,76.71
31,4,22,32.64
31,1,4,67.64
31,1,3,47.45
31,3,15,118.54
31,3,12,195.85
31,4,23,105.28
31,1,5,67.64
31,1,1,46.28
31,3,13,36.0
31,2,9,70.31
31,2,11,43.65
31,4,18,238.6
31,1,0,63.97
31,3,16,97.93
31,2,8,45.84
31,4,21,114.13
32,3,15,132.66
32,1,3,62.14
32,1,4,59.83
32,3,12,194.71
32,3,17,78.85
32,4,20,71.0
32,4,23,99.57
32,4,22,29.27
32,1,2,63.13
32,2,11,43.77
32,4,21,120.01
32,3,16,97.91
32,1,0,68.74
32,4,18,238.45
32,2,8,62.17
32,2,9,71.62
32,3,13,30.29
32,1,1,59.09
32,1,5,59.83
33,1,2,87.88
33,4,20,71.0
33,3,17,80.9
33,4,22,28.43
33,1,4,73.42
33,1,3,93.3
33,3,15,142.0
33,3,12,202.85
33,1,5,73.42
33,4,23,96.51
33,1,1,87.12
33,2,8,71.0
33,3,16,101.78
33,1,0,74.12
33,4,21,129.85
33,2,11,46.9
33,2,9,77.97
33,3,13,35.3
33,4,18,241.74
34,1,2,92.36
34,4,20,71.0
34,3,17,81.86
34,4,22,35.87
34,1,4,86.32
34,1,3,94.77
34,3,15,142.0
34,3,12,197.0
34,4,23,99.29
34,1,5,86.32
34,1,1,91.33
34,3,13,36.0
34,2,9,89.21
34,2,11,45.8
34,4,18,247.31
34,1,0,85.33
34,3,16,106.0
34,2,8,63.38
34,4,21,129.26
35,3,12,196.88
35,3,15,133.43
35,1,3,77.68
35,1,2,81.49
35,4,22,34.1
35,3,17,82.78
35,4,20,71.0
35,1,4,76.37
35,1,5,76.37
35,4,23,95.38
35,1,1,79.62
35,2,8,67.33
35,3,16,93.5
35,1,0,83.27
35,4,21,120.71
35,2,11,36.18
35,2,9,77.55
35,3,13,36.0
35,4,18,243.0
36,4,23,98.17
36,4,20,71.0
36,3,17,76.57
36,4,22,29.59
36,1,4,58.03
36,1,3,56.4
36,3,15,120.2
36,1,2,57.62
36,3,12,198.62
36,1,5,58.03
36,1,1,57.62
36,3,13,32.81
36,2,9,65.91
36,2,11,41.27
36,4,18,238.83
36,1,0,95.03
36,3,16,92.75
36,2,8,56.21
36,4,21,117.07
37,3,12,182.74
37,3,15,119.13
37,1,3,57.99
37,1,2,53.85
37,4,22,29.08
37,3,17,80.73
37,4,20,64.12
37,1,4,65.52
37,4,23,106.0
37,1,5,65.52
37,1,1,57.05
37,2,8,55.27
37,3,16,96.27
37,1,0,74.68
37,4,21,115.41
37,2,11,41.36
37,2,9,69.38
37,3,13,32.35
37,4,18,248.28
38,1,2,61.57
38,4,20,66.52
38,3,17,85.11
38,4,22,36.73
38,1,4,100.0
38,1,3,61.46
38,3,15,127.34
38,3,12,203.68
38,4,23,95.54
38,1,5,100.0
38,1,1,59.44
38,3,13,24.25
38,2,9,73.31
38,2,11,57.22
38,4,18,248.72
38,1,0,81.79
38,3,16,93.6
38,2,8,60.83
38,4,21,112.07
39,3,12,190.95
39,3,15,122.93
39,1,3,55.54
39,1,2,54.59
39,4,22,34.54
39,3,17,75.95
39,4,20,69.09
39,1,4,62.6
39,1,5,62.6
39,4,23,91.02
39,1,1,52.68
39,2,8,65.95
39,3,16,97.54
39,1,0,44.12
39,4,21,117.93
39,2,11,34.36
39,2,9,61.66
39,3,13,27.83
39,4,18,249.0
40,4,23,93.08
40,4,20,68.84
40,3,17,92.79
40,4,22,26.15
40,1,4,66.16
40,1,3,67.96
40,3,15,124.19
40,1,2,66.7
40,1,5,66.16
40,3,12,193.4
40,1,1,57.64
40,3,13,28.92
40,2,9,72.64
40,2,11,43.32
40,4,18,241.12
40,1,0,69.82
40,3,16,95.95
40,2,8,70.14
40,4,21,111.44
41,3,15,119.79
41,1,3,70.74
41,1,4,56.99
41,4,23,101.54
41,3,17,79.02
41,4,20,58.93
41,4,22,27.06
41,1,2,67.96
41,3,12,201.72
41,1,5,56.99
41,2,8,63.87
41,3,16,98.27
41,1,0,81.35
41,4,18,244.88
41,4,21,122.88
41,2,9,72.91
41,3,13,36.0
41,1,1,74.26
41,2,11,32.11
42,1,2,61.16
42,4,20,65.62
42,3,17,85.23
42,4,22,33.53
42,1,4,74.42
42,1,3,61.68
42,3,15,132.83
42,3,12,197.68
42,4,23,94.15
42,4,21,119.43
42,1,1,56.96
42,3,13,28.25
42,2,9,79.37
42,2,11,47.53
42,4,18,239.57
42,1,0,61.31
42,3,16,89.47
42,2,8,61.96
42,1,5,74.42
43,3,12,194.06
43,3,15,130.29
43,1,3,62.95
43,4,23,96.74
43,4,22,30.38
43,3,17,78.68
43,4,20,63.89
43,1,4,70.38
43,1,2,60.94
43,1,5,70.38
43,1,1,62.37
43,2,8,62.12
43,3,16,101.84
43,1,0,63.97
43,4,21,117.69
43,2,11,47.15
43,2,9,83.91
43,3,13,33.42
43,4,18,247.18
44,4,23,100.54
44,4,20,70.76
44,3,17,76.48
44,4,22,30.82
44,1,4,67.54
44,1,3,68.03
44,3,15,121.04
44,1,2,65.7
44,3,12,198.84
44,1,5,67.54
44,1,1,74.83
44,3,13,23.03
44,2,9,76.42
44,2,11,39.24
44,4,18,244.23
44,1,0,75.04
44,3,16,81.92
44,2,8,59.59
44,4,21,108.61
45,3,12,195.78
45,3,15,119.42
45,1,3,65.34
45,1,2,66.77
45,4,22,39.09
45,3,17,76.84
45,4,20,64.5
45,1,4,75.67
45,4,23,104.61
45,1,5,75.67
45,1,1,65.21
45,2,8,65.46
45,3,16,94.89
45,1,0,97.76
45,4,21,115.43
45,2,11,48.13
45,2,9,72.52
45,3,13,26.88
45,4,18,239.45
46,1,2,66.64
46,4,20,71.0
46,3,17,82.85
46,4,22,35.11
46,1,4,81.97
46,1,3,67.01
46,3,15,131.19
46,3,12,208.36
46,4,23,103.29
46,1,5,81.97
46,1,1,65.15
46,3,13,25.68
46,2,9,81.28
46,2,11,47.95
46,4,18,236.7
46,1,0,95.72
46,3,16,98.21
46,2,8,56.31
46,4,21,116.26
47,3,12,199.97
47,3,15,126.47
47,1,3,70.16
47,1,2,68.84
47,4,22,33.22
47,3,17,81.54
47,4,20,69.94
47,1,4,71.87
47,1,5,71.87
47,4,23,97.41
47,1,1,69.95
47,2,8,61.12
47,3,16,83.27
47,1,0,81.37
47,4,21,117.22
47,2,11,51.56
47,2,9,75.68
47,3,13,36.0
47,4,18,238.59
48,4,23,93.27
48,4,20,66.41
48,3,17,72.61
48,4,22,30.73
48,1,4,81.98
48,1,3,80.97
48,3,15,119.16
48,1,2,76.09
48,1,5,81.98
48,3,12,193.89
48,1,1,80.65
48,4,21,116.29
48,3,16,99.83
48,1,0,79.28
48,4,18,236.23
48,2,8,61.61
48,2,9,76.24
48,3,13,31.34
48,2,11,47.97
49,1,2,76.46
49,4,20,65.38
49,3,17,67.36
49,4,22,37.02
49,1,4,63.3
49,1,3,74.29
49,3,15,132.86
49,4,23,97.4
49,1,5,63.3
49,3,12,201.27
49,1,1,78.43
49,2,8,61.69
49,3,16,102.16
49,1,0,74.03
49,4,21,129.17
49,2,11,41.75
49,2,9,73.37
49,3,13,34.99
49,4,18,235.74
50,1,2,88.36
50,4,20,67.03
50,3,17,81.19
50,4,22,27.09
50,1,4,80.31
50,1,3,87.92
50,3,15,142.0
50,3,12,202.51
50,4,23,101.27
50,4,21,126.39
50,1,1,91.85
50,3,13,34.23
50,2,9,78.82
50,2,11,38.95
50,4,18,243.79
50,1,0,86.31
50,3,16,99.41
50,2,8,60.69
50,1,5,80.31
51,3,15,136.33
51,1,3,89.7
51,1,4,73.63
51,4,23,104.69
51,3,17,71.56
51,4,20,65.95
51,4,22,37.26
51,1,2,93.53
51,3,12,195.08
51,1,5,73.63
51,2,8,69.13
51,3,16,90.81
51,1,0,66.46
51,4,18,244.88
51,4,21,124.22
51,2,9,90.4
51,3,13,36.0
51,1,1,100.0
51,2,11,47.21
52,4,23,98.49
52,4,20,62.34
52,3,17,80.61
52,4,22,25.01
52,1,4,69.53
52,1,3,51.33
52,3,15,122.22
52,1,2,52.0
52,1,5,69.53
52,3,12,190.09
52,1,1,51.02
52,2,8,51.12
52,3,16,97.26
52,1,0,52.61
52,4,21,115.48
52,2,11,43.99
52,2,9,67.98
52,3,13,23.66
52,4,18,243.11
53,1,2,64.86
53,4,20,62.63
53,3,17,86.97
53,4,22,30.21
53,1,4,72.87
53,1,3,68.43
53,3,15,128.76
53,3,12,204.38
53,4,23,95.77
53,4,21,127.19
53,1,1,68.88
53,2,8,70.18
53,3,16,92.52
53,1,0,85.44
53,1,5,72.87
53,2,11,54.84
53,2,9,75.81
53,3,13,30.75
53,4,18,243.43
54,1,2,67.71
54,4,20,65.13
54,3,17,79.45
54,4,22,33.54
54,1,4,63.36
54,1,3,68.26
54,3,15,131.47
54,3,12,191.43
54,4,23,97.07
54,1,5,63.36
54,1,1,69.75
54,3,13,36.0
54,2,9,78.74
54,2,11,39.97
54,4,18,239.31
54,1,0,42.07
54,3,16,95.12
54,2,8,50.57
54,4,21,122.85
55,3,12,199.37
55,3,15,113.12
55,1,3,38.38
55,4,23,104.38
55,4,22,40.97
55,3,17,85.79
55,4,20,68.34
55,1,4,80.96
55,1,2,38.12
55,1,5,80.96
55,1,1,39.83
55,2,8,54.29
55,3,16,96.09
55,1,0,72.21
55,4,21,113.54
55,2,11,46.53
55,2,9,55.14
55,3,13,26.27
55,4,18,244.37
56,4,23,91.28
56,4,20,68.66
56,3,17,80.64
56,4,22,33.81
56,1,4,70.01
56,1,3,70.95
56,3,15,125.92
56,1,2,71.64
56,1,5,70.01
56,3,12,201.97
56,1,1,69.79
56,3,13,36.0
56,2,9,75.22
56,2,11,43.46
56,4,18,245.03
56,1,0,93.6
56,3,16,100.44
56,2,8,70.55
56,4,21,127.78
57,3,15,133.47
57,1,3,72.07
57,1,4,49.02
57,4,23,91.06
57,3,17,77.55
57,4,20,60.94
57,4,22,34.16
57,1,2,74.95
57,3,12,198.68
57,1,5,49.02
57,2,8,67.26
57,3,16,96.18
57,1,0,85.68
57,4,18,249.0
57,4,21,120.31
57,2,9,77.42
57,3,13,36.0
57,1,1,71.38
57,2,11,48.53
58,1,2,92.72
58,4,20,63.21
58,3,17,71.18
58,4,22,28.59
58,1,4,56.81
58,1,3,95.82
58,3,15,131.96
58,3,12,205.87
58,4,23,92.17
58,4,21,116.96
58,1,1,93.53
58,3,13,30.71
58,2,9,88.03
58,2,11,44.35
58,4,18,239.32
58,1,0,100.0
58,3,16,95.64
58,2,8,67.84
58,1,5,56.81
59,3,12,192.93
59,3,15,131.38
59,1,3,71.81
59,4,23,94.86
59,4,22,22.97
59,3,17,79.4
59,4,20,59.44
59,1,4,60.07
59,1,2,71.73
59,1,5,60.07
59,1,1,68.95
59,2,8,67.9
59,3,16,97.09
59,1,0,74.67
59,4,21,119.75
59,2,11,36.7
59,2,9,73.26
59,3,13,26.57
59,4,18,245.68
60,4,23,92.51
60,4,20,67.19
60,3,17,70.96
60,4,22,26.71
60,1,4,40.74
60,1,3,48.3
60,3,15,121.7
60,1,2,47.42
60,3,12,191.71
60,1,5,40.74
60,1,1,44.95
60,3,13,35.86
60,2,9,69.37
60,2,11,37.82
60,4,18,246.62
60,1,0,49.62
60,3,16,88.85
60,2,8,56.42
60,4,21,114.19
61,3,12,204.74
61,3,15,132.67
61,1,3,63.42
61,1,2,60.44
61,4,22,26.88
61,3,17,75.04
61,4,20,69.27
61,1,4,56.39
61,4,23,93.66
61,1,5,56.39
61,1,1,65.62
61,2,8,66.86
61,3,16,89.45
61,1,0,83.11
61,4,21,116.52
61,2,11,46.12
61,2,9,72.79
61,3,13,32.34
61,4,18,244.38
62,1,2,69.64
62,4,20,70.67
62,3,17,79.68
62,4,22,24.64
62,1,4,73.7
62,1,3,66.98
62,3,15,127.97
62,3,12,195.41
62,4,23,102.74
62,1,5,73.7
62,1,1,64.05
62,3,13,33.36
62,2,9,74.39
62,2,11,48.06
62,4,18,240.65
62,1,0,58.72
62,3,16,97.03
62,2,8,64.52
62,4,21,118.57
63,3,15,130.13
63,1,3,52.35
63,1,4,69.09
63,3,12,196.61
63,3,17,85.81
63,4,20,71.0
63,4,23,106.0
63,4,22,29.81
63,1,2,52.28
63,2,11,42.55
63,4,21,119.98
63,2,8,58.92
63,3,16,96.97
63,1,0,66.95
63,4,18,237.95
63,1,5,69.09
63,2,9,67.57
63,3,13,29.73
63,1,1,45.65
64,4,23,101.36
64,4,20,71.0
64,3,17,92.83
64,4,22,31.29
64,1,4,89.29
64,1,3,71.79
64,3,12,203.96
64,1,2,70.37
64,1,5,89.29
64,3,15,135.05
64,1,1,75.96
64,4,21,119.26
64,3,16,95.81
64,1,0,85.92
64,4,18,241.33
64,2,8,62.62
64,2,9,73.32
64,3,13,34.99
64,2,11,56.19
65,1,2,69.33
65,4,23,102.99
65,4,20,62.47
65,3,17,84.04
65,4,22,41.34
65,1,4,87.95
65,1,3,71.72
65,3,12,194.8
65,1,5,87.95
65,3,15,129.06
65,1,1,67.73
65,3,16,99.32
65,1,0,78.98
65,4,18,243.38
65,2,8,67.02
65,2,9,70.78
65,3,13,28.55
65,2,11,55.91
65,4,21,119.56
66,4,23,104.03
66,1,2,70.1
66,4,20,69.12
66,3,17,87.85
66,4,22,39.91
66,1,4,89.8
66,1,3,68.72
66,3,15,129.7
66,3,12,204.91
66,1,5,89.8
66,1,1,67.45
66,3,13,24.68
66,2,9,72.27
66,2,11,50.67
66,4,18,248.51
66,1,0,81.41
66,3,16,93.19
66,2,8,70.98
66,4,21,112.88
67,3,12,198.31
67,1,3,74.97
67,1,4,75.13
67,1,2,71.41
67,3,17,84.21
67,4,20,69.48
67,4,23,106.0
67,4,22,28.41
67,1,5,75.13
67,3,15,138.1
67,1,1,75.05
67,2,8,63.01
67,3,16,93.08
67,1,0,63.7
67,4,18,239.05
67,4,21,120.69
67,2,9,73.82
67,3,13,34.55
67,2,11,46.48
68,4,23,95.73
68,4,20,69.38
68,3,17,78.22
68,4,22,28.01
68,1,4,60.74
68,1,3,59.95
68,3,12,214.07
68,1,2,58.98
68,3,15,120.82
68,1,5,60.74
68,1,1,55.51
68,3,13,30.74
68,2,9,73.19
68,2,11,42.7
68,4,18,236.06
68,1,0,91.27
68,3,16,106.0
68,2,8,64.49
68,4,21,113.72
69,3,12,194.08
69,3,15,135.66
69,1,3,95.82
69,1,2,98.02
69,4,22,45.19
69,3,17,87.79
69,4,20,71.0
69,1,4,68.51
69,4,23,106.0
69,1,5,68.51
69,1,1,100.0
69,2,8,66.93
69,3,16,101.44
69,1,0,70.07
69,4,21,131.75
69,2,11,54.13
69,2,9,83.08
69,3,13,36.0
69,4,18,239.71
70,1,2,59.0
70,4,20,62.11
70,3,17,77.19
70,4,22,23.42
70,1,4,65.44
70,1,3,59.83
70,3,15,117.53
70,3,12,196.41
70,4,23,96.55
70,1,5,65.44
70,1,1,54.55
70,3,13,23.54
70,2,9,72.74
70,2,11,39.71
70,4,18,241.21
70,1,0,66.12
70,3,16,93.44
70,2,8,57.12
70,4,21,106.74
71,3,15,120.64
71,1,3,50.06
71,1,4,44.08
71,3,12,185.07
71,3,17,66.81
71,4,20,71.0
71,4,23,97.68
71,4,22,21.07
71,1,2,50.54
71,1,0,45.05
71,4,21,125.61
71,3,16,83.87
71,1,5,44.08
71,4,18,237.36
71,2,8,57.04
71,2,9,66.2
71,3,13,32.42
71,1,1,54.11
71,2,11,28.97
72,1,2,59.95
72,4,20,59.59
72,3,17,85.29
72,4,22,35.47
72,1,4,96.44
72,1,3,58.39
72,3,15,131.05
72,3,12,191.83
72,1,5,96.44
72,4,23,95.34
72,1,1,51.61
72,2,8,49.48
72,3,16,102.61
72,1,0,45.71
72,4,21,117.04
72,2,11,62.41
72,2,9,74.86
72,3,13,36.0
72,4,18,241.17
73,1,2,85.34
73,4,20,71.0
73,3,17,89.53
73,4,22,34.28
73,1,4,85.11
73,1,3,89.03
73,3,15,130.56
73,3,12,200.21
73,4,23,87.08
73,1,5,85.11
73,1,1,86.59
73,3,13,32.47
73,2,9,76.97
73,2,11,50.56
73,4,18,233.03
73,1,0,74.61
73,3,16,97.42
73,2,8,64.81
73,4,21,124.07
74,3,12,191.37
74,3,15,128.89
74,1,3,54.36
74,1,2,53.92
74,4,22,23.88
74,3,17,81.8
74,4,20,69.64
74,1,4,76.04
74,1,5,76.04
74,4,23,98.96
74,1,1,56.61
74,2,8,60.2
74,3,16,103.08
74,1,0,71.88
74,4,21,116.68
74,2,11,56.58
74,2,9,64.98
74,3,13,36.0
74,4,18,238.22
75,4,23,104.74
75,4,20,57.53
75,3,17,79.66
75,4,22,30.18
75,1,4,51.96
75,1,3,46.32
75,3,15,112.68
75,1,2,46.48
75,3,12,205.83
75,1,5,51.96
75,1,1,44.57
75,3,13,32.83
75,2,9,65.06
75,2,11,45.71
75,4,18,230.4
75,1,0,58.01
75,3,16,96.23
75,2,8,61.84
75,4,21,109.14
76,3,12,196.43
76,3,15,119.7
76,1,3,66.68
76,1,2,62.66
76,4,22,34.39
76,3,17,86.6
76,4,20,71.0
76,1,4,77.05
76,4,23,98.36
76,1,5,77.05
76,1,1,62.31
76,2,8,58.86
76,3,16,89.8
76,1,0,59.81
76,4,21,115.91
76,2,11,45.82
76,2,9,76.04
76,3,13,30.3
76,4,18,249.0
77,1,2,54.48
77,4,20,64.01
77,3,17,85.98
77,4,22,43.26
77,1,4,82.99
77,1,3,54.75
77,3,15,118.47
77,3,12,209.22
77,4,23,100.13
77,1,5,82.99
77,1,1,59.16
77,3,13,31.99
77,2,9,66.58
77,2,11,43.1
77,4,18,242.34
77,1,0,100.0
77,3,16,103.04
77,2,8,50.28
77,4,21,118.37
78,3,12,193.17
78,3,15,126.33
78,1,3,50.67
78,1,2,48.31
78,4,22,32.12
78,3,17,85.7
78,4,20,67.39
78,1,4,48.39
78,1,5,48.39
78,4,23,91.32
78,1,1,47.27
78,2,8,65.79
78,3,16,96.81
78,1,0,56.89
78,4,21,109.71
78,2,11,40.42
78,2,9,70.22
78,3,13,23.9
78,4,18,240.91
79,3,12,207.67
79,4,23,98.91
79,4,20,62.02
79,3,17,68.35
79,4,22,29.71
79,1,4,81.19
79,1,3,82.09
79,3,15,129.84
79,1,2,80.34
79,1,0,92.16
79,4,21,119.29
79,3,16,96.42
79,1,5,81.19
79,4,18,242.4
79,2,8,49.58
79,2,9,75.8
79,3,13,33.11
79,1,1,70.92
79,2,11,46.52
80,1,2,74.41
80,4,20,62.93
80,3,17,86.94
80,4,22,28.25
80,1,4,68.3
80,1,3,78.55
80,3,15,133.66
80,3,12,198.43
80,1,5,68.3
80,4,23,95.96
80,1,1,74.14
80,2,8,67.98
80,3,16,96.07
80,1,0,94.58
80,4,21,127.98
80,2,11,45.17
80,2,9,83.39
80,3,13,27.36
80,4,18,234.85
81,1,2,69.25
81,4,20,71.0
81,3,17,91.39
81,4,22,30.63
81,1,4,80.92
81,1,3,70.53
81,3,15,127.14
81,3,12,202.02
81,4,23,100.35
81,1,5,80.92
81,1,1,69.76
81,3,13,36.0
81,2,9,69.16
81,2,11,47.94
81,4,18,240.53
81,1,0,100.0
81,3,16,100.09
81,2,8,62.46
81,4,21,117.83
82,3,12,186.54
82,3,15,131.35
82,1,3,71.22
82,1,2,69.44
82,4,22,30.6
82,3,17,84.01
82,4,20,66.65
82,1,4,55.47
82,1,5,55.47
82,4,23,99.74
82,1,1,61.29
82,2,8,64.31
82,3,16,99.17
82,1,0,45.13
82,4,21,122.39
82,2,11,39.54
82,2,9,76.27
82,3,13,25.29
82,4,18,240.8
83,4,23,102.87
83,4,20,64.82
83,3,17,86.06
83,4,22,31.16
83,1,4,97.9
83,1,3,70.44
83,3,15,129.03
83,1,2,67.42
83,3,12,196.62
83,1,5,97.9
83,1,1,72.99
83,3,13,28.07
83,2,9,60.86
83,2,11,54.84
83,4,18,236.33
83,1,0,73.79
83,3,16,103.3
83,2,8,62.55
83,4,21,116.13
84,3,12,189.78
84,3,15,127.41
84,1,3,67.03
84,1,2,65.82
84,4,22,29.32
84,3,17,91.99
84,4,20,63.93
84,1,4,78.39
84,4,23,89.01
84,4,21,112.79
84,1,1,67.82
84,2,8,65.76
84,3,16,92.61
84,1,0,65.26
84,1,5,78.39
84,2,11,50.14
84,2,9,72.08
84,3,13,34.79
84,4,18,243.89
85,1,2,84.24
85,4,20,66.45
85,3,17,77.95
85,4,22,32.69
85,1,4,74.97
85,1,3,83.98
85,3,15,131.79
85,3,12,199.31
85,4,23,101.04
85,4,21,127.51
85,1,1,94.21
85,3,13,28.85
85,2,9,69.41
85,2,11,50.57
85,4,18,242.22
85,1,0,89.41
85,3,16,97.94
85,2,8,68.45
85,1,5,74.97
86,3,15,126.51
86,1,3,64.71
86,1,4,53.0
86,3,12,195.38
86,3,17,71.79
86,4,20,65.54
86,4,22,18.82
86,1,2,65.39
86,4,23,99.16
86,1,5,53.0
86,2,8,65.46
86,3,16,90.95
86,1,0,57.55
86,4,18,245.74
86,4,21,116.44
86,2,9,70.45
86,3,13,28.08
86,1,1,65.65
86,2,11,39.8
87,4,23,98.55
87,4,20,64.96
87,3,17,78.17
87,4,22,28.85
87,1,4,69.94
87,1,3,83.96
87,3,15,133.59
87,1,2,85.77
87,1,5,69.94
87,3,12,197.17
87,1,1,85.02
87,4,21,119.58
87,3,16,101.36
87,1,0,85.47
87,4,18,246.14
87,2,8,71.0
87,2,9,76.61
87,3,13,36.0
87,2,11,41.28
88,1,2,67.11
88,4,20,70.3
88,3,17,84.4
88,4,22,30.29
88,1,4,73.66
88,1,3,69.29
88,3,15,119.9
88,4,23,91.36
88,1,5,73.66
88,3,12,199.8
88,1,1,65.04
88,2,8,61.96
88,3,16,96.77
88,1,0,75.79
88,4,21,121.38
88,2,11,46.07
88,2,9,74.07
88,3,13,24.41
88,4,18,239.06
89,4,23,91.34
89,4,20,71.0
89,3,17,80.71
89,4,22,36.59
89,1,4,68.06
89,1,3,79.62
89,3,15,137.28
89,1,2,76.85
89,3,12,203.97
89,1,5,68.06
89,1,1,72.8
89,3,13,36.0
89,2,9,71.93
89,2,11,44.66
89,4,18,240.15
89,1,0,80.25
89,3,16,91.97
89,2,8,54.56
89,4,21,124.55
90,3,12,202.07
90,3,15,126.44
90,1,3,88.68
90,1,2,90.13
90,4,22,32.19
90,3,17,79.53
90,4,20,68.38
90,1,4,72.23
90,4,23,91.49
90,4,21,120.47
90,1,1,94.35
90,2,8,62.43
90,3,16,96.42
90,1,0,95.41
90,1,5,72.23
90,2,11,52.54
90,2,9,75.48
90,3,13,36.0
90,4,18,243.22
91,4,23,94.45
91,4,20,71.0
91,3,17,84.09
91,4,22,33.38
91,1,4,89.8
91,1,3,64.69
91,3,15,128.24
91,1,2,66.37
91,3,12,210.65
91,1,5,89.8
91,1,1,66.75
91,3,13,31.33
91,2,9,76.71
91,2,11,57.16
91,4,18,231.75
91,1,0,98.35
91,3,16,103.92
91,2,8,60.35
91,4,21,121.08
92,3,12,196.0
92,3,15,109.18
92,1,3,56.82
92,1,2,54.25
92,4,22,31.0
92,3,17,83.52
92,4,20,65.43
92,1,4,62.95
92,4,23,98.05
92,1,5,62.95
92,1,1,49.2
92,2,8,62.78
92,3,16,92.36
92,1,0,71.66
92,4,21,115.17
92,2,11,43.47
92,2,9,68.2
92,3,13,32.54
92,4,18,233.72
93,1,2,49.71
93,4,20,67.51
93,3,17,85.06
93,4,22,28.16
93,1,4,62.55
93,1,3,51.72
93,3,15,117.29
93,3,12,188.26
93,4,23,103.01
93,1,5,62.55
93,1,1,51.63
93,3,13,36.0
93,2,9,53.78
93,2,11,44.35
93,4,18,228.26
93,1,0,67.91
93,3,16,93.21
93,2,8,51.98
93,4,21,118.58
94,3,12,184.09
94,3,15,119.05
94,1,3,53.82
94,4,23,95.64
94,4,22,17.29
94,3,17,76.8
94,4,20,67.21
94,1,4,42.64
94,1,2,52.02
94,1,5,42.64
94,1,1,54.72
94,2,8,65.8
94,3,16,87.15
94,1,0,64.27
94,4,21,121.11
94,2,11,39.37
94,2,9,61.49
94,3,13,31.52
94,4,18,241.24
95,1,2,67.02
95,4,20,69.27
95,3,17,78.66
95,4,22,23.97
95,1,4,62.19
95,1,3,68.12
95,3,15,123.93
95,3,12,195.98
95,1,5,62.19
95,4,23,95.96
95,1,1,75.91
95,2,8,58.39
95,3,16,98.79
95,1,0,86.51
95,4,21,111.41
95,2,11,46.03
95,2,9,84.86
95,3,13,31.33
95,4,18,239.76
96,1,2,42.82
96,4,20,63.0
96,3,17,76.37
96,4,22,26.12
96,1,4,42.87
96,1,3,45.18
96,3,15,113.2
96,3,12,187.6
96,4,23,93.83
96,1,5,42.87
96,1,1,46.82
96,3,13,36.0
96,2,9,68.07
96,2,11,28.88
96,4,18,246.83
96,1,0,56.34
96,3,16,94.13
96,2,8,57.16
96,4,21,119.17
97,3,12,200.01
97,3,15,126.61
97,1,3,74.73
97,1,2,73.95
97,4,22,40.3
97,3,17,77.87
97,4,20,71.0
97,1,4,74.48
97,1,5,74.48
97,4,23,96.01
97,1,1,76.58
97,2,8,64.17
97,3,16,93.0
97,1,0,76.86
97,4,21,117.73
97,2,11,52.14
97,2,9,68.11
97,3,13,27.22
97,4,18,239.27
98,4,23,90.51
98,4,20,66.6
98,3,17,78.65
98,4,22,33.82
98,1,4,78.27
98,1,3,64.2
98,3,15,124.03
98,1,2,64.92
98,3,12,195.31
98,1,5,78.27
98,1,1,64.38
98,3,13,35.58
98,2,9,66.14
98,2,11,56.98
98,4,18,249.0
98,1,0,73.02
98,3,16,94.43
98,2,8,63.65
98,4,21,120.35
99,3,12,202.02
99,3,15,129.15
99,1,3,74.19
99,1,2,74.42
99,4,22,25.5
99,3,17,81.27
99,4,20,64.54
99,1,4,72.22
99,4,23,97.93
99,1,5,72.22
99,1,1,68.89
99,2,8,59.19
99,3,16,93.12
99,1,0,81.44
99,4,21,111.58
99,2,11,41.88
99,2,9,79.03
99,3,13,28.93
99,4,18,249.0
100,1,2,57.25
100,4,20,65.91
100,3,17,82.15
100,4,22,43.56
100,1,4,92.58
100,1,3,56.68
100,3,15,123.7
100,3,12,196.13
100,4,23,101.91
100,1,5,92.58
100,1,1,60.01
100,3,13,36.0
100,2,9,64.83
100,2,11,62.79
100,4,18,240.55
100,1,0,80.83
100,3,16,106.0
100,2,8,59.42
100,4,21,120.62
101,3,12,196.83
101,3,15,118.56
101,1,3,49.21
101,1,2,49.63
101,4,22,28.8
101,3,17,80.2
101,4,20,61.71
101,1,4,68.9
101,1,5,68.9
101,4,23,96.48
101,1,1,46.41
101,2,8,57.84
101,3,16,102.81
101,1,0,70.9
101,4,21,119.43
101,2,11,45.01
101,2,9,65.82
101,3,13,31.23
101,4,18,248.1
102,4,23,92.29
102,4,20,66.38
102,3,17,81.78
102,4,22,31.29
102,1,4,63.24
102,1,3,77.02
102,3,15,126.82
102,1,2,74.47
102,1,5,63.24
102,3,12,202.23
102,1,1,72.8
102,3,13,29.13
102,2,9,82.63
102,2,11,42.68
102,4,18,243.59
102,1,0,92.6
102,3,16,89.91
102,2,8,53.0
102,4,21,124.38
103,3,15,134.76
103,1,3,66.01
103,1,4,56.53
103,4,23,96.71
103,3,17,77.9
103,4,20,65.17
103,4,22,30.49
103,1,2,65.85
103,3,12,190.66
103,1,5,56.53
103,2,8,66.01
103,3,16,92.8
103,1,0,57.77
103,4,18,239.02
103,4,21,117.22
103,2,9,73.07
103,3,13,36.0
103,1,1,71.67
103,2,11,39.42
104,1,2,60.16
104,4,20,66.57
104,3,17,82.18
104,4,22,29.14
104,1,4,88.63
104,1,3,59.82
104,3,15,127.45
104,3,12,200.16
104,4,23,90.71
104,4,21,117.37
104,1,1,61.6
104,3,13,36.0
104,2,9,58.49
104,2,11,57.56
104,4,18,237.77
104,1,0,76.92
104,3,16,91.55
104,2,8,60.72
104,1,5,88.63
105,3,12,202.39
105,3,15,123.96
105,1,3,72.76
105,4,23,93.56
105,4,22,27.18
105,3,17,74.82
105,4,20,71.0
105,1,4,55.81
105,1,2,71.74
105,1,5,55.81
105,1,1,68.77
105,2,8,65.62
105,3,16,102.98
105,1,0,65.79
105,4,21,123.97
105,2,11,42.86
105,2,9,71.42
105,3,13,34.31
105,4,18,241.68
106,4,23,97.62
106,4,20,71.0
106,3,17,82.3
106,4,22,30.79
106,1,4,87.77
106,1,3,67.7
106,3,15,122.58
106,1,2,69.71
106,3,12,194.67
106,1,5,87.77
106,1,1,70.07
106,3,13,36.0
106,2,9,79.95
106,2,11,59.72
106,4,18,249.0
106,1,0,77.58
106,3,16,99.72
106,2,8,60.34
106,4,21,116.86
107,3,12,208.76
107,3,15,124.06
107,1,3,59.91
107,1,2,58.03
107,4,22,29.23
107,3,17,82.29
107,4,20,67.59
107,1,4,69.46
107,4,23,95.78
107,1,5,69.46
107,1,1,63.97
107,2,8,57.15
107,3,16,95.41
107,1,0,94.34
107,4,21,120.84
107,2,11,44.26
107,2,9,67.29
107,3,13,24.22
107,4,18,232.02
108,1,2,77.51
108,4,20,71.0
108,3,17,82.34
108,4,22,37.06
108,1,4,87.98
108,1,3,79.64
108,3,15,135.28
108,3,12,196.02
108,4,23,99.29
108,1,5,87.98
108,1,1,75.76
108,3,13,36.0
108,2,9,67.45
108,2,11,47.73
108,4,18,242.27
108,1,0,80.04
108,3,16,100.61
108,2,8,65.41
108,4,21,125.08
109,3,12,194.94
109,3,15,120.11
109,1,3,61.18
109,1,2,63.86
109,4,22,30.72
109,3,17,84.07
109,4,20,57.32
109,1,4,74.76
109,1,5,74.76
109,4,23,93.33
109,1,1,68.52
109,2,8,65.47
109,3,16,97.66
109,1,0,83.49
109,4,21,121.23
109,2,11,45.76
109,2,9,72.09
109,3,13,29.5
109,4,18,238.07
110,4,23,93.14
110,4,20,69.46
110,3,17,80.37
110,4,22,29.96
110,1,4,63.13
110,1,3,60.14
110,3,15,121.48
110,1,2,61.04
110,1,5,63.13
110,3,12,188.64
110,1,1,49.65
110,4,21,117.86
110,3,16,92.51
110,1,0,59.78
110,4,18,234.72
110,2,8,65.05
110,2,9,55.3
110,3,13,36.0
110,2,11,38.81
111,1,2,79.59
111,4,20,68.44
111,3,17,86.1
111,4,22,40.43
111,1,4,69.51
111,1,3,81.91
111,3,15,140.71
111,4,23,100.35
111,1,5,69.51
111,3,12,203.69
111,1,1,85.86
111,2,8,59.43
111,3,16,99.85
111,1,0,76.74
111,4,21,122.4
111,2,11,36.58
111,2,9,84.38
111,3,13,36.0
111,4,18,239.5
112,1,2,48.4
112,4,20,64.37
112,3,17,93.15
112,4,22,34.85
112,1,4,80.02
112,1,3,46.88
112,3,15,120.94
112,3,12,194.2
112,4,23,98.95
112,4,21,112.04
112,1,1,48.65
112,3,13,36.0
112,2,9,57.79
112,2,11,49.43
112,4,18,249.0
112,1,0,60.32
112,3,16,95.78
112,2,8,57.89
112,1,5,80.02
113,3,15,134.13
113,1,3,74.52
113,1,4,72.74
113,4,23,96.9
113,3,17,80.28
113,4,20,64.5
113,4,22,30.29
113,1,2,76.48
113,3,12,184.97
113,1,5,72.74
113,2,8,58.97
113,3,16,85.39
113,1,0,70.77
113,4,18,242.19
113,4,21,125.13
113,2,9,81.46
113,3,13,31.27
113,1,1,79.63
113,2,11,50.97
114,4,23,96.93
114,4,20,57.94
114,3,17,72.59
114,4,22,31.13
114,1,4,45.03
114,1,3,49.6
114,3,15,124.22
114,1,2,51.44
114,1,5,45.03
114,3,12,197.12
114,1,1,51.07
114,2,8,60.88
114,3,16,87.26
114,1,0,53.68
114,4,21,101.92
114,2,11,38.36
114,2,9,65.79
114,3,13,32.28
114,4,18,243.06
115,1,2,60.75
115,4,20,66.43
115,3,17,81.18
115,4,22,28.78
115,1,4,71.26
115,1,3,61.18
115,3,15,123.52
115,3,12,202.86
115,4,23,106.0
115,4,21,118.77
115,1,1,59.98
115,2,8,61.89
115,3,16,95.66
115,1,0,100.0
115,1,5,71.26
115,2,11,46.46
115,2,9,73.52
115,3,13,36.0
115,4,18,243.89
116,1,2,71.24
116,4,20,69.46
116,3,17,75.29
116,4,22,33.17
116,1,4,61.63
116,1,3,69.74
116,3,15,108.38
116,3,12,199.15
116,4,23,97.29
116,1,5,61.63
116,1,1,72.08
116,3,13,26.29
116,2,9,75.05
116,2,11,43.13
116,4,18,242.42
116,1,0,75.32
116,3,16,90.38
116,2,8,65.95
116,4,21,108.31
117,3,12,191.46
117,3,15,122.37
117,1,3,71.42
117,4,23,102.82
117,4,22,34.21
117,3,17,86.66
117,4,20,71.0
117,1,4,73.68
117,1,2,70.67
117,1,5,73.68
117,1,1,66.68
117,2,8,66.53
117,3,16,96.75
117,1,0,65.16
117,4,21,115.52
117,2,11,49.69
117,2,9,74.56
117,3,13,33.4
117,4,18,240.96
118,4,23,101.69
118,4,20,61.69
118,3,17,78.64
118,4,22,26.04
118,1,4,64.53
118,1,3,50.18
118,3,15,123.88
118,1,2,52.3
118,1,5,64.53
118,3,12,196.61
118,1,1,50.59
118,3,13,24.16
118,2,9,56.94
118,2,11,33.51
118,4,18,238.63
118,1,0,72.0
118,3,16,94.82
118,2,8,55.05
118,4,21,120.24
119,3,15,139.58
119,1,3,79.77
119,1,4,68.41
119,4,23,94.64
119,3,17,73.26
119,4,20,66.29
119,4,22,29.6
119,1,2,80.6
119,3,12,191.29
119,1,5,68.41
119,2,8,68.66
119,3,16,93.92
119,1,0,68.7
119,4,18,241.49
119,4,21,120.09
119,2,9,76.61
119,3,13,36.0
119,1,1,72.16
119,2,11,58.09
120,1,2,52.75
120,4,20,71.0
120,3,17,74.83
120,4,22,20.48
120,1,4,48.57
120,1,3,52.9
120,3,15,117.95
120,3,12,201.77
120,4,23,90.55
120,4,21,108.83
120,1,1,55.75
120,3,13,33.74
120,2,9,62.08
120,2,11,28.01
120,4,18,242.98
120,1,0,65.7
120,3,16,89.43
120,2,8,55.6
120,1,5,48.57
121,3,12,186.23
121,3,15,133.33
121,1,3,65.98
121,4,23,100.26
121,4,22,36.08
121,3,17,77.14
121,4,20,66.58
121,1,4,73.08
121,1,2,63.13
121,1,5,73.08
121,1,1,58.83
121,2,8,60.1
121,3,16,95.24
121,1,0,52.04
121,4,21,111.19
121,2,11,45.53
121,2,9,81.78
121,3,13,36.0
121,4,18,239.66
122,4,23,98.85
122,4,20,71.0
122,3,17,74.57
122,4,22,22.18
122,1,4,54.75
122,1,3,60.11
122,3,15,125.54
122,1,2,58.52
122,3,12,194.07
122,1,5,54.75
122,1,1,63.06
122,3,13,31.45
122,2,9,63.72
122,2,11,30.52
122,4,18,245.14
122,1,0,61.35
122,3,16,87.9
122,2,8,71.0
122,4,21,118.39
123,3,12,190.44
123,3,15,118.12
123,1,3,47.38
123,1,2,46.35
123,4,22,23.87
123,3,17,76.08
123,4,20,62.38
123,1,4,67.83
123,4,23,98.63
123,1,5,67.83
123,1,1,50.06
123,2,8,47.75
123,3,16,92.25
123,1,0,66.25
123,4,21,109.97
123,2,11,45.65
123,2,9,51.81
123,3,13,25.39
123,4,18,233.63
124,1,2,61.74
124,4,20,66.84
124,3,17,80.71
124,4,22,34.88
124,1,4,68.45
124,1,3,62.86
124,3,15,128.94
124,3,12,193.14
124,4,23,96.43
124,1,5,68.45
124,1,1,60.72
124,3,13,33.86
124,2,9,63.39
124,2,11,56.92
124,4,18,244.44
124,1,0,79.35
124,3,16,97.33
124,2,8,57.57
124,4,21,119.73
125,3,12,194.08
125,3,15,126.54
125,1,4,80.38
125,1,2,72.32
125,3,17,89.78
125,4,20,59.98
125,4,23,99.27
125,4,22,32.17
125,1,5,80.38
125,1,3,76.03
125,1,1,66.1
125,3,16,97.15
125,1,0,69.62
125,4,18,239.25
125,2,8,71.0
125,4,21,114.68
125,2,9,79.08
125,3,13,36.0
125,2,11,50.93
126,1,2,78.68
126,4,20,70.07
126,3,17,93.07
126,4,22,32.27
126,1,4,77.75
126,1,3,79.98
126,3,15,124.56
126,3,12,204.8
126,1,5,77.75
126,4,23,97.99
126,1,1,81.33
126,2,8,69.46
126,3,16,94.96
126,1,0,75.19
126,4,21,126.35
126,2,11,43.78
126,2,9,71.42
126,3,13,36.0
126,4,18,239.44
127,1,2,82.21
127,4,20,58.87
127,3,17,82.01
127,4,22,39.65
127,1,4,76.17
127,1,3,83.52
127,3,15,126.72
127,3,12,188.3
127,4,23,89.67
127,1,5,76.17
127,1,1,85.63
127,3,13,24.83
127,2,9,82.39
127,2,11,50.54
127,4,18,241.52
127,1,0,51.24
127,3,16,97.98
127,2,8,60.58
127,4,21,127.54
128,3,12,199.95
128,3,15,132.58
128,1,3,68.45
128,1,2,66.96
128,4,22,26.6
128,3,17,89.32
128,4,20,68.17
128,1,4,79.9
128,1,5,79.9
128,4,23,96.27
128,1,1,73.55
128,2,8,57.99
128,3,16,94.64
128,1,0,70.13
128,4,21,118.16
128,2,11,56.78
128,2,9,79.79
128,3,13,32.72
128,4,18,238.09
129,4,23,94.11
129,4,20,71.0
129,3,17,86.0
129,4,22,30.32
129,1,4,66.08
129,1,3,68.91
129,3,15,123.07
129,1,2,67.84
129,3,12,199.48
129,1,5,66.08
129,1,1,61.82
129,3,13,29.21
129,2,9,71.06
129,2,11,48.18
129,4,18,238.08
129,1,0,65.59
129,3,16,98.11
129,2,8,64.87
129,4,21,122.86
130,3,12,201.09
130,3,15,124.27
130,1,3,63.36
130,1,2,63.6
130,4,22,28.17
130,3,17,74.61
130,4,20,66.07
130,1,4,52.14
130,4,23,92.12
130,1,5,52.14
130,1,1,58.16
130,2,8,62.71
130,3,16,91.37
130,1,0,75.58
130,4,21,111.25
130,2,11,35.42
130,2,9,72.96
130,3,13,36.0
130,4,18,243.4
131,1,2,81.89
131,4,20,62.47
131,3,17,66.92
131,4,22,23.24
131,1,4,48.95
131,1,3,83.43
131,3,15,133.01
131,3,12,197.38
131,4,23,86.15
131,1,5,48.95
131,1,1,84.5
131,3,13,36.0
131,2,9,71.0
131,2,11,33.84
131,4,18,244.62
131,1,0,83.96
131,3,16,95.69
131,2,8,63.29
131,4,21,127.87
132,3,12,196.9
132,3,15,119.77
132,1,3,59.9
132,1,2,59.0
132,4,22,36.81
132,3,17,82.49
132,4,20,63.81
132,1,4,68.82
132,1,5,68.82
132,4,23,90.5
132,1,1,52.56
132,2,8,70.02
132,3,16,100.3
132,1,0,57.04
132,4,21,112.86
132,2,11,53.33
132,2,9,78.77
132,3,13,35.03
132,4,18,241.65
133,4,23,91.92
133,4,20,64.62
133,3,17,69.87
133,4,22,28.59
133,1,4,43.81
133,1,3,39.08
133,3,15,112.06
133,1,2,36.16
133,1,5,43.81
133,3,12,194.95
133,1,1,38.78
133,3,13,36.0
133,2,9,61.61
133,2,11,38.39
133,4,18,240.09
133,1,0,56.7
133,3,16,97.36
133,2,8,55.33
133,4,21,110.53
134,3,15,132.57
134,1,3,52.71
134,1,4,53.09
134,4,23,102.41
134,3,17,72.02
134,4,20,69.79
134,4,22,26.64
134,1,2,53.11
134,3,12,192.2
134,1,5,53.09
134,2,8,52.21
134,3,16,89.15
134,1,0,67.63
134,4,18,243.98
134,4,21,122.2
134,2,9,62.88
134,3,13,29.4
134,1,1,53.25
134,2,11,34.93
135,1,2,55.03
135,4,20,60.18
135,3,17,74.85
135,4,22,31.2
135,1,4,50.37
135,1,3,55.26
135,3,15,123.11
135,3,12,204.41
135,4,23,91.35
135,4,21,116.28
135,1,1,54.52
135,3,13,36.0
135,2,9,66.63
135,2,11,46.08
135,4,18,236.86
135,1,0,79.33
135,3,16,87.83
135,2,8,60.68
135,1,5,50.37
136,3,12,202.26
136,3,15,130.54
136,1,3,89.14
136,4,23,100.29
136,4,22,43.9
136,3,17,87.13
136,4,20,69.05
136,1,4,96.48
136,1,2,91.75
136,1,5,96.48
136,1,1,92.71
136,2,8,61.85
136,3,16,99.91
136,1,0,82.57
136,4,21,131.25
136,2,11,47.07
136,2,9,90.73
136,3,13,33.4
136,4,18,239.84
137,4,23,85.94
137,4,20,62.63
137,3,17,77.41
137,4,22,23.84
137,1,4,52.42
137,1,3,45.57
137,3,15,113.35
137,1,2,44.06
137,3,12,196.24
137,1,5,52.42
137,1,1,44.06
137,3,13,32.84
137,2,9,62.57
137,2,11,37.64
137,4,18,249.0
137,1,0,82.74
137,3,16,99.24
137,2,8,56.2
137,4,21,113.35
138,3,12,208.83
138,3,15,124.66
138,1,3,71.25
138,1,2,72.74
138,4,22,33.57
138,3,17,92.38
138,4,20,71.0
138,1,4,75.98
138,4,23,101.49
138,1,5,75.98
138,1,1,72.25
138,2,8,55.27
138,3,16,100.15
138,1,0,88.9
138,4,21,126.41
138,2,11,48.71
138,2,9,77.82
138,3,13,36.0
138,4,18,245.53
139,1,2,64.48
139,4,20,71.0
139,3,17,85.53
139,4,22,32.29
139,1,4,77.53
139,1,3,64.04
139,3,15,121.75
139,3,12,207.17
139,4,23,89.88
139,1,5,77.53
139,1,1,61.14
139,3,13,30.95
139,2,9,76.54
139,2,11,46.87
139,4,18,230.71
139,1,0,88.03
139,3,16,101.11
139,2,8,62.58
139,4,21,119.96
140,3,12,191.93
140,3,15,124.56
140,1,3,53.38
140,1,2,54.34
140,4,22,20.48
140,3,17,73.43
140,4,20,64.95
140,1,4,47.79
140,1,5,47.79
140,4,23,90.03
140,1,1,58.99
140,2,8,67.39
140,3,16,91.05
140,1,0,66.44
140,4,21,111.89
140,2,11,36.38
140,2,9,57.46
140,3,13,30.78
140,4,18,247.34
141,4,23,94.76
141,4,20,65.09
141,3,17,72.06
141,4,22,33.79
141,1,4,67.82
141,1,3,43.5
141,3,15,121.6
141,1,2,40.91
141,1,5,67.82
141,3,12,191.49
141,1,1,37.52
141,4,21,109.44
141,3,16,98.25
141,1,0,73.5
141,4,18,249.0
141,2,8,57.59
141,2,9,47.46
141,3,13,32.53
141,2,11,48.36
142,1,2,82.69
142,4,20,64.28
142,3,17,88.41
142,4,22,25.37
142,1,4,59.89
142,1,3,81.22
142,3,15,124.75
142,4,23,95.99
142,1,5,59.89
142,3,12,201.84
142,1,1,86.06
142,2,8,69.16
142,3,16,94.55
142,1,0,67.24
142,4,21,126.41
142,2,11,36.55
142,2,9,73.67
142,3,13,36.0
142,4,18,241.14
143,1,2,46.32
143,4,20,62.26
143,3,17,73.91
143,4,22,37.67
143,1,4,65.94
143,1,3,47.4
143,3,15,119.89
143,3,12,191.3
143,4,23,98.4
143,4,21,113.7
143,1,1,50.05
143,3,13,28.06
143,2,9,65.6
143,2,11,48.22
143,4,18,243.27
143,1,0,34.99
143,3,16,83.56
143,2,8,63.54
143,1,5,65.94
144,3,15,129.32
144,1,3,64.79
144,1,4,73.02
144,4,23,101.67
144,3,17,81.98
144,4,20,64.67
144,4,22,25.34
144,1,2,67.3
144,3,12,207.73
144,1,5,73.02
144,2,8,63.89
144,3,16,93.2
144,1,0,79.64
144,4,18,241.1
144,4,21,112.35
144,2,9,75.57
144,3,13,36.0
144,1,1,70.31
144,2,11,47.28
145,4,23,98.57
145,4,20,64.7
145,3,17,86.56
145,4,22,39.92
145,1,4,90.12
145,1,3,73.99
145,3,15,121.9
145,1,2,75.97
145,1,5,90.12
145,3,12,199.28
145,1,1,78.95
145,2,8,62.53
145,3,16,100.6
145,1,0,68.46
145,4,21,117.34
145,2,11,56.06
145,2,9,92.37
145,3,13,34.44
145,4,18,238.05
146,1,2,73.33
146,4,20,71.0
146,3,17,83.07
146,4,22,31.98
146,1,4,64.42
146,1,3,73.21
146,3,15,134.11
146,3,12,192.65
146,4,23,88.63
146,4,21,124.34
146,1,1,70.16
146,2,8,65.76
146,3,16,95.06
146,1,0,64.75
146,1,5,64.42
146,2,11,45.97
146,2,9,82.33
146,3,13,26.46
146,4,18,249.0
147,1,2,88.24
147,4,20,69.82
147,3,17,84.43
147,4,22,39.71
147,1,4,91.29
147,1,3,93.58
147,3,15,135.26
147,3,12,195.77
147,4,23,102.5
147,1,5,91.29
147,1,1,91.82
147,3,13,35.3
147,2,9,88.7
147,2,11,47.4
147,4,18,234.32
147,1,0,47.66
147,3,16,98.91
147,2,8,65.01
147,4,21,126.17
148,3,12,195.09
148,3,15,127.84
148,1,3,63.72
148,4,23,94.0
148,4,22,29.27
148,3,17,80.9
148,4,20,63.92
148,1,4,65.99
148,1,2,61.51
148,1,5,65.99
148,1,1,62.61
148,2,8,57.51
148,3,16,98.32
148,1,0,82.99
148,4,21,119.88
148,2,11,45.55
148,2,9,76.93
148,3,13,33.27
148,4,18,234.03
149,4,23,100.13
149,4,20,63.44
149,3,17,82.84
149,4,22,31.77
149,1,4,75.39
149,1,3,66.77
149,3,15,118.3
149,1,2,66.16
149,1,5,75.39
149,3,12,204.18
149,1,1,66.08
149,3,13,36.0
149,2,9,78.12
149,2,11,50.92
149,4,18,249.0
149,1,0,88.63
149,3,16,97.78
149,2,8,56.93
149,4,21,120.64
150,3,15,122.61
150,1,3,65.98
150,1,4,92.44
150,4,23,94.67
150,3,17,85.34
150,4,20,70.87
150,4,22,37.3
150,1,2,62.41
150,3,12,206.94
150,1,5,92.44
150,2,8,56.96
150,3,16,102.6
150,1,0,78.63
150,4,18,240.74
150,4,21,115.78
150,2,9,77.44
150,3,13,29.63
150,1,1,61.76
150,2,11,54.52
151,1,2,44.12
151,4,20,57.75
151,3,17,82.25
151,4,22,30.79
151,1,4,60.21
151,1,3,45.65
151,3,15,120.14
151,3,12,204.53
151,4,23,85.23
151,4,21,113.21
151,1,1,44.65
151,3,13,22.7
151,2,9,75.89
151,2,11,41.55
151,4,18,235.97
151,1,0,77.17
151,3,16,87.61
151,2,8,49.5
151,1,5,60.21
152,3,12,195.98
152,3,15,121.23
152,1,3,54.85
152,4,23,100.16
152,4,22,27.88
152,3,17,78.07
152,4,20,68.34
152,1,4,52.99
152,1,2,52.15
152,1,5,52.99
152,1,1,51.5
152,2,8,63.53
152,3,16,83.15
152,1,0,72.6
152,4,21,113.49
152,2,11,37.35
152,2,9,66.28
152,3,13,27.93
152,4,18,249.0
153,4,23,98.72
153,4,20,68.38
153,3,17,75.01
153,4,22,33.94
153,1,4,65.71
153,1,3,40.96
153,3,15,116.99
153,1,2,40.79
153,3,12,194.31
153,1,5,65.71
153,1,1,41.82
153,3,13,30.97
153,2,9,62.61
153,2,11,37.83
153,4,18,249.0
153,1,0,60.23
153,3,16,95.71
153,2,8,53.25
153,4,21,100.49
154,3,12,182.38
154,3,15,124.11
154,1,3,74.76
154,1,2,73.68
154,4,22,24.41
154,3,17,90.44
154,4,20,62.36
154,1,4,83.52
154,4,23,96.5
154,1,5,83.52
154,1,1,73.17
154,2,8,58.65
154,3,16,96.97
154,1,0,57.34
154,4,21,123.36
154,2,11,56.84
154,2,9,69.26
154,3,13,34.49
154,4,18,246.78
155,1,2,59.52
155,4,20,58.5
155,3,17,87.26
155,4,22,44.05
155,1,4,97.37
155,1,3,59.44
155,3,15,129.73
155,3,12,204.95
155,4,23,93.48
155,1,5,97.37
155,1,1,62.16
155,3,13,32.06
155,2,9,65.67
155,2,11,56.99
155,4,18,232.99
155,1,0,96.15
155,3,16,106.0
155,2,8,56.52
155,4,21,111.29
156,3,15,129.91
156,1,3,86.33
156,1,4,73.69
156,3,12,197.63
156,3,17,77.87
156,4,20,71.0
156,4,23,99.78
156,4,22,32.42
156,1,2,92.38
156,1,5,73.69
156,4,21,123.32
156,3,16,94.49
156,1,0,81.19
156,4,18,241.56
156,2,8,65.19
156,2,9,81.48
156,3,13,23.66
156,1,1,90.26
156,2,11,55.05
157,1,2,94.42
157,4,20,70.28
157,3,17,86.15
157,4,22,31.92
157,1,4,86.19
157,1,3,95.22
157,3,15,129.04
157,3,12,195.81
157,1,5,86.19
157,4,23,102.12
157,1,1,96.3
157,2,8,67.83
157,3,16,106.0
157,1,0,74.03
157,4,21,127.63
157,2,11,57.12
157,2,9,85.58
157,3,13,31.42
157,4,18,232.84
158,1,2,70.47
158,4,20,65.02
158,3,17,81.05
158,4,22,31.24
158,1,4,63.53
158,1,3,67.13
158,3,15,122.49
158,3,12,204.75
158,4,23,101.83
158,1,5,63.53
158,1,1,71.83
158,3,13,36.0
158,2,9,68.59
158,2,11,44.18
158,4,18,236.78
158,1,0,93.82
158,3,16,91.6
158,2,8,65.48
158,4,21,116.69
159,3,12,208.61
159,3,15,121.04
159,1,3,57.17
159,1,2,55.9
159,4,22,28.36
159,3,17,93.26
159,4,20,69.52
159,1,4,63.46
159,1,5,63.46
159,4,23,106.0
159,1,1,55.61
159,2,8,59.47
159,3,16,88.92
159,1,0,92.26
159,4,21,105.38
159,2,11,38.86
159,2,9,67.75
159,3,13,36.0
159,4,18,232.37
160,4,23,96.01
160,4,20,70.07
160,3,17,75.41
160,4,22,33.65
160,1,4,75.85
160,1,3,64.09
160,3,15,119.58
160,1,2,64.96
160,3,12,204.17
160,1,5,75.85
160,1,1,67.67
160,3,13,32.79
160,2,9,69.55
160,2,11,54.23
160,4,18,237.99
160,1,0,100.0
160,3,16,100.89
160,2,8,64.94
160,4,21,115.72
161,3,12,203.14
161,3,15,128.29
161,1,3,69.0
161,1,2,67.12
161,4,22,33.67
161,3,17,78.03
161,4,20,68.96
161,1,4,82.34
161,4,23,92.76
161,1,5,82.34
161,1,1,68.56
161,2,8,63.82
161,3,16,94.93
161,1,0,89.53
161,4,21,111.13
161,2,11,54.31
161,2,9,73.92
161,3,13,35.26
161,4,18,241.49
162,1,2,55.28
162,4,20,68.95
162,3,17,75.07
162,4,22,40.22
162,1,4,59.35
162,1,3,59.4
162,3,15,130.41
162,3,12,193.58
162,4,23,89.89
162,1,5,59.35
162,1,1,55.22
162,3,13,25.57
162,2,9,61.69
162,2,11,48.2
162,4,18,244.21
162,1,0,60.67
162,3,16,80.32
162,2,8,57.97
162,4,21,119.33
163,3,12,210.58
163,3,15,127.84
163,1,3,66.64
163,1,2,63.37
163,4,22,28.5
163,3,17,86.79
163,4,20,71.0
163,1,4,78.39
163,1,5,78.39
163,4,23,99.59
163,1,1,62.83
163,2,8,67.06
163,3,16,94.79
163,1,0,96.96
163,4,21,114.37
163,2,11,50.57
163,2,9,78.84
163,3,13,32.58
163,4,18,239.71
164,4,23,95.14
164,4,20,66.16
164,3,17,90.13
164,4,22,28.05
164,1,4,77.68
164,1,3,83.35
164,3,15,127.28
164,1,2,81.26
164,1,5,77.68
164,3,12,200.62
164,1,1,83.32
164,3,13,36.0
164,2,9,76.16
164,2,11,50.11
164,4,18,245.87
164,1,0,76.73
164,3,16,98.79
164,2,8,56.68
164,4,21,124.58
165,3,15,120.89
165,1,3,55.72
165,1,4,39.52
165,4,23,86.45
165,3,17,69.26
165,4,20,62.82
165,4,22,17.37
165,1,2,55.6
165,3,12,189.44
165,1,5,39.52
165,2,8,70.64
165,3,16,95.54
165,1,0,72.67
165,4,18,242.37
165,4,21,109.9
165,2,9,73.42
165,3,13,31.75
165,1,1,54.01
165,2,11,28.41
166,1,2,58.92
166,4,20,65.24
166,3,17,88.56
166,4,22,41.68
166,1,4,96.11
166,1,3,55.43
166,3,15,114.84
166,3,12,192.48
166,4,23,97.24
166,4,21,111.1
166,1,1,58.83
166,3,13,33.96
166,2,9,70.52
166,2,11,59.91
166,4,18,241.63
166,1,0,54.67
166,3,16,100.36
166,2,8,55.21
166,1,5,96.11
167,3,12,197.86
167,3,15,132.13
167,1,3,62.65
167,4,23,92.21
167,4,22,30.93
167,3,17,77.3
167,4,20,66.8
167,1,4,55.58
167,1,2,65.53
167,1,5,55.58
167,1,1,68.81
167,2,8,68.24
167,3,16,99.08
167,1,0,79.59
167,4,21,121.34
167,2,11,49.83
167,2,9,69.18
167,3,13,35.32
167,4,18,230.77
168,4,23,100.83
168,4,20,69.17
168,3,17,84.61
168,4,22,24.59
168,1,4,68.52
168,1,3,79.45
168,3,15,133.54
168,1,2,82.19
168,3,12,211.87
168,1,5,68.52
168,1,1,84.87
168,3,13,36.0
168,2,9,70.06
168,2,11,38.2
168,4,18,245.57
168,1,0,86.5
168,3,16,98.14
168,2,8,63.86
168,4,21,121.53
169,3,12,180.52
169,3,15,133.26
169,1,3,70.16
169,1,2,69.14
169,4,22,36.36
169,3,17,95.47
169,4,20,65.31
169,1,4,97.32
169,4,23,102.82
169,1,5,97.32
169,1,1,63.87
169,2,8,63.83
169,3,16,95.64
169,1,0,49.17
169,4,21,119.52
169,2,11,60.98
169,2,9,68.57
169,3,13,36.0
169,4,18,242.97
170,1,2,74.35
170,4,20,71.0
170,3,17,77.65
170,4,22,31.65
170,1,4,71.14
170,1,3,76.79
170,3,15,122.62
170,3,12,194.92
170,4,23,101.83
170,1,5,71.14
170,1,1,79.23
170,3,13,31.35
170,2,9,83.38
170,2,11,50.41
170,4,18,247.94
170,1,0,69.52
170,3,16,94.94
170,2,8,59.57
170,4,21,126.32
171,3,12,198.66
171,3,15,118.53
171,1,3,60.96
171,1,2,61.39
171,4,22,42.82
171,3,17,88.01
171,4,20,67.36
171,1,4,95.45
171,1,5,95.45
171,4,23,106.0
171,1,1,60.08
171,2,8,55.33
171,3,16,105.52
171,1,0,76.96
171,4,21,117.91
171,2,11,60.36
171,2,9,69.92
171,3,13,36.0
171,4,18,242.13
172,4,23,92.67
172,4,20,67.24
172,3,17,83.45
172,4,22,25.86
172,1,4,71.85
172,1,3,65.89
172,3,15,132.68
172,1,2,61.34
172,1,5,71.85
172,3,12,194.07
172,1,1,60.29
172,4,21,116.16
172,3,16,103.23
172,1,0,63.98
172,4,18,236.16
172,2,8,51.01
172,2,9,73.03
172,3,13,32.72
172,2,11,54.05
173,1,2,54.82
173,4,20,65.85
173,3,17,83.92
173,4,22,33.87
173,1,4,80.58
173,1,3,55.36
173,3,15,111.07
173,4,23,95.05
173,1,5,80.58
173,3,12,194.71
173,1,1,57.39
173,2,8,56.39
173,3,16,94.5
173,1,0,79.91
173,4,21,115.55
173,2,11,48.7
173,2,9,64.29
173,3,13,25.82
173,4,18,237.78
174,1,2,48.44
174,4,20,67.44
174,3,17,83.2
174,4,22,38.31
174,1,4,86.34
174,1,3,49.57
174,3,15,114.32
174,3,12,200.61
174,4,23,98.14
174,4,21,112.88
174,1,1,51.66
174,3,13,36.0
174,2,9,75.01
174,2,11,62.57
174,4,18,238.6
174,1,0,90.23
174,3,16,100.01
174,2,8,60.26
174,1,5,86.34
175,3,15,123.36
175,1,3,51.26
175,1,4,59.97
175,4,23,98.51
175,3,17,76.38
175,4,20,70.93
175,4,22,27.63
175,1,2,48.34
175,3,12,200.79
175,1,5,59.97
175,2,8,54.86
175,3,16,99.44
175,1,0,71.47
175,4,18,247.1
175,4,21,119.53
175,2,9,67.8
175,3,13,36.0
175,1,1,57.11
175,2,11,27.1
176,4,23,99.17
176,4,20,67.6
176,3,17,72.03
176,4,22,25.71
176,1,4,59.73
176,1,3,79.37
176,3,15,125.35
176,1,2,78.04
176,1,5,59.73
176,3,12,204.99
176,1,1,76.34
176,2,8,67.76
176,3,16,89.83
176,1,0,78.31
176,4,21,128.63
176,2,11,39.7
176,2,9,74.71
176,3,13,31.16
176,4,18,241.72
177,1,2,65.25
177,4,20,54.58
177,3,17,77.46
177,4,22,27.25
177,1,4,63.59
177,1,3,65.1
177,3,15,124.39
177,3,12,192.86
177,4,23,104.29
177,4,21,119.19
177,1,1,72.53
177,2,8,56.13
177,3,16,99.55
177,1,0,70.2
177,1,5,63.59
177,2,11,43.08
177,2,9,69.46
177,3,13,29.22
177,4,18,238.38
178,1,2,59.34
178,4,20,67.4
178,3,17,97.64
178,4,22,31.66
178,1,4,85.09
178,1,3,61.88
178,3,15,121.93
178,3,12,194.92
178,4,23,101.94
178,1,5,85.09
178,1,1,53.82
178,3,13,31.98
178,2,9,66.99
178,2,11,60.64
178,4,18,243.71
178,1,0,67.72
178,3,16,102.57
178,2,8,61.49
178,4,21,128.16
179,3,12,205.64
179,3,15,129.48
179,1,3,64.67
179,4,23,98.01
179,4,22,30.76
179,3,17,81.67
179,4,20,61.6
179,1,4,65.82
179,1,2,64.75
179,1,5,65.82
179,1,1,58.17
179,2,8,65.84
179,3,16,88.58
179,1,0,73.86
179,4,21,114.41
179,2,11,48.81
179,2,9,71.82
179,3,13,36.0
179,4,18,249.0
180,4,23,93.37
180,4,20,64.56
180,3,17,70.42
180,4,22,38.02
180,1,4,50.57
180,1,3,46.27
180,3,15,122.14
180,1,2,44.78
180,1,5,50.57
180,3,12,199.19
180,1,1,48.26
180,3,13,29.47
180,2,9,56.5
180,2,11,36.52
180,4,18,249.0
180,1,0,80.92
180,3,16,82.43
180,2,8,55.33
180,4,21,113.98
181,3,15,123.75
181,1,3,54.98
181,1,4,45.89
181,4,23,97.08
181,3,17,73.07
181,4,20,63.59
181,4,22,22.67
181,1,2,49.16
181,3,12,185.01
181,1,5,45.89
181,2,8,50.09
181,3,16,91.88
181,1,0,49.79
181,4,18,239.73
181,4,21,112.78
181,2,9,68.94
181,3,13,20.86
181,1,1,41.17
181,2,11,31.14
182,1,2,53.32
182,4,20,68.75
182,3,17,86.99
182,4,22,38.37
182,1,4,74.54
182,1,3,52.72
182,3,15,123.49
182,3,12,198.19
182,4,23,88.32
182,4,21,111.62
182,1,1,55.4
182,3,13,24.81
182,2,9,61.82
182,2,11,47.73
182,4,18,241.52
182,1,0,81.03
182,3,16,89.8
182,2,8,48.8
182,1,5,74.54
183,3,12,201.14
183,3,15,128.78
183,1,3,77.06
183,4,23,92.42
183,4,22,27.93
183,3,17,79.39
183,4,20,68.25
183,1,4,60.55
183,1,2,83.04
183,1,5,60.55
183,1,1,78.07
183,2,8,64.78
183,3,16,86.28
183,1,0,73.95
183,4,21,127.0
183,2,11,31.42
183,2,9,77.92
183,3,13,35.99
183,4,18,234.42
184,4,23,93.1
184,4,20,67.11
184,3,17,96.44
184,4,22,41.33
184,1,4,89.97
184,1,3,77.42
184,3,15,134.79
184,1,2,75.83
184,3,12,208.2
184,1,5,89.97
184,1,1,78.56
184,3,13,33.49
184,2,9,71.12
184,2,11,53.27
184,4,18,247.27
184,1,0,86.29
184,3,16,97.23
184,2,8,56.22
184,4,21,109.6
185,3,12,195.14
185,3,15,119.11
185,1,3,55.53
185,1,2,54.32
185,4,22,29.8
185,3,17,83.01
185,4,20,64.04
185,1,4,68.3
185,4,23,97.77
185,1,5,68.3
185,1,1,57.68
185,2,8,59.32
185,3,16,91.81
185,1,0,75.37
185,4,21,127.35
185,2,11,44.74
185,2,9,73.65
185,3,13,34.61
185,4,18,241.58
186,1,2,83.34
186,4,20,63.74
186,3,17,91.54
186,4,22,46.57
186,1,4,96.45
186,1,3,89.78
186,3,15,131.1
186,3,12,194.45
186,4,23,100.98
186,1,5,96.45
186,1,1,80.97
186,3,13,30.69
186,2,9,82.0
186,2,11,61.25
186,4,18,240.91
186,1,0,67.21
186,3,16,101.65
186,2,8,65.72
186,4,21,120.04
187,3,12,196.85
187,3,15,131.18
187,1,3,66.73
187,1,2,64.82
187,4,22,33.06
187,3,17,84.14
187,4,20,71.0
187,1,4,93.47
187,1,5,93.47
187,4,23,104.32
187,1,1,68.28
187,2,8,65.78
187,3,16,105.55
187,1,0,74.87
187,4,21,122.69
187,2,11,53.78
187,2,9,62.96
187,3,13,27.98
187,4,18,243.2
188,1,2,66.6
188,4,20,71.0
188,3,17,67.45
188,4,22,30.89
188,1,4,58.74
188,1,3,66.84
188,3,15,127.73
188,3,12,205.33
188,1,5,58.74
188,4,23,100.17
188,1,1,67.64
188,2,8,59.88
188,3,16,95.79
188,1,0,63.15
188,4,21,122.15
188,2,11,42.08
188,2,9,69.82
188,3,13,33.62
188,4,18,236.7
189,1,2,72.29
189,4,20,69.76
189,3,17,76.67
189,4,22,32.04
189,1,4,74.92
189,1,3,70.77
189,3,15,129.39
189,3,12,195.13
189,4,23,89.58
189,1,5,74.92
189,1,1,75.42
189,3,13,36.0
189,2,9,81.73
189,2,11,50.31
189,4,18,240.16
189,1,0,53.81
189,3,16,90.84
189,2,8,61.96
189,4,21,124.62
190,3,12,209.55
190,3,15,122.59
190,1,3,63.93
190,1,2,65.75
190,4,22,31.28
190,3,17,77.86
190,4,20,63.65
190,1,4,77.83
190,1,5,77.83
190,4,23,95.18
190,1,1,65.26
190,2,8,61.32
190,3,16,102.36
190,1,0,100.0
190,4,21,113.58
190,2,11,46.87
190,2,9,70.69
190,3,13,32.97
190,4,18,242.58
191,4,23,104.04
191,4,20,64.53
191,3,17,81.6
191,4,22,46.28
191,1,4,81.38
191,1,3,67.91
191,3,15,132.87
191,1,2,70.07
191,3,12,193.76
191,1,5,81.38
191,1,1,69.83
191,3,13,36.0
191,2,9,75.98
191,2,11,55.2
191,4,18,240.52
191,1,0,80.8
191,3,16,96.55
191,2,8,71.0
191,4,21,127.71
192,3,12,206.59
192,3,15,119.38
192,1,3,64.53
192,1,2,61.41
192,4,22,36.73
192,3,17,86.35
192,4,20,64.88
192,1,4,73.21
192,4,23,102.18
192,1,5,73.21
192,1,1,58.55
192,2,8,64.68
192,3,16,98.3
192,1,0,90.09
192,4,21,110.44
192,2,11,43.59
192,2,9,72.72
192,3,13,32.89
192,4,18,241.32
193,1,2,62.95
193,4,20,69.27
193,3,17,72.63
193,4,22,34.59
193,1,4,55.88
193,1,3,65.49
193,3,15,123.06
193,3,12,195.8
193,4,23,88.61
193,1,5,55.88
193,1,1,70.67
193,3,13,32.96
193,2,9,66.26
193,2,11,30.9
193,4,18,240.99
193,1,0,74.75
193,3,16,92.87
193,2,8,58.9
193,4,21,115.14
194,3,12,191.55
194,3,15,135.04
194,1,3,84.71
194,1,2,81.49
194,4,22,31.78
194,3,17,87.7
194,4,20,71.0
194,1,4,87.13
194,1,5,87.13
194,4,23,95.7
194,1,1,86.01
194,2,8,66.13
194,3,16,96.36
194,1,0,70.06
194,4,21,120.75
194,2,11,49.31
194,2,9,75.77
194,3,13,30.12
194,4,18,249.0
195,4,23,106.0
195,4,20,69.89
195,3,17,80.91
195,4,22,35.21
195,1,4,69.31
195,1,3,61.39
195,3,15,126.22
195,1,2,59.9
195,1,5,69.31
195,3,12,207.11
195,1,1,61.58
195,3,13,28.98
195,2,9,73.11
195,2,11,45.42
195,4,18,237.41
195,1,0,89.68
195,3,16,100.1
195,2,8,63.55
195,4,21,127.7
196,3,15,125.07
196,1,3,61.92
196,1,4,79.2
196,4,23,103.33
196,3,17,90.56
196,4,20,63.49
196,4,22,38.15
196,1,2,62.65
196,3,12,205.96
196,1,5,79.2
196,2,8,59.36
196,3,16,92.54
196,1,0,86.63
196,4,18,246.04
196,4,21,119.66
196,2,9,70.22
196,3,13,32.51
196,1,1,65.07
196,2,11,53.08
197,1,2,64.18
197,4,20,61.07
197,3,17,89.21
197,4,22,46.21
197,1,4,100.0
197,1,3,66.05
197,3,15,128.07
197,3,12,195.22
197,4,23,106.0
197,4,21,121.22
197,1,1,75.34
197,3,13,36.0
197,2,9,72.3
197,2,11,61.53
197,4,18,242.68
197,1,0,65.1
197,3,16,99.56
197,2,8,54.34
197,1,5,100.0
198,3,12,188.94
198,3,15,125.43
198,1,3,77.06
198,4,23,94.72
198,4,22,33.56
198,3,17,80.7
198,4,20,70.11
198,1,4,86.97
198,1,2,74.26
198,1,5,86.97
198,1,1,69.45
198,2,8,61.01
198,3,16,96.93
198,1,0,61.43
198,4,21,127.43
198,2,11,53.12
198,2,9,69.54
198,3,13,31.33
198,4,18,236.46
199,4,23,85.9
199,4,20,68.26
199,3,17,67.98
199,4,22,22.11
199,1,4,47.62
199,1,3,62.75
199,3,15,122.15
199,1,2,61.16
199,3,12,194.8
199,1,5,47.62
199,1,1,57.89
199,3,13,30.71
199,2,9,74.95
199,2,11,34.66
199,4,18,233.07
199,1,0,51.76
199,3,16,88.76
199,2,8,65.76
199,4,21,124.13
200,3,12,184.27
200,3,15,131.96
200,1,3,95.82
200,1,2,98.02
200,4,22,30.63
200,3,17,94.8
200,4,20,61.34
200,1,4,86.53
200,4,23,95.34
200,1,5,86.53
200,1,1,100.0
200,2,8,56.95
200,3,16,100.71
200,1,0,48.45
200,4,21,124.43
200,2,11,44.42
200,2,9,91.92
200,3,13,35.85
200,4,18,240.18
201,1,2,71.56
201,4,20,69.99
201,3,17,82.81
201,4,22,42.81
201,1,4,85.63
201,1,3,69.84
201,3,15,135.43
201,3,12,198.45
201,4,23,95.95
201,1,5,85.63
201,1,1,62.68
201,3,13,34.78
201,2,9,74.16
201,2,11,57.16
201,4,18,247.42
201,1,0,84.35
201,3,16,101.27
201,2,8,63.2
201,4,21,126.71
202,3,12,196.66
202,3,15,132.28
202,1,3,74.69
202,1,2,75.41
202,4,22,39.82
202,3,17,79.7
202,4,20,62.58
202,1,4,80.96
202,1,5,80.96
202,4,23,95.93
202,1,1,75.84
202,2,8,67.04
202,3,16,106.0
202,1,0,65.99
202,4,21,127.65
202,2,11,52.53
202,2,9,76.91
202,3,13,36.0
202,4,18,231.02
203,4,23,104.84
203,4,20,71.0
203,3,17,87.96
203,4,22,31.69
203,1,4,82.71
203,1,3,57.73
203,3,15,124.4
203,1,2,60.04
203,1,5,82.71
203,3,12,198.98
203,1,1,63.44
203,4,21,115.83
203,3,16,94.72
203,1,0,66.09
203,4,18,234.62
203,2,8,56.96
203,2,9,69.12
203,3,13,30.74
203,2,11,51.36
204,1,2,70.82
204,4,20,66.34
204,3,17,82.72
204,4,22,33.9
204,1,4,90.05
204,1,3,75.48
204,3,15,127.69
204,4,23,99.7
204,1,5,90.05
204,3,12,195.08
204,1,1,76.76
204,2,8,66.24
204,3,16,93.33
204,1,0,68.14
204,4,21,119.92
204,2,11,52.19
204,2,9,82.32
204,3,13,36.0
204,4,18,240.73
205,1,2,89.91
205,4,20,71.0
205,3,17,77.85
205,4,22,32.21
205,1,4,76.08
205,1,3,90.6
205,3,15,133.84
205,3,12,211.4
205,4,23,91.02
205,4,21,124.85
205,1,1,88.7
205,3,13,31.0
205,2,9,76.93
205,2,11,50.89
205,4,18,244.38
205,1,0,100.0
205,3,16,96.7
205,2,8,61.3
205,1,5,76.08
206,3,15,129.88
206,1,3,71.49
206,1,4,80.82
206,4,23,102.63
206,3,17,90.5
206,4,20,71.0
206,4,22,35.76
206,1,2,68.77
206,3,12,190.4
206,1,5,80.82
206,2,8,62.43
206,3,16,98.81
206,1,0,58.84
206,4,18,245.89
206,4,21,124.28
206,2,9,78.8
206,3,13,31.05
206,1,1,68.86
206,2,11,46.75
207,4,23,101.0
207,4,20,58.97
207,3,17,82.91
207,4,22,18.83
207,1,4,56.15
207,1,3,84.46
207,3,15,118.56
207,1,2,83.84
207,1,5,56.15
207,3,12,196.98
207,1,1,80.79
207,2,8,60.96
207,3,16,89.23
207,1,0,91.32
207,4,21,123.26
207,2,11,38.24
207,2,9,76.62
207,3,13,34.72
207,4,18,237.75
208,1,2,48.39
208,4,20,71.0
208,3,17,74.01
208,4,22,28.69
208,1,4,56.54
208,1,3,46.82
208,3,15,112.42
208,3,12,196.2
208,4,23,99.22
208,4,21,111.77
208,1,1,48.78
208,2,8,57.42
208,3,16,84.0
208,1,0,62.72
208,1,5,56.54
208,2,11,38.42
208,2,9,56.47
208,3,13,30.93
208,4,18,239.91
209,1,2,62.97
209,4,20,71.0
209,3,17,81.48
209,4,22,27.63
209,1,4,55.41
209,1,3,63.78
209,3,15,114.08
209,3,12,189.17
209,4,23,94.87
209,1,5,55.41
209,1,1,61.99
209,3,13,36.0
209,2,9,67.39
209,2,11,37.76
209,4,18,240.36
209,1,0,50.46
209,3,16,96.21
209,2,8,65.81
209,4,21,118.45
210,3,12,204.15
210,3,15,123.17
210,1,3,75.53
210,4,23,98.83
210,4,22,32.11
210,3,17,88.71
210,4,20,62.04
210,1,4,68.58
210,1,2,73.44
210,1,5,68.58
210,1,1,75.34
210,2,8,69.66
210,3,16,100.21
210,1,0,93.54
210,4,21,120.17
210,2,11,45.17
210,2,9,72.69
210,3,13,30.41
210,4,18,249.0
211,4,23,94.3
211,4,20,70.69
211,3,17,84.72
211,4,22,31.66
211,1,4,65.86
211,1,3,67.96
211,3,15,127.43
211,1,2,66.3
211,1,5,65.86
211,3,12,202.03
211,1,1,71.42
211,3,13,31.22
211,2,9,66.4
211,2,11,44.79
211,4,18,245.11
211,1,0,77.06
211,3,16,92.1
211,2,8,60.69
211,4,21,117.4
212,3,15,126.35
212,1,3,51.35
212,1,4,59.76
212,4,23,101.96
212,3,17,79.96
212,4,20,63.07
212,4,22,30.33
212,1,2,47.86
212,3,12,191.84
212,1,5,59.76
212,2,8,58.51
212,3,16,96.7
212,1,0,56.99
212,4,18,241.05
212,4,21,115.43
212,2,9,70.21
212,3,13,29.68
212,1,1,50.94
212,2,11,48.04
213,1,2,79.65
213,4,20,70.66
213,3,17,83.98
213,4,22,36.21
213,1,4,79.97
213,1,3,81.7
213,3,15,128.21
213,3,12,197.88
213,4,23,97.17
213,4,21,127.74
213,1,1,82.32
213,3,13,35.07
213,2,9,71.5
213,2,11,53.61
213,4,18,242.07
213,1,0,81.04
213,3,16,100.54
213,2,8,63.83
213,1,5,79.97
214,3,12,197.87
214,3,15,137.12
214,1,3,84.52
214,4,23,98.81
214,4,22,30.01
214,3,17,83.64
214,4,20,71.0
214,1,4,69.12
214,1,2,77.16
214,1,5,69.12
214,1,1,76.09
214,2,8,71.0
214,3,16,92.35
214,1,0,82.79
214,4,21,122.71
214,2,11,38.26
214,2,9,77.58
214,3,13,36.0
214,4,18,240.93
215,4,23,99.55
215,4,20,61.41
215,3,17,88.24
215,4,22,32.82
215,1,4,79.05
215,1,3,56.91
215,3,15,127.28
215,1,2,55.6
215,3,12,183.48
215,1,5,79.05
215,1,1,55.05
215,3,13,35.1
215,2,9,63.79
215,2,11,55.0
215,4,18,246.16
215,1,0,54.25
215,3,16,91.81
215,2,8,64.5
215,4,21,111.26
216,3,12,198.59
216,3,15,129.15
216,1,3,95.82
216,1,2,98.02
216,4,22,41.13
216,3,17,85.62
216,4,20,64.82
216,1,4,88.34
216,4,23,97.0
216,1,5,88.34
216,1,1,100.0
216,2,8,65.28
216,3,16,91.55
216,1,0,75.08
216,4,21,129.26
216,2,11,56.61
216,2,9,73.33
216,3,13,24.37
216,4,18,232.42
217,1,2,71.3
217,4,20,63.36
217,3,17,83.43
217,4,22,25.88
217,1,4,68.95
217,1,3,68.97
217,3,15,129.51
217,3,12,205.21
217,4,23,97.07
217,1,5,68.95
217,1,1,70.19
217,3,13,33.84
217,2,9,74.71
217,2,11,50.2
217,4,18,238.52
217,1,0,71.83
217,3,16,88.58
217,2,8,70.0
217,4,21,125.71
218,3,12,192.73
218,3,15,117.46
218,1,3,57.83
218,1,2,54.68
218,4,22,28.13
218,3,17,76.07
218,4,20,65.19
218,1,4,58.78
218,1,5,58.78
218,4,23,95.22
218,1,1,57.9
218,2,8,61.36
218,3,16,98.09
218,1,0,57.8
218,4,21,128.05
218,2,11,46.54
218,2,9,72.71
218,3,13,36.0
218,4,18,235.3
219,4,23,100.83
219,4,20,62.51
219,3,17,89.09
219,4,22,33.8
219,1,4,100.0
219,1,3,74.23
219,3,15,133.68
219,1,2,73.14
219,1,5,100.0
219,3,12,190.8
219,1,1,78.92
219,4,21,121.29
219,3,16,97.86
219,1,0,83.63
219,4,18,240.83
219,2,8,60.52
219,2,9,74.62
219,3,13,29.19
219,2,11,52.94
220,1,2,78.05
220,4,23,103.35
220,4,20,67.6
220,3,17,74.62
220,4,22,31.59
220,1,4,57.54
220,1,3,82.51
220,3,15,129.13
220,1,5,57.54
220,3,12,197.68
220,1,1,83.94
220,3,16,92.73
220,1,0,76.58
220,4,18,235.72
220,2,8,61.05
220,2,9,82.83
220,3,13,32.25
220,2,11,49.26
220,4,21,118.13
221,4,23,95.03
221,1,2,88.1
221,4,20,67.15
221,3,17,86.92
221,4,22,34.38
221,1,4,83.44
221,1,3,88.63
221,3,15,131.87
221,3,12,200.64
221,1,5,83.44
221,1,1,87.46
221,3,13,35.52
221,2,9,80.07
221,2,11,51.75
221,4,18,235.29
221,1,0,68.65
221,3,16,101.08
221,2,8,68.67
221,4,21,129.59
222,4,23,102.04
222,3,15,129.83
222,1,3,70.66
222,1,2,69.54
222,4,22,35.78
222,3,17,89.72
222,4,20,65.39
222,1,4,71.62
222,1,5,71.62
222,3,12,179.81
222,1,1,70.55
222,2,8,67.46
222,3,16,98.86
222,1,0,37.47
222,4,21,121.16
222,2,11,50.35
222,2,9,76.19
222,3,13,36.0
222,4,18,229.77
223,4,23,91.94
223,4,20,68.54
223,3,17,81.77
223,4,22,27.64
223,1,4,65.43
223,1,3,68.4
223,3,15,122.32
223,1,2,68.1
223,3,12,207.73
223,1,5,65.43
223,1,1,70.64
223,3,13,28.01
223,2,9,70.18
223,2,11,47.5
223,4,18,233.97
223,1,0,94.05
223,3,16,93.92
223,2,8,52.45
223,4,21,119.24
224,3,12,199.24
224,3,15,130.32
224,1,3,71.73
224,1,2,74.03
224,4,22,20.28
224,3,17,83.89
224,4,20,61.47
224,1,4,65.48
224,4,23,87.59
224,4,21,125.73
224,1,1,78.24
224,2,8,71.0
224,3,16,95.39
224,1,0,92.86
224,1,5,65.48
224,2,11,52.59
224,2,9,77.77
224,3,13,26.6
224,4,18,237.01
225,1,2,71.89
225,4,20,71.0
225,3,17,77.71
225,4,22,35.46
225,1,4,77.36
225,1,3,69.37
225,3,15,130.79
225,3,12,188.76
225,4,23,95.68
225,4,21,113.06
225,1,1,74.11
225,3,13,33.91
225,2,9,71.07
225,2,11,50.66
225,4,18,239.9
225,1,0,69.42
225,3,16,96.91
225,2,8,64.85
225,1,5,77.36
226,3,15,122.54
226,1,3,53.09
226,1,4,72.41
226,4,23,94.71
226,3,17,97.74
226,4,20,68.12
226,4,22,33.97
226,1,2,52.37
226,3,12,199.94
226,1,5,72.41
226,2,8,58.15
226,3,16,88.79
226,1,0,83.34
226,4,18,242.64
226,4,21,116.74
226,2,9,64.38
226,3,13,36.0
226,1,1,52.83
226,2,11,47.43
227,4,23,95.43
227,4,20,69.65
227,3,17,75.49
227,4,22,20.33
227,1,4,55.58
227,1,3,57.04
227,3,15,121.68
227,1,2,55.01
227,1,5,55.58
227,3,12,195.91
227,1,1,56.09
227,4,21,113.53
227,3,16,92.71
227,1,0,67.09
227,4,18,241.26
227,2,8,61.31
227,2,9,67.54
227,3,13,18.31
227,2,11,41.37
228,1,2,69.81
228,4,20,65.26
228,3,17,85.56
228,4,22,30.43
228,1,4,69.46
228,1,3,69.13
228,3,15,123.83
228,4,23,89.12
228,1,5,69.46
228,3,12,185.68
228,1,1,71.4
228,2,8,58.63
228,3,16,83.0
228,1,0,49.6
228,4,21,118.21
228,2,11,39.42
228,2,9,75.58
228,3,13,32.43
228,4,18,239.27
229,4,23,95.49
229,4,20,66.89
229,3,17,73.95
229,4,22,29.49
229,1,4,71.79
229,1,3,62.46
229,3,15,121.83
229,1,2,61.57
229,3,12,202.44
229,1,5,71.79
229,1,1,67.14
229,3,13,31.63
229,2,9,66.54
229,2,11,45.07
229,4,18,245.53
229,1,0,85.29
229,3,16,103.13
229,2,8,59.57
229,4,21,119.4
230,3,12,200.82
230,3,15,116.94
230,1,3,73.66
230,1,2,71.41
230,4,22,29.01
230,3,17,78.79
230,4,20,70.89
230,1,4,63.96
230,4,23,94.16
230,4,21,120.35
230,1,1,65.01
230,2,8,61.41
230,3,16,90.47
230,1,0,67.88
230,1,5,63.96
230,2,11,52.9
230,2,9,75.05
230,3,13,36.0
230,4,18,243.38
231,4,23,106.0
231,4,20,66.14
231,3,17,76.63
231,4,22,34.78
231,1,4,90.19
231,1,3,76.71
231,3,15,137.51
231,1,2,76.05
231,3,12,197.02
231,1,5,90.19
231,1,1,80.14
231,3,13,36.0
231,2,9,77.83
231,2,11,54.76
231,4,18,238.93
231,1,0,71.93
231,3,16,94.65
231,2,8,67.71
231,4,21,128.87
232,3,12,190.66
232,3,15,116.25
232,1,3,47.45
232,1,2,45.85
232,4,22,38.58
232,3,17,84.15
232,4,20,59.77
232,1,4,77.08
232,4,23,93.37
232,1,5,77.08
232,1,1,48.21
232,2,8,52.97
232,3,16,105.31
232,1,0,63.48
232,4,21,113.42
232,2,11,52.97
232,2,9,71.03
232,3,13,27.21
232,4,18,248.36
233,1,2,91.75
233,4,20,63.33
233,3,17,80.58
233,4,22,33.03
233,1,4,76.37
233,1,3,90.91
233,3,15,134.14
233,3,12,197.46
233,4,23,101.12
233,1,5,76.37
233,1,1,94.57
233,3,13,36.0
233,2,9,83.61
233,2,11,52.7
233,4,18,240.17
233,1,0,71.81
233,3,16,97.82
233,2,8,62.81
233,4,21,132.66
234,3,12,202.59
234,3,15,129.07
234,1,3,65.69
234,4,23,92.17
234,4,22,35.03
234,3,17,81.15
234,4,20,71.0
234,1,4,59.77
234,1,2,66.05
234,1,5,59.77
234,1,1,66.73
234,2,8,58.73
234,3,16,97.88
234,1,0,88.62
234,4,21,117.77
234,2,11,38.59
234,2,9,66.58
234,3,13,36.0
234,4,18,249.0
235,4,23,97.33
235,4,20,71.0
235,3,17,92.17
235,4,22,33.86
235,1,4,91.26
235,1,3,95.82
235,3,15,137.13
235,1,2,98.02
235,1,5,91.26
235,3,12,199.3
235,1,1,100.0
235,4,21,124.29
235,3,16,88.47
235,1,0,70.93
235,4,18,240.98
235,2,8,65.94
235,2,9,83.32
235,3,13,36.0
235,2,11,56.29
236,1,2,53.47
236,4,20,62.04
236,3,17,79.12
236,4,22,37.96
236,1,4,68.4
236,1,3,54.56
236,3,15,121.92
236,4,23,93.89
236,1,5,68.4
236,3,12,191.17
236,1,1,54.09
236,2,8,55.38
236,3,16,93.1
236,1,0,67.31
236,4,21,115.41
236,2,11,45.34
236,2,9,59.11
236,3,13,33.62
236,4,18,235.96
237,1,2,78.56
237,4,20,70.4
237,3,17,89.69
237,4,22,31.29
237,1,4,79.65
237,1,3,81.01
237,3,15,133.25
237,3,12,202.59
237,4,23,96.1
237,4,21,123.86
237,1,1,85.57
237,3,13,33.29
237,2,9,71.41
237,2,11,47.02
237,4,18,231.99
237,1,0,87.1
237,3,16,97.21
237,2,8,69.41
237,1,5,79.65
238,3,15,111.54
238,1,3,40.16
238,1,4,74.84
238,4,23,93.46
238,3,17,86.79
238,4,20,65.32
238,4,22,26.06
238,1,2,40.71
238,3,12,196.91
238,1,5,74.84
238,2,8,62.99
238,3,16,101.08
238,1,0,78.97
238,4,18,239.48
238,4,21,115.65
238,2,9,52.64
238,3,13,33.1
238,1,1,41.05
238,2,11,45.36
239,4,23,104.32
239,4,20,64.84
239,3,17,82.57
239,4,22,35.88
239,1,4,99.18
239,1,3,70.5
239,3,15,121.04
239,1,2,66.48
239,1,5,99.18
239,3,12,208.43
239,1,1,61.72
239,2,8,66.53
239,3,16,92.53
239,1,0,100.0
239,4,21,121.34
239,2,11,55.37
239,2,9,67.74
239,3,13,36.0
239,4,18,241.92
240,1,2,79.59
240,4,20,68.67
240,3,17,78.3
240,4,22,33.12
240,1,4,71.05
240,1,3,78.53
240,3,15,130.83
240,3,12,190.54
240,4,23,96.16
240,4,21,123.65
240,1,1,81.12
240,2,8,58.87
240,3,16,101.92
240,1,0,48.21
240,1,5,71.05
240,2,11,52.67
240,2,9,76.42
240,3,13,27.61
240,4,18,239.39
241,1,2,58.14
241,4,20,65.93
241,3,17,78.58
241,4,22,42.74
241,1,4,89.63
241,1,3,62.51
241,3,15,121.51
241,3,12,194.16
241,4,23,94.29
241,1,5,89.63
241,1,1,56.81
241,3,13,30.75
241,2,9,68.43
241,2,11,51.18
241,4,18,242.39
241,1,0,93.59
241,3,16,96.7
241,2,8,64.94
241,4,21,118.77
242,3,12,196.9
242,3,15,121.95
242,1,3,70.54
242,4,23,95.12
242,4,22,39.4
242,3,17,83.89
242,4,20,65.94
242,1,4,70.21
242,1,2,65.4
242,1,5,70.21
242,1,1,65.69
242,2,8,63.55
242,3,16,85.32
242,1,0,72.02
242,4,21,123.99
242,2,11,49.13
242,2,9,71.22
242,3,13,36.0
242,4,18,246.64
243,4,23,98.16
243,4,20,64.24
243,3,17,84.69
243,4,22,22.08
243,1,4,57.5
243,1,3,49.03
243,3,15,120.68
243,1,2,50.09
243,1,5,57.5
243,3,12,188.86
243,1,1,49.62
243,3,13,34.81
243,2,9,57.71
243,2,11,43.79
243,4,18,245.47
243,1,0,52.14
243,3,16,94.82
243,2,8,55.75
243,4,21,111.61
244,3,15,123.76
244,1,3,66.94
244,1,4,68.43
244,4,23,106.0
244,3,17,76.5
244,4,20,57.6
244,4,22,26.68
244,1,2,66.4
244,3,12,203.76
244,1,5,68.43
244,2,8,60.04
244,3,16,91.81
244,1,0,70.38
244,4,18,239.19
244,4,21,114.62
244,2,9,73.92
244,3,13,25.06
244,1,1,65.15
244,2,11,40.11
245,1,2,62.62
245,4,20,57.17
245,3,17,80.57
245,4,22,17.36
245,1,4,55.79
245,1,3,60.96
245,3,15,132.22
245,3,12,201.96
245,4,23,95.71
245,4,21,122.08
245,1,1,59.17
245,3,13,34.43
245,2,9,72.8
245,2,11,36.66
245,4,18,234.35
245,1,0,80.42
245,3,16,97.44
245,2,8,53.41
245,1,5,55.79
246,3,12,199.53
246,3,15,141.54
246,1,3,80.54
246,4,23,95.43
246,4,22,30.42
246,3,17,75.43
246,4,20,65.99
246,1,4,73.72
246,1,2,77.71
246,1,5,73.72
246,1,1,82.4
246,2,8,61.59
246,3,16,92.9
246,1,0,86.82
246,4,21,122.26
246,2,11,49.91
246,2,9,68.83
246,3,13,36.0
246,4,18,240.11
247,4,23,99.52
247,4,20,68.73
247,3,17,72.34
247,4,22,28.96
247,1,4,57.76
247,1,3,92.17
247,3,15,124.09
247,1,2,93.57
247,3,12,185.97
247,1,5,57.76
247,1,1,83.38
247,3,13,36.0
247,2,9,85.2
247,2,11,43.33
247,4,18,245.16
247,1,0,56.31
247,3,16,94.23
247,2,8,62.24
247,4,21,119.78
248,3,12,193.76
248,3,15,123.51
248,1,3,71.57
248,1,2,68.11
248,4,22,32.45
248,3,17,79.81
248,4,20,71.0
248,1,4,67.89
248,4,23,100.67
248,1,5,67.89
248,1,1,71.48
248,2,8,57.14
248,3,16,101.0
248,1,0,87.71
248,4,21,123.89
248,2,11,48.65
248,2,9,71.36
248,3,13,28.37
248,4,18,242.78
249,1,2,56.17
249,4,20,63.15
249,3,17,79.09
249,4,22,33.2
249,1,4,86.57
249,1,3,57.03
249,3,15,127.19
249,3,12,196.13
249,4,23,100.97
249,1,5,86.57
249,1,1,55.43
249,3,13,33.94
249,2,9,74.44
249,2,11,46.93
249,4,18,249.0
249,1,0,69.17
249,3,16,89.73
249,2,8,63.65
249,4,21,115.07
250,3,12,206.61
250,3,15,112.74
250,1,4,60.4
250,1,2,55.87
250,3,17,78.3
250,4,20,59.23
250,4,23,92.7
250,4,22,25.25
250,1,5,60.4
250,1,3,58.42
250,1,1,50.69
250,2,8,59.32
250,3,16,88.48
250,1,0,71.85
250,4,18,241.32
250,4,21,112.42
250,2,9,63.29
250,3,13,30.04
250,2,11,42.68
251,3,15,132.05
251,4,23,94.94
251,4,20,68.38
251,3,17,78.72
251,4,22,35.47
251,1,4,69.71
251,1,3,62.23
251,3,12,189.33
251,1,2,64.6
251,1,5,69.71
251,4,21,117.24
251,1,1,63.9
251,3,13,21.67
251,2,9,62.83
251,2,11,42.22
251,4,18,246.78
251,1,0,61.63
251,3,16,91.91
251,2,8,69.04
252,1,3,72.11
252,1,4,90.44
252,4,22,31.03
252,3,15,123.82
252,4,20,71.0
252,4,23,100.44
252,3,12,187.78
252,3,17,89.6
252,1,2,70.28
252,1,5,90.44
252,4,21,130.7
252,3,16,98.85
252,1,0,49.16
252,4,18,246.27
252,2,8,71.0
252,2,9,77.76
252,3,13,33.98
252,1,1,69.08
252,2,11,56.89
253,3,12,199.45
253,4,23,88.59
253,4,20,71.0
253,3,17,75.16
253,4,22,30.0
253,1,4,67.05
253,1,3,50.22
253,3,15,122.34
253,1,2,49.08
253,3,13,34.65
253,4,21,119.58
253,1,1,56.55
253,2,9,56.39
253,2,11,57.06
253,4,18,240.94
253,1,0,81.08
253,3,16,79.85
253,2,8,57.45
253,1,5,67.05
254,1,4,74.71
254,1,3,74.05
254,4,22,31.61
254,3,15,127.17
254,4,20,65.45
254,4,23,93.82
254,3,12,193.25
254,3,17,82.54
254,1,2,72.99
254,1,5,74.71
254,4,21,112.22
254,3,16,97.74
254,1,0,69.77
254,4,18,242.04
254,2,8,61.21
254,2,9,74.4
254,3,13,32.1
254,1,1,77.63
254,2,11,48.96
255,3,12,201.61
255,4,23,106.0
255,4,20,64.22
255,3,17,87.05
255,4,22,32.45
255,1,4,78.86
255,1,3,89.35
255,3,15,135.27
255,1,2,85.66
255,1,5,78.86
255,4,21,120.66
255,3,16,91.36
255,1,0,88.82
255,4,18,243.63
255,2,8,71.0
255,2,9,79.53
255,3,13,26.56
255,1,1,94.64
255,2,11,43.02
256,3,12,190.74
256,4,23,94.21
256,4,20,70.13
256,3,17,81.29
256,4,22,29.4
256,1,4,72.28
256,1,3,69.6
256,3,15,127.02
256,1,2,71.84
256,3,13,31.88
256,4,21,123.4
256,1,5,72.28
256,3,16,98.43
256,1,0,71.8
256,4,18,233.38
256,2,8,68.26
256,2,9,71.76
256,1,1,75.65
256,2,11,50.71
257,4,23,104.36
257,3,12,190.16
257,4,20,69.92
257,3,17,80.3
257,4,22,35.45
257,1,4,87.84
257,1,3,75.92
257,3,15,128.15
257,1,2,77.15
257,3,13,36.0
257,4,21,121.99
257,1,1,81.23
257,2,9,79.64
257,2,11,50.37
257,4,18,238.73
257,1,0,73.68
257,3,16,86.11
257,2,8,66.27
257,1,5,87.84
258,1,4,81.51
258,1,3,69.6
258,4,22,30.61
258,3,15,131.68
258,4,20,65.56
258,4,23,102.56
258,3,12,195.44
258,3,17,88.91
258,1,2,70.38
258,1,5,81.51
258,4,21,115.41
258,3,16,102.78
258,1,0,70.55
258,4,18,241.29
258,2,8,59.6
258,2,9,69.65
258,3,13,34.27
258,1,1,68.9
258,2,11,53.93
259,3,12,208.14
259,4,23,96.96
259,4,20,60.12
259,3,17,79.13
259,4,22,32.72
259,1,4,73.95
259,1,3,72.17
259,3,15,130.23
259,1,2,71.19
259,1,5,73.95
259,4,21,117.6
259,3,16,94.86
259,1,0,80.94
259,4,18,243.86
259,2,8,60.78
259,2,9,69.4
259,3,13,36.0
259,1,1,69.97
259,2,11,53.07
260,3,12,192.78
260,4,23,101.74
260,4,20,71.0
260,3,17,89.76
260,4,22,42.62
260,1,4,96.13
260,1,3,75.88
260,3,15,138.74
260,1,2,76.89
260,1,5,96.13
260,4,21,126.4
260,3,16,101.99
260,1,0,72.27
260,4,18,249.0
260,2,8,60.4
260,2,9,80.33
260,3,13,36.0
260,1,1,69.54
260,2,11,66.39
261,3,12,191.17
261,4,23,92.94
261,4,20,68.33
261,3,17,81.73
261,4,22,25.71
261,1,4,59.36
261,1,3,85.7
261,3,15,136.29
261,1,2,83.55
261,1,5,59.36
261,4,21,129.27
261,3,16,92.51
261,1,0,69.09
261,4,18,239.78
261,2,8,66.43
261,2,9,75.39
261,3,13,31.4
261,1,1,86.16
261,2,11,46.39
262,3,12,201.22
262,4,23,103.81
262,4,20,66.04
262,3,17,77.98
262,4,22,28.5
262,1,4,61.85
262,1,3,58.83
262,3,15,119.57
262,1,2,55.5
262,3,13,30.8
262,4,21,115.0
262,3,16,89.31
262,1,0,56.7
262,4,18,240.95
262,2,8,56.46
262,2,9,63.23
262,1,5,61.85
262,1,1,59.68
262,2,11,45.22
263,3,12,202.94
263,4,23,100.61
263,4,20,66.75
263,3,17,93.85
263,4,22,33.24
263,1,4,92.48
263,1,3,70.86
263,3,15,126.88
263,1,2,68.61
263,1,5,92.48
263,4,21,117.3
263,3,16,105.86
263,1,0,100.0
263,4,18,242.14
263,2,8,67.23
263,2,9,78.12
263,3,13,29.07
263,1,1,71.09
263,2,11,63.36
264,3,12,194.22
264,4,20,71.0
264,3,17,82.66
264,4,22,34.35
264,1,4,65.7
264,1,3,49.62
264,3,15,126.77
264,4,23,94.39
264,1,2,50.12
264,3,13,23.17
264,4,21,117.99
264,1,1,50.88
264,2,9,62.16
264,2,11,49.77
264,4,18,240.02
264,1,0,82.42
264,3,16,95.5
264,2,8,58.13
264,1,5,65.7
265,3,15,122.04
265,1,3,55.07
265,1,4,68.42
265,4,23,96.14
265,3,17,80.14
265,4,20,71.0
265,3,12,212.17
265,4,22,36.32
265,1,2,54.82
265,3,13,32.83
265,4,21,116.03
265,1,1,55.65
265,2,9,71.38
265,2,11,45.69
265,4,18,237.63
265,1,0,79.02
265,3,16,103.05
265,2,8,52.17
265,1,5,68.42
266,1,4,67.67
266,1,3,71.02
266,4,22,22.66
266,3,15,131.85
266,4,20,70.6
266,4,23,106.0
266,3,12,192.42
266,3,17,80.21
266,1,2,71.2
266,1,0,81.46
266,4,21,114.91
266,3,16,103.68
266,1,5,67.67
266,4,18,236.76
266,2,8,67.67
266,2,9,75.96
266,3,13,36.0
266,1,1,75.18
266,2,11,41.65
267,1,2,57.04
267,4,20,71.0
267,3,17,78.51
267,4,22,21.68
267,1,4,62.31
267,1,3,58.14
267,3,15,130.88
267,3,12,205.11
267,1,5,62.31
267,4,23,99.88
267,1,1,57.86
267,2,8,56.3
267,3,16,93.48
267,1,0,69.67
267,4,21,122.81
267,2,11,44.7
267,2,9,68.09
267,3,13,36.0
267,4,18,248.46
268,1,2,73.42
268,4,20,68.83
268,3,17,72.57
268,4,22,22.63
268,1,4,57.04
268,1,3,70.78
268,3,15,131.96
268,3,12,187.39
268,4,23,89.45
268,1,5,57.04
268,1,1,76.46
268,3,13,36.0
268,2,9,60.53
268,2,11,41.17
268,4,18,244.56
268,1,0,43.07
268,3,16,93.78
268,2,8,59.37
268,4,21,115.91
269,3,12,187.75
269,3,15,118.12
269,1,3,52.05
269,1,2,50.08
269,4,22,28.66
269,3,17,80.93
269,4,20,70.65
269,1,4,62.93
269,1,5,62.93
269,4,23,97.72
269,1,1,50.41
269,2,8,55.69
269,3,16,95.7
269,1,0,70.6
269,4,21,118.47
269,2,11,27.7
269,2,9,74.8
269,3,13,27.81
269,4,18,247.01
270,4,23,104.08
270,4,20,67.9
270,3,17,85.36
270,4,22,39.87
270,1,4,87.46
270,1,3,68.2
270,3,15,126.0
270,1,2,69.35
270,3,12,195.98
270,1,5,87.46
270,1,1,65.95
270,3,13,24.17
270,2,9,76.41
270,2,11,54.7
270,4,18,239.69
270,1,0,77.16
270,3,16,106.0
270,2,8,56.57
270,4,21,120.42
271,3,12,204.05
271,3,15,122.83
271,1,3,51.41
271,1,2,51.24
271,4,22,33.78
271,3,17,78.96
271,4,20,64.6
271,1,4,72.07
271,4,23,99.3
271,1,5,72.07
271,1,1,50.79
271,2,8,58.33
271,3,16,106.0
271,1,0,88.0
271,4,21,113.73
271,2,11,53.99
271,2,9,73.36
271,3,13,25.17
271,4,18,240.48
272,1,2,46.3
272,4,20,51.88
272,3,17,74.24
272,4,22,32.53
272,1,4,68.05
272,1,3,47.92
272,3,15,115.32
272,3,12,202.66
272,4,23,88.02
272,1,5,68.05
272,1,1,56.39
272,3,13,33.25
272,2,9,58.52
272,2,11,45.63
272,4,18,234.4
272,1,0,70.13
272,3,16,97.4
272,2,8,58.41
272,4,21,118.25
273,3,12,206.2
273,3,15,116.85
273,1,3,62.94
273,1,2,64.29
273,4,22,25.93
273,3,17,76.46
273,4,20,56.91
273,1,4,52.02
273,1,5,52.02
273,4,23,92.4
273,1,1,68.46
273,2,8,60.72
273,3,16,88.92
273,1,0,74.28
273,4,21,123.02
273,2,11,39.14
273,2,9,67.63
273,3,13,36.0
273,4,18,241.91
274,4,23,105.68
274,4,20,71.0
274,3,17,86.51
274,4,22,42.46
274,1,4,82.31
274,1,3,67.21
274,3,15,123.65
274,1,2,66.8
274,1,5,82.31
274,3,12,181.23
274,1,1,61.34
274,3,13,33.92
274,2,9,65.54
274,2,11,54.31
274,4,18,246.77
274,1,0,48.97
274,3,16,95.83
274,2,8,57.34
274,4,21,123.79
275,3,15,119.76
275,1,3,36.61
275,1,4,59.19
275,4,23,99.62
275,3,17,79.33
275,4,20,71.0
275,4,22,35.01
275,1,2,36.19
275,3,12,192.57
275,1,5,59.19
275,2,8,55.1
275,3,16,88.8
275,1,0,70.62
275,4,18,242.19
275,4,21,108.48
275,2,9,55.95
275,3,13,35.43
275,1,1,38.69
275,2,11,45.27
276,1,2,69.25
276,4,20,65.68
276,3,17,86.2
276,4,22,28.33
276,1,4,61.6
276,1,3,73.76
276,3,15,128.82
276,3,12,195.74
276,4,23,99.16
276,4,21,120.43
276,1,1,73.06
276,3,13,31.25
276,2,9,70.56
276,2,11,35.02
276,4,18,242.12
276,1,0,56.21
276,3,16,89.82
276,2,8,61.47
276,1,5,61.6
277,3,12,206.0
277,3,15,125.88
277,1,3,69.22
277,4,23,94.43
277,4,22,35.6
277,3,17,85.65
277,4,20,71.0
277,1,4,77.55
277,1,2,71.25
277,1,5,77.55
277,1,1,69.72
277,2,8,61.28
277,3,16,89.07
277,1,0,100.0
277,4,21,117.89
277,2,11,54.45
277,2,9,60.83
277,3,13,21.16
277,4,18,244.97
278,4,23,91.7
278,4,20,71.0
278,3,17,94.05
278,4,22,43.16
278,1,4,100.0
278,1,3,43.89
278,3,15,127.75
278,1,2,42.52
278,3,12,203.08
278,1,5,100.0
278,1,1,49.5
278,3,13,29.48
278,2,9,68.91
278,2,11,62.64
278,4,18,245.06
278,1,0,68.65
278,3,16,93.56
278,2,8,53.22
278,4,21,113.52
279,3,12,195.37
279,3,15,129.7
279,1,3,56.59
279,1,2,57.58
279,4,22,22.54
279,3,17,65.69
279,4,20,65.51
279,1,4,55.39
279,4,23,90.96
279,1,5,55.39
279,1,1,61.3
279,2,8,58.51
279,3,16,90.29
279,1,0,61.59
279,4,21,119.68
279,2,11,32.8
279,2,9,75.84
279,3,13,36.0
279,4,18,246.38
280,1,2,80.48
280,4,20,69.95
280,3,17,83.06
280,4,22,24.6
280,1,4,55.96
280,1,3,78.65
280,3,15,127.15
280,3,12,187.28
280,4,23,96.2
280,1,5,55.96
280,1,1,86.9
280,3,13,35.03
280,2,9,80.3
280,2,11,47.13
280,4,18,243.73
280,1,0,56.35
280,3,16,86.24
280,2,8,61.5
280,4,21,122.94
281,3,12,200.7
281,1,3,59.08
281,1,4,59.88
281,1,2,59.49
281,3,17,87.34
281,4,20,68.19
281,4,23,87.98
281,4,22,30.91
281,1,5,59.88
281,3,15,123.74
281,1,1,55.99
281,4,21,110.65
281,3,16,88.72
281,1,0,76.57
281,4,18,240.78
281,2,8,56.64
281,2,9,71.48
281,3,13,34.42
281,2,11,45.24
282,4,23,95.49
282,4,20,62.65
282,3,17,81.2
282,3,12,205.63
282,4,22,37.02
282,1,4,87.03
282,1,3,71.98
282,3,15,126.42
282,1,2,76.33
282,1,0,90.63
282,4,21,123.15
282,2,8,60.61
282,3,16,98.52
282,4,18,244.61
282,1,5,87.03
282,2,9,67.93
282,3,13,30.18
282,1,1,73.47
282,2,11,52.72
283,4,23,96.62
283,4,20,71.0
283,3,17,82.09
283,4,22,31.69
283,1,4,80.07
283,1,3,52.4
283,3,15,119.07
283,1,2,50.95
283,1,5,80.07
283,3,12,193.92
283,1,1,57.45
283,4,21,111.44
283,3,16,98.2
283,1,0,76.51
283,4,18,242.4
283,2,8,64.94
283,2,9,69.57
283,3,13,29.44
283,2,11,51.07
284,1,2,56.81
284,4,23,95.48
284,4,20,71.0
284,3,17,79.26
284,4,22,30.94
284,1,4,59.13
284,1,3,59.16
284,3,15,126.82
284,1,5,59.13
284,3,12,199.47
284,1,1,49.24
284,3,16,83.26
284,1,0,51.91
284,4,18,243.25
284,2,8,57.49
284,2,9,66.89
284,3,13,34.41
284,2,11,36.15
284,4,21,120.21
285,4,23,101.49
285,1,2,56.25
285,4,20,54.8
285,3,17,90.2
285,4,22,32.96
285,1,4,69.72
285,1,3,58.11
285,3,15,123.64
285,3,12,199.91
285,1,5,69.72
285,1,1,58.34
285,3,13,32.9
285,2,9,59.37
285,2,11,50.0
285,4,18,235.81
285,1,0,58.06
285,3,16,86.07
285,2,8,59.18
285,4,21,117.98
286,3,15,121.58
286,1,3,65.45
286,1,4,75.28
286,3,12,204.76
286,3,17,80.19
286,4,20,70.62
286,4,23,98.53
286,4,22,30.64
286,1,2,64.9
286,1,0,88.47
286,4,21,119.47
286,3,16,94.65
286,1,5,75.28
286,4,18,236.32
286,2,8,57.93
286,2,9,72.63
286,3,13,33.09
286,1,1,64.01
286,2,11,52.55
287,1,2,68.74
287,4,20,66.95
287,3,17,86.63
287,4,22,26.13
287,1,4,50.01
287,1,3,69.02
287,3,15,134.99
287,3,12,201.8
287,1,5,50.01
287,4,23,88.76
287,1,1,75.12
287,2,8,63.44
287,3,16,84.11
287,1,0,83.19
287,4,21,126.83
287,2,11,32.38
287,2,9,72.8
287,3,13,28.03
287,4,18,240.95
288,1,2,53.48
288,4,20,61.88
288,3,17,65.65
288,4,22,31.73
288,1,4,56.78
288,1,3,52.84
288,3,15,125.61
288,3,12,192.29
288,4,23,100.48
288,1,5,56.78
288,1,1,50.55
288,3,13,34.12
288,2,9,55.08
288,2,11,41.5
288,4,18,241.5
288,1,0,69.66
288,3,16,89.85
288,2,8,60.1
288,4,21,113.91
289,3,12,192.95
289,3,15,119.89
289,1,3,72.17
289,1,2,70.41
289,4,22,39.56
289,3,17,84.45
289,4,20,71.0
289,1,4,81.89
289,1,5,81.89
289,4,23,96.44
289,1,1,70.02
289,2,8,64.4
289,3,16,82.99
289,1,0,61.92
289,4,21,120.36
289,2,11,45.09
289,2,9,69.61
289,3,13,34.05
289,4,18,243.4
290,3,12,190.72
290,4,23,100.2
290,4,20,66.49
290,3,17,79.95
290,4,22,30.93
290,1,4,51.24
290,1,3,66.72
290,3,15,129.8
290,1,2,69.91
290,1,0,61.04
290,4,21,124.13
290,3,16,91.52
290,1,5,51.24
290,4,18,230.79
290,2,8,61.11
290,2,9,69.73
290,3,13,27.05
290,1,1,70.6
290,2,11,36.77
291,1,2,62.44
291,4,20,67.03
291,3,17,74.76
291,4,22,25.07
291,1,4,58.89
291,1,3,62.21
291,3,15,128.2
291,3,12,185.28
291,1,5,58.89
291,4,23,93.37
291,1,1,57.72
291,2,8,67.45
291,3,16,94.74
291,1,0,70.18
291,4,21,113.71
291,2,11,44.98
291,2,9,68.1
291,3,13,33.4
291,4,18,247.49
292,1,2,45.28
292,4,20,62.22
292,3,17,71.23
292,4,22,31.49
292,1,4,56.27
292,1,3,47.04
292,3,15,114.08
292,3,12,184.43
292,4,23,87.77
292,4,21,118.91
292,1,1,47.36
292,3,13,25.43
292,2,9,66.35
292,2,11,40.02
292,4,18,245.11
292,1,0,37.57
292,3,16,88.67
292,2,8,55.18
292,1,5,56.27
293,3,15,135.19
293,1,3,95.82
293,1,4,79.11
293,3,12,199.62
293,3,17,77.51
293,4,20,63.84
293,4,22,33.52
293,1,2,96.1
293,4,23,95.83
293,1,5,79.11
293,2,8,55.25
293,3,16,95.36
293,1,0,85.27
293,4,18,247.82
293,4,21,121.77
293,2,9,80.18
293,3,13,36.0
293,1,1,99.71
293,2,11,49.04
294,4,23,105.23
294,4,20,62.06
294,3,17,84.97
294,4,22,42.71
294,1,4,90.88
294,1,3,94.56
294,3,15,133.77
294,1,2,88.32
294,1,5,90.88
294,3,12,200.75
294,1,1,87.19
294,2,8,67.22
294,3,16,94.22
294,1,0,81.61
294,4,21,129.03
294,2,11,54.58
294,2,9,87.39
294,3,13,30.95
294,4,18,238.61
295,1,2,38.69
295,4,20,66.84
295,3,17,79.08
295,4,22,24.58
295,1,4,49.8
295,1,3,38.82
295,3,15,121.97
295,3,12,194.63
295,4,23,92.71
295,4,21,105.4
295,1,1,36.19
295,2,8,61.19
295,3,16,88.43
295,1,0,64.75
295,1,5,49.8
295,2,11,39.53
295,2,9,61.28
295,3,13,31.23
295,4,18,235.25
296,1,2,75.15
296,4,20,70.56
296,3,17,83.51
296,4,22,35.24
296,1,4,86.22
296,1,3,74.45
296,3,15,128.49
296,3,12,202.94
296,4,23,97.29
296,1,5,86.22
296,1,1,83.02
296,3,13,36.0
296,2,9,80.34
296,2,11,44.93
296,4,18,237.29
296,1,0,77.43
296,3,16,95.36
296,2,8,71.0
296,4,21,119.4
297,3,12,200.17
297,3,15,118.5
297,1,3,52.42
297,4,23,103.91
297,4,22,31.48
297,3,17,82.88
297,4,20,65.64
297,1,4,74.65
297,1,2,51.81
297,1,5,74.65
297,1,1,56.69
297,2,8,58.21
297,3,16,93.41
297,1,0,80.23
297,4,21,114.26
297,2,11,40.61
297,2,9,70.01
297,3,13,30.14
297,4,18,231.4
298,1,2,58.88
298,4,20,71.0
298,3,17,85.79
298,4,22,19.61
298,1,4,52.22
298,1,3,60.43
298,3,15,130.56
298,3,12,197.56
298,1,5,52.22
298,4,23,106.0
298,1,1,55.63
298,2,8,55.74
298,3,16,92.08
298,1,0,70.71
298,4,21,118.52
298,2,11,34.48
298,2,9,71.77
298,3,13,33.64
298,4,18,239.95
299,1,2,65.49
299,4,20,62.76
299,3,17,87.36
299,4,22,30.52
299,1,4,82.85
299,1,3,66.22
299,3,15,131.77
299,3,12,207.41
299,4,23,102.42
299,1,5,82.85
299,1,1,68.76
299,3,13,36.0
299,2,9,70.22
299,2,11,60.1
299,4,18,243.13
299,1,0,100.0
299,3,16,92.95
299,2,8,60.9
299,4,21,119.01
300,3,12,212.78
300,3,15,130.52
300,1,3,83.67
300,1,2,82.02
300,4,22,37.64
300,3,17,81.66
300,4,20,66.55
300,1,4,93.7
300,1,5,93.7
300,4,23,106.0
300,1,1,80.44
300,2,8,64.85
300,3,16,106.0
300,1,0,79.94
300,4,21,113.1
300,2,11,59.13
300,2,9,84.95
300,3,13,35.69
300,4,18,247.42
301,4,23,99.56
301,4,20,61.75
301,3,17,82.7
301,4,22,27.95
301,1,4,70.11
301,1,3,59.15
301,3,15,119.83
301,1,2,58.49
301,3,12,203.66
301,1,5,70.11
301,1,1,55.01
301,3,13,32.38
301,2,9,69.93
301,2,11,45.73
301,4,18,238.53
301,1,0,77.15
301,3,16,92.39
301,2,8,53.94
301,4,21,115.9
302,3,12,191.99
302,3,15,119.27
302,1,3,45.8
302,1,2,45.69
302,4,22,17.25
302,3,17,77.2
302,4,20,71.0
302,1,4,62.3
302,4,23,99.07
302,1,5,62.3
302,1,1,45.96
302,2,8,50.95
302,3,16,88.33
302,1,0,45.46
302,4,21,115.87
302,2,11,32.95
302,2,9,63.97
302,3,13,29.56
302,4,18,237.83
303,1,2,49.72
303,4,20,65.37
303,3,17,68.03
303,4,22,21.44
303,1,4,43.89
303,1,3,48.52
303,3,15,125.68
303,3,12,196.1
303,4,23,99.5
303,1,5,43.89
303,1,1,48.47
303,3,13,34.85
303,2,9,61.49
303,2,11,31.61
303,4,18,237.5
303,1,0,62.28
303,3,16,90.62
303,2,8,58.58
303,4,21,117.86
304,3,12,195.45
304,3,15,111.94
304,1,3,49.9
304,1,2,48.9
304,4,22,36.72
304,3,17,82.67
304,4,20,65.56
304,1,4,73.69
304,1,5,73.69
304,4,23,95.74
304,1,1,47.74
304,2,8,50.13
304,3,16,96.86
304,1,0,75.91
304,4,21,113.04
304,2,11,47.95
304,2,9,56.59
304,3,13,27.55
304,4,18,237.85
305,4,23,94.46
305,4,20,67.61
305,3,17,74.85
305,4,22,26.0
305,1,4,73.74
305,1,3,60.65
305,3,15,130.69
305,1,2,59.3
305,1,5,73.74
305,3,12,187.44
305,1,1,61.1
305,3,13,32.64
305,2,9,72.05
305,2,11,54.02
305,4,18,239.98
305,1,0,58.94
305,3,16,92.06
305,2,8,57.84
305,4,21,115.35
306,3,15,128.07
306,1,3,70.3
306,1,4,83.24
306,4,23,90.08
306,3,17,84.76
306,4,20,64.08
306,4,22,33.0
306,1,2,64.48
306,3,12,206.76
306,1,5,83.24
306,2,8,59.61
306,3,16,96.11
306,1,0,100.0
306,4,18,245.31
306,4,21,119.04
306,2,9,60.18
306,3,13,35.47
306,1,1,66.1
306,2,11,47.31
307,1,2,75.01
307,4,20,71.0
307,3,17,88.8
307,4,22,33.4
307,1,4,87.82
307,1,3,76.15
307,3,15,122.42
307,3,12,184.12
307,4,23,95.45
307,4,21,129.33
307,1,1,74.08
307,3,13,29.87
307,2,9,73.13
307,2,11,56.43
307,4,18,242.4
307,1,0,60.63
307,3,16,98.49
307,2,8,63.37
307,1,5,87.82
308,3,12,212.11
308,3,15,125.57
308,1,3,70.29
308,4,23,88.34
308,4,22,31.09
308,3,17,79.35
308,4,20,71.0
308,1,4,52.44
308,1,2,68.66
308,1,5,52.44
308,1,1,67.53
308,2,8,67.13
308,3,16,93.32
308,1,0,96.85
308,4,21,125.19
308,2,11,40.71
308,2,9,76.44
308,3,13,27.27
308,4,18,228.98
309,4,23,93.14
309,4,20,71.0
309,3,17,75.98
309,4,22,29.78
309,1,4,59.79
309,1,3,73.92
309,3,15,130.22
309,1,2,71.98
309,3,12,200.05
309,1,5,59.79
309,1,1,74.77
309,3,13,34.36
309,2,9,83.63
309,2,11,45.77
309,4,18,240.87
309,1,0,75.09
309,3,16,91.99
309,2,8,65.21
309,4,21,124.71
310,3,12,195.83
310,3,15,125.07
310,1,3,71.77
310,1,2,74.51
310,4,22,24.97
310,3,17,72.02
310,4,20,71.0
310,1,4,65.03
310,4,23,97.75
310,1,5,65.03
310,1,1,81.32
310,2,8,48.69
310,3,16,97.5
310,1,0,72.02
310,4,21,117.28
310,2,11,47.55
310,2,9,72.75
310,3,13,27.8
310,4,18,241.27
311,1,2,56.51
311,4,20,66.8
311,3,17,83.98
311,4,22,31.6
311,1,4,67.58
311,1,3,55.2
311,3,15,131.31
311,3,12,193.91
311,4,23,101.94
311,1,5,67.58
311,1,1,48.41
311,3,13,34.42
311,2,9,69.13
311,2,11,47.75
311,4,18,246.08
311,1,0,73.2
311,3,16,99.74
311,2,8,64.16
311,4,21,128.6
312,3,12,208.57
312,3,15,117.31
312,1,3,51.69
312,1,2,51.63
312,4,22,40.28
312,3,17,77.63
312,4,20,69.9
312,1,4,75.65
312,1,5,75.65
312,4,23,102.89
312,1,1,54.83
312,3,13,32.19
312,2,9,65.74
312,2,11,55.08
312,4,18,235.81
312,1,0,80.8
312,3,16,96.33
312,2,8,49.65
312,4,21,114.03
313,3,15,122.94
313,1,3,89.08
313,1,4,60.74
313,4,23,98.56
313,3,12,198.88
313,3,17,81.2
313,4,20,71.0
313,4,22,25.42
313,1,2,84.87
313,1,0,82.62
313,4,21,124.55
313,2,8,63.65
313,3,16,88.04
313,4,18,244.66
313,1,5,60.74
313,2,9,80.41
313,3,13,36.0
313,1,1,83.98
313,2,11,47.11
314,4,23,94.15
314,4,20,65.26
314,3,17,71.82
314,4,22,33.36
314,1,4,67.77
314,1,3,66.3
314,3,15,122.21
314,1,2,66.01
314,1,5,67.77
314,3,12,197.03
314,1,1,57.87
314,4,21,117.45
314,3,16,104.32
314,1,0,81.58
314,4,18,241.97
314,2,8,67.33
314,2,9,65.07
314,3,13,30.31
314,2,11,44.88
315,1,2,58.95
315,4,23,92.5
315,4,20,64.88
315,3,17,79.35
315,4,22,31.29
315,1,4,69.57
315,1,3,60.73
315,3,15,123.21
315,1,5,69.57
315,3,12,198.98
315,1,1,55.41
315,3,16,92.01
315,1,0,60.21
315,4,18,245.6
315,2,8,58.89
315,2,9,69.87
315,3,13,23.38
315,2,11,47.38
315,4,21,108.64
316,4,23,106.0
316,1,2,64.18
316,4,20,65.82
316,3,17,92.09
316,4,22,43.08
316,1,4,90.17
316,1,3,62.39
316,3,15,121.46
316,3,12,210.57
316,1,5,90.17
316,1,1,68.68
316,3,13,36.0
316,2,9,69.96
316,2,11,57.48
316,4,18,240.85
316,1,0,96.52
316,3,16,91.55
316,2,8,54.59
316,4,21,114.06
317,3,15,139.66
317,1,3,94.2
317,1,4,83.23
317,1,2,91.26
317,3,17,82.11
317,4,20,70.8
317,4,23,97.98
317,4,22,36.87
317,1,5,83.23
317,3,12,194.74
317,1,1,91.06
317,2,8,66.73
317,3,16,100.49
317,1,0,68.89
317,4,18,229.85
317,4,21,127.97
317,2,9,83.09
317,3,13,31.11
317,2,11,39.58
318,4,23,104.36
318,4,20,67.45
318,3,17,77.6
318,4,22,22.61
318,1,4,72.72
318,1,3,66.97
318,3,12,200.82
318,1,2,63.99
318,3,15,127.51
318,1,5,72.72
318,1,1,69.66
318,3,13,33.14
318,2,9,75.06
318,2,11,39.43
318,4,18,237.39
318,1,0,96.73
318,3,16,102.96
318,2,8,62.15
318,4,21,122.01
319,3,12,201.17
319,3,15,123.51
319,1,3,63.04
319,1,2,63.23
319,4,22,32.6
319,3,17,81.21
319,4,20,70.2
319,1,4,76.77
319,4,23,106.0
319,1,5,76.77
319,1,1,62.54
319,2,8,53.91
319,3,16,106.0
319,1,0,77.08
319,4,21,119.62
319,2,11,41.44
319,2,9,71.1
319,3,13,32.98
319,4,18,248.09
320,1,2,58.39
320,4,20,71.0
320,3,17,78.46
320,4,22,32.07
320,1,4,67.51
320,1,3,57.24
320,3,15,119.54
320,3,12,192.38
320,4,23,99.72
320,1,5,67.51
320,1,1,65.6
320,3,13,28.33
320,2,9,81.67
320,2,11,38.85
320,4,18,240.77
320,1,0,64.95
320,3,16,96.95
320,2,8,59.89
320,4,21,117.83
321,3,15,124.84
321,1,3,68.84
321,1,4,87.05
321,3,12,200.47
321,3,17,84.78
321,4,20,61.38
321,4,23,94.18
321,4,22,34.28
321,1,2,64.01
321,1,0,100.0
321,4,21,124.79
321,3,16,95.16
321,1,5,87.05
321,4,18,236.9
321,2,8,55.73
321,2,9,77.88
321,3,13,24.78
321,1,1,62.59
321,2,11,52.99
322,1,2,72.4
322,4,20,64.55
322,3,17,85.15
322,4,22,25.48
322,1,4,76.18
322,1,3,71.31
322,3,15,126.5
322,3,12,192.26
322,1,5,76.18
322,4,23,106.0
322,1,1,69.85
322,2,8,60.18
322,3,16,94.35
322,1,0,59.9
322,4,21,128.23
322,2,11,52.23
322,2,9,73.56
322,3,13,36.0
322,4,18,239.7
323,1,2,67.96
323,4,20,57.07
323,3,17,81.78
323,4,22,22.52
323,1,4,75.95
323,1,3,67.59
323,3,15,130.61
323,3,12,189.93
323,4,23,98.51
323,1,5,75.95
323,1,1,68.89
323,3,13,36.0
323,2,9,68.04
323,2,11,47.27
323,4,18,243.92
323,1,0,66.86
323,3,16,100.2
323,2,8,66.68
323,4,21,117.92
324,3,12,199.59
324,3,15,113.05
324,1,3,59.27
324,1,2,59.97
324,4,22,40.38
324,3,17,86.63
324,4,20,62.89
324,1,4,72.37
324,1,5,72.37
324,4,23,104.77
324,1,1,61.14
324,2,8,60.46
324,3,16,94.84
324,1,0,78.04
324,4,21,109.56
324,2,11,54.86
324,2,9,68.95
324,3,13,36.0
324,4,18,238.25
325,4,23,103.09
325,4,20,70.08
325,3,17,82.92
325,4,22,32.59
325,1,4,75.75
325,1,3,71.02
325,3,15,127.9
325,1,2,71.82
325,3,12,203.26
325,1,5,75.75
325,1,1,79.22
325,3,13,30.47
325,2,9,71.62
325,2,11,51.79
325,4,18,239.48
325,1,0,96.4
325,3,16,92.12
325,2,8,71.0
325,4,21,114.32
326,3,12,185.38
326,3,15,112.87
326,1,3,37.45
326,1,2,36.65
326,4,22,25.72
326,3,17,79.45
326,4,20,60.1
326,1,4,61.08
326,4,23,101.96
326,1,5,61.08
326,1,1,35.72
326,2,8,53.62
326,3,16,97.47
326,1,0,54.27
326,4,21,114.67
326,2,11,42.64
326,2,9,64.75
326,3,13,26.96
326,4,18,240.34
327,1,2,60.63
327,4,20,57.82
327,3,17,68.05
327,4,22,23.35
327,1,4,49.7
327,1,3,61.09
327,3,15,120.18
327,3,12,187.72
327,4,23,95.23
327,1,5,49.7
327,1,1,58.4
327,3,13,28.61
327,2,9,71.25
327,2,11,32.06
327,4,18,247.68
327,1,0,57.84
327,3,16,92.51
327,2,8,61.65
327,4,21,115.84
328,3,12,199.9
328,3,15,125.83
328,1,3,52.94
328,1,2,51.24
328,4,22,23.13
328,3,17,73.11
328,4,20,68.54
328,1,4,50.62
328,1,5,50.62
328,4,23,95.46
328,1,1,50.01
328,2,8,63.98
328,3,16,94.27
328,1,0,100.0
328,4,21,117.04
328,2,11,30.99
328,2,9,68.73
328,3,13,34.9
328,4,18,239.91
329,3,12,198.25
329,4,23,91.56
329,4,20,58.61
329,3,17,81.34
329,4,22,33.92
329,1,4,81.74
329,1,3,82.97
329,3,15,121.11
329,1,2,83.03
329,1,0,71.88
329,4,21,123.58
329,3,16,101.74
329,1,5,81.74
329,4,18,235.17
329,2,8,64.28
329,2,9,71.5
329,3,13,29.94
329,1,1,92.2
329,2,11,56.26
330,1,2,50.69
330,4,20,60.85
330,3,17,82.11
330,4,22,23.3
330,1,4,81.1
330,1,3,48.96
330,3,15,117.04
330,3,12,196.84
330,1,5,81.1
330,4,23,101.74
330,1,1,54.71
330,2,8,58.51
330,3,16,98.12
330,1,0,78.34
330,4,21,121.09
330,2,11,48.95
330,2,9,68.24
330,3,13,35.83
330,4,18,237.79
331,1,2,58.85
331,4,20,68.58
331,3,17,76.7
331,4,22,31.2
331,1,4,65.16
331,1,3,64.01
331,3,15,121.42
331,3,12,187.16
331,4,23,92.31
331,1,5,65.16
331,1,1,65.56
331,3,13,32.77
331,2,9,76.83
331,2,11,48.24
331,4,18,239.17
331,1,0,68.87
331,3,16,90.56
331,2,8,64.18
331,4,21,115.99
332,3,12,201.5
332,3,15,129.24
332,1,3,95.82
332,1,2,94.77
332,4,22,39.66
332,3,17,87.37
332,4,20,68.01
332,1,4,72.46
332,1,5,72.46
332,4,23,101.51
332,1,1,98.29
332,2,8,62.69
332,3,16,91.49
332,1,0,83.03
332,4,21,118.05
332,2,11,51.79
332,2,9,79.13
332,3,13,33.55
332,4,18,248.38
333,4,23,100.62
333,4,20,68.51
333,3,17,76.72
333,4,22,27.13
333,1,4,74.89
333,1,3,77.89
333,3,15,125.25
333,1,2,80.36
333,3,12,210.36
333,1,5,74.89
333,1,1,73.92
333,3,13,34.87
333,2,9,77.17
333,2,11,51.18
333,4,18,240.54
333,1,0,89.06
333,3,16,106.0
333,2,8,66.24
333,4,21,117.39
334,3,12,196.67
334,3,15,136.52
334,1,3,82.61
334,1,2,81.47
334,4,22,36.93
334,3,17,83.59
334,4,20,71.0
334,1,4,85.56
334,4,23,102.24
334,4,21,119.04
334,1,1,74.88
334,2,8,54.11
334,3,16,85.26
334,1,0,73.03
334,1,5,85.56
334,2,11,45.29
334,2,9,67.63
334,3,13,35.12
334,4,18,241.0
335,1,2,50.16
335,4,20,70.04
335,3,17,71.66
335,4,22,17.88
335,1,4,36.5
335,1,3,50.7
335,3,15,125.51
335,3,12,186.93
335,4,23,94.31
335,4,21,115.42
335,1,1,47.61
335,3,13,33.93
335,2,9,68.06
335,2,11,34.77
335,4,18,236.5
335,1,0,54.53
335,3,16,85.77
335,2,8,56.37
335,1,5,36.5
336,3,15,119.42
336,1,3,50.67
336,1,4,90.05
336,3,12,204.17
336,3,17,90.33
336,4,20,66.83
336,4,22,35.23
336,1,2,50.78
336,4,23,93.68
336,1,5,90.05
336,2,8,53.25
336,3,16,104.1
336,1,0,88.89
336,4,18,235.37
336,4,21,117.62
336,2,9,62.46
336,3,13,33.55
336,1,1,45.73
336,2,11,51.18
337,4,23,88.69
337,4,20,57.51
337,3,17,76.39
337,4,22,34.7
337,1,4,77.27
337,1,3,71.42
337,3,15,124.57
337,1,2,69.29
337,1,5,77.27
337,3,12,196.78
337,1,1,68.31
337,4,21,123.02
337,3,16,88.17
337,1,0,56.27
337,4,18,242.31
337,2,8,59.89
337,2,9,73.12
337,3,13,34.13
337,2,11,48.48
338,1,2,93.03
338,4,20,60.86
338,3,17,80.77
338,4,22,23.43
338,1,4,64.23
338,1,3,95.82
338,3,15,140.22
338,4,23,105.62
338,1,5,64.23
338,3,12,195.0
338,1,1,100.0
338,2,8,65.87
338,3,16,86.39
338,1,0,77.6
338,4,21,130.37
338,2,11,45.47
338,2,9,85.06
338,3,13,35.02
338,4,18,235.32
339,4,23,89.39
339,4,20,68.12
339,3,17,85.02
339,4,22,29.46
339,1,4,66.64
339,1,3,83.68
339,3,15,139.44
339,1,2,86.65
339,3,12,195.44
339,1,5,66.64
339,1,1,90.3
339,3,13,33.34
339,2,9,74.21
339,2,11,47.74
339,4,18,235.86
339,1,0,94.34
339,3,16,91.64
339,2,8,58.6
339,4,21,130.5
340,3,12,194.15
340,3,15,130.96
340,1,3,62.44
340,1,2,60.09
340,4,22,25.05
340,3,17,74.54
340,4,20,70.76
340,1,4,63.66
340,4,23,95.57
340,4,21,116.07
340,1,1,64.58
340,2,8,60.82
340,3,16,98.56
340,1,0,72.74
340,1,5,63.66
340,2,11,40.04
340,2,9,73.89
340,3,13,32.28
340,4,18,234.15
341,4,23,83.9
341,4,20,71.0
341,3,17,80.12
341,4,22,31.55
341,1,4,46.22
341,1,3,57.25
341,3,15,119.34
341,1,2,55.06
341,3,12,185.8
341,1,5,46.22
341,1,1,57.74
341,3,13,28.13
341,2,9,69.21
341,2,11,35.79
341,4,18,242.43
341,1,0,35.53
341,3,16,87.73
341,2,8,55.36
341,4,21,116.69
342,3,12,193.43
342,3,15,125.31
342,1,3,63.4
342,1,2,60.7
342,4,22,22.21
342,3,17,80.19
342,4,20,71.0
342,1,4,50.46
342,4,23,100.27
342,1,5,50.46
342,1,1,62.67
342,2,8,59.99
342,3,16,96.96
342,1,0,78.59
342,4,21,117.36
342,2,11,41.42
342,2,9,63.53
342,3,13,34.15
342,4,18,244.1
343,1,2,73.65
343,4,20,71.0
343,3,17,89.2
343,4,22,39.94
343,1,4,80.86
343,1,3,77.15
343,3,15,133.31
343,3,12,202.88
343,4,23,100.24
343,1,5,80.86
343,1,1,80.13
343,3,13,32.28
343,2,9,71.92
343,2,11,43.73
343,4,18,235.92
343,1,0,90.4
343,3,16,97.03
343,2,8,65.69
343,4,21,127.02
344,3,12,195.28
344,3,15,119.24
344,1,3,51.18
344,4,23,96.55
344,4,22,23.6
344,3,17,74.26
344,4,20,57.52
344,1,4,61.19
344,1,2,48.99
344,1,5,61.19
344,1,1,52.01
344,2,8,62.11
344,3,16,90.8
344,1,0,61.72
344,4,21,120.32
344,2,11,36.17
344,2,9,74.43
344,3,13,24.42
344,4,18,239.76
345,1,2,90.4
345,4,20,63.32
345,3,17,89.67
345,4,22,33.31
345,1,4,67.84
345,1,3,91.91
345,3,15,138.79
345,3,12,198.4
345,1,5,67.84
345,4,23,103.96
345,1,1,83.55
345,2,8,71.0
345,3,16,98.95
345,1,0,70.4
345,4,21,126.83
345,2,11,43.33
345,2,9,80.84
345,3,13,36.0
345,4,18,235.68
346,1,2,63.44
346,4,20,70.86
346,3,17,86.01
346,4,22,36.04
346,1,4,68.74
346,1,3,62.39
346,3,15,113.07
346,3,12,197.91
346,4,23,96.47
346,1,5,68.74
346,1,1,64.9
346,3,13,35.33
346,2,9,73.07
346,2,11,50.77
346,4,18,249.0
346,1,0,71.85
346,3,16,97.74
346,2,8,51.67
346,4,21,112.77
347,3,12,202.81
347,3,15,129.05
347,1,3,79.68
347,1,2,80.62
347,4,22,32.82
347,3,17,84.43
347,4,20,64.98
347,1,4,82.92
347,1,5,82.92
347,4,23,98.43
347,1,1,76.26
347,2,8,61.97
347,3,16,94.86
347,1,0,67.8
347,4,21,122.05
347,2,11,51.06
347,2,9,84.65
347,3,13,27.47
347,4,18,241.52
348,4,23,97.35
348,4,20,64.95
348,3,17,80.85
348,4,22,35.83
348,1,4,91.91
348,1,3,71.51
348,3,15,122.49
348,1,2,70.77
348,3,12,189.2
348,1,5,91.91
348,1,1,66.05
348,3,13,29.94
348,2,9,80.42
348,2,11,56.72
348,4,18,247.48
348,1,0,45.56
348,3,16,101.21
348,2,8,69.44
348,4,21,115.08
349,3,12,203.15
349,3,15,108.54
349,1,3,47.0
349,1,2,46.04
349,4,22,29.71
349,3,17,85.56
349,4,20,61.44
349,1,4,70.66
349,4,23,97.28
349,1,5,70.66
349,1,1,49.22
349,2,8,64.1
349,3,16,90.94
349,1,0,72.71
349,4,21,108.01
349,2,11,48.26
349,2,9,60.2
349,3,13,36.0
349,4,18,245.17
350,1,2,56.68
350,4,20,63.92
350,3,17,82.73
350,4,22,27.1
350,1,4,55.26
350,1,3,57.26
350,3,15,123.06
350,3,12,206.46
350,4,23,97.78
350,1,5,55.26
350,1,1,59.43
350,3,13,31.87
350,2,9,63.53
350,2,11,36.5
350,4,18,245.3
350,1,0,76.55
350,3,16,97.9
350,2,8,57.99
350,4,21,113.16
351,3,12,190.36
351,3,15,128.6
351,1,3,75.17
351,1,2,75.37
351,4,22,26.88
351,3,17,75.55
351,4,20,67.27
351,1,4,49.86
351,1,5,49.86
351,4,23,97.38
351,1,1,79.04
351,2,8,61.51
351,3,16,95.5
351,1,0,52.72
351,4,21,121.6
351,2,11,47.98
351,2,9,82.9
351,3,13,36.0
351,4,18,244.37
352,4,23,95.98
352,4,20,68.91
352,3,17,88.06
352,4,22,37.36
352,1,4,73.07
352,1,3,59.58
352,3,15,127.72
352,1,2,60.27
352,1,5,73.07
352,3,12,205.63
352,1,1,63.74
352,3,13,33.39
352,2,9,66.39
352,2,11,51.3
352,4,18,249.0
352,1,0,65.27
352,3,16,93.23
352,2,8,61.72
352,4,21,118.34
353,3,15,130.06
353,1,3,64.37
353,1,4,92.14
353,4,23,100.38
353,3,17,72.74
353,4,20,66.3
353,4,22,32.23
353,1,2,64.31
353,3,12,206.95
353,1,5,92.14
353,2,8,57.86
353,3,16,98.92
353,1,0,86.35
353,4,18,246.18
353,4,21,120.27
353,2,9,80.77
353,3,13,30.21
353,1,1,66.14
353,2,11,52.49
354,1,2,82.73
354,4,20,71.0
354,3,17,85.29
354,4,22,55.03
354,1,4,100.0
354,1,3,83.61
354,3,15,135.21
354,3,12,197.69
354,4,23,101.56
354,4,21,113.22
354,1,1,77.31
354,3,13,34.2
354,2,9,87.63
354,2,11,57.82
354,4,18,240.32
354,1,0,78.61
354,3,16,101.01
354,2,8,65.83
354,1,5,100.0
355,3,12,191.22
355,3,15,125.78
355,1,3,78.26
355,4,23,100.65
355,4,22,31.77
355,3,17,84.31
355,4,20,66.05
355,1,4,80.29
355,1,2,80.11
355,1,5,80.29
355,1,1,72.21
355,2,8,59.98
355,3,16,98.03
355,1,0,63.9
355,4,21,125.12
355,2,11,49.37
355,2,9,77.0
355,3,13,19.81
355,4,18,245.03
356,4,23,101.65
356,4,20,71.0
356,3,17,85.69
356,4,22,37.94
356,1,4,81.82
356,1,3,88.96
356,3,15,126.05
356,1,2,90.48
356,3,12,205.99
356,1,5,81.82
356,1,1,95.08
356,3,13,23.46
356,2,9,81.09
356,2,11,43.92
356,4,18,241.84
356,1,0,74.54
356,3,16,97.57
356,2,8,68.44
356,4,21,125.5
357,3,12,200.38
357,3,15,115.98
357,1,3,53.14
357,1,2,52.62
357,4,22,35.25
357,3,17,86.9
357,4,20,66.2
357,1,4,75.37
357,4,23,96.77
357,1,5,75.37
357,1,1,56.52
357,2,8,58.24
357,3,16,100.56
357,1,0,86.52
357,4,21,111.75
357,2,11,50.83
357,2,9,70.95
357,3,13,36.0
357,4,18,236.73
358,1,2,78.85
358,4,20,63.57
358,3,17,75.11
358,4,22,21.96
358,1,4,50.92
358,1,3,81.53
358,3,15,132.48
358,3,12,202.01
358,4,23,95.48
358,1,5,50.92
358,1,1,81.55
358,3,13,36.0
358,2,9,81.37
358,2,11,35.66
358,4,18,235.02
358,1,0,61.85
358,3,16,89.44
358,2,8,62.5
358,4,21,120.08
359,3,12,206.86
359,3,15,120.61
359,1,3,51.72
359,1,2,51.91
359,4,22,24.19
359,3,17,81.49
359,4,20,68.89
359,1,4,73.7
359,1,5,73.7
359,4,23,86.69
359,1,1,46.95
359,2,8,64.99
359,3,16,93.3
359,1,0,73.12
359,4,21,110.18
359,2,11,47.97
359,2,9,69.35
359,3,13,36.0
359,4,18,236.43
360,4,23,99.23
360,4,20,71.0
360,3,17,85.07
360,4,22,37.04
360,1,4,91.22
360,1,3,71.59
360,3,15,129.19
360,1,2,71.7
360,1,5,91.22
360,3,12,203.29
360,1,1,62.35
360,4,21,118.83
360,3,16,89.15
360,1,0,92.94
360,4,18,240.09
360,2,8,59.08
360,2,9,71.0
360,3,13,31.39
360,2,11,57.5
361,1,2,65.51
361,4,20,62.01
361,3,17,76.7
361,4,22,26.18
361,1,4,55.03
361,1,3,65.19
361,3,15,128.48
361,4,23,94.25
361,1,5,55.03
361,3,12,197.77
361,1,1,68.87
361,2,8,67.79
361,3,16,94.81
361,1,0,71.5
361,4,21,116.18
361,2,11,42.57
361,2,9,72.68
361,3,13,30.22
361,4,18,245.23
362,1,2,73.66
362,4,20,59.04
362,3,17,75.29
362,4,22,23.38
362,1,4,48.07
362,1,3,74.2
362,3,15,131.09
362,3,12,196.58
362,4,23,97.98
362,4,21,122.53
362,1,1,70.92
362,3,13,30.66
362,2,9,71.28
362,2,11,32.49
362,4,18,240.27
362,1,0,84.2
362,3,16,91.69
362,2,8,59.99
362,1,5,48.07
363,3,15,126.52
363,1,3,61.91
363,1,4,65.83
363,4,23,94.23
363,3,17,81.98
363,4,20,70.39
363,4,22,32.41
363,1,2,63.16
363,3,12,195.78
363,1,5,65.83
363,2,8,55.95
363,3,16,87.63
363,1,0,67.16
363,4,18,249.0
363,4,21,111.86
363,2,9,73.43
363,3,13,34.96
363,1,1,70.21
363,2,11,42.15
364,4,23,100.91
364,4,20,65.37
364,3,17,67.6
364,4,22,23.11
364,1,4,48.45
364,1,3,58.41
364,3,15,129.95
364,1,2,56.19
364,1,5,48.45
364,3,12,189.08
364,1,1,61.01
364,2,8,49.02
364,3,16,91.75
364,1,0,52.24
364,4,21,111.17
364,2,11,32.65
364,2,9,65.96
364,3,13,32.27
364,4,18,248.29
365,1,2,68.71
365,4,20,71.0
365,3,17,87.97
365,4,22,21.69
365,1,4,74.65
365,1,3,65.94
365,3,15,126.12
365,3,12,204.72
365,4,23,97.4
365,4,21,112.88
365,1,1,72.64
365,2,8,53.2
365,3,16,98.81
365,1,0,80.38
365,1,5,74.65
365,2,11,48.52
365,2,9,80.65
365,3,13,33.85
365,4,18,245.43
366,1,2,56.37
366,4,20,68.38
366,3,17,84.78
366,4,22,29.35
366,1,4,59.28
366,1,3,57.38
366,3,15,115.67
366,3,12,200.12
366,4,23,90.44
366,1,5,59.28
366,1,1,53.65
366,3,13,33.87
366,2,9,68.41
366,2,11,33.54
366,4,18,240.46
366,1,0,73.25
366,3,16,84.54
366,2,8,68.51
366,4,21,113.97
367,3,12,192.64
367,3,15,123.63
367,1,3,53.75
367,4,23,92.58
367,4,22,22.27
367,3,17,71.05
367,4,20,65.7
367,1,4,44.86
367,1,2,50.29
367,1,5,44.86
367,1,1,49.45
367,2,8,66.04
367,3,16,86.8
367,1,0,44.68
367,4,21,121.97
367,2,11,33.68
367,2,9,71.27
367,3,13,21.59
367,4,18,245.4
368,4,23,92.71
368,4,20,71.0
368,3,17,77.28
368,4,22,32.1
368,1,4,63.15
368,1,3,78.84
368,3,15,135.6
368,1,2,78.15
368,1,5,63.15
368,3,12,202.7
368,1,1,78.44
368,3,13,24.47
368,2,9,72.46
368,2,11,50.88
368,4,18,236.44
368,1,0,79.45
368,3,16,93.73
368,2,8,62.72
368,4,21,126.5
369,3,15,124.23
369,1,3,68.36
369,1,4,74.7
369,4,23,95.59
369,3,17,66.78
369,4,20,67.43
369,4,22,34.81
369,1,2,65.66
369,3,12,205.05
369,1,5,74.7
369,2,8,59.05
369,3,16,97.91
369,1,0,82.47
369,4,18,242.91
369,4,21,116.28
369,2,9,81.76
369,3,13,36.0
369,1,1,66.38
369,2,11,37.2
370,1,2,73.07
370,4,20,63.18
370,3,17,85.89
370,4,22,34.76
370,1,4,79.9
370,1,3,73.04
370,3,15,133.12
370,3,12,191.98
370,4,23,97.51
370,4,21,122.27
370,1,1,68.94
370,3,13,31.57
370,2,9,78.64
370,2,11,55.7
370,4,18,236.49
370,1,0,74.59
370,3,16,92.3
370,2,8,58.23
370,1,5,79.9
371,3,12,196.48
371,3,15,142.0
371,1,3,95.82
371,4,23,98.78
371,4,22,34.23
371,3,17,84.07
371,4,20,71.0
371,1,4,83.7
371,1,2,98.02
371,1,5,83.7
371,1,1,100.0
371,2,8,71.0
371,3,16,97.79
371,1,0,74.35
371,4,21,122.46
371,2,11,55.84
371,2,9,87.86
371,3,13,22.5
371,4,18,249.0
372,4,23,95.36
372,4,20,71.0
372,3,17,74.95
372,4,22,29.08
372,1,4,66.18
372,1,3,92.65
372,3,15,139.2
372,1,2,89.94
372,3,12,194.76
372,1,5,66.18
372,1,1,84.39
372,3,13,34.86
372,2,9,78.77
372,2,11,45.2
372,4,18,243.7
372,1,0,69.39
372,3,16,98.34
372,2,8,60.91
372,4,21,130.5
373,3,12,200.35
373,3,15,127.27
373,1,3,63.3
373,1,2,62.24
373,4,22,31.41
373,3,17,77.96
373,4,20,66.48
373,1,4,59.17
373,4,23,99.76
373,1,5,59.17
373,1,1,59.2
373,2,8,56.11
373,3,16,91.11
373,1,0,69.07
373,4,21,119.26
373,2,11,41.68
373,2,9,65.11
373,3,13,36.0
373,4,18,235.65
374,1,2,59.82
374,4,20,69.02
374,3,17,70.25
374,4,22,20.51
374,1,4,46.95
374,1,3,59.08
374,3,15,124.07
374,3,12,204.08
374,4,23,96.31
374,1,5,46.95
374,1,1,56.07
374,3,13,30.04
374,2,9,67.97
374,2,11,39.98
374,4,18,244.52
374,1,0,71.92
374,3,16,90.0
374,2,8,53.07
374,4,21,116.32
375,3,12,194.79
375,3,15,125.58
375,1,3,80.5
375,1,2,77.42
375,4,22,34.58
375,3,17,74.39
375,4,20,69.34
375,1,4,73.92
375,4,23,96.66
375,1,5,73.92
375,1,1,78.61
375,2,8,59.73
375,3,16,91.76
375,1,0,72.69
375,4,21,124.84
375,2,11,48.49
375,2,9,74.68
375,3,13,29.22
375,4,18,237.76
376,1,2,57.34
376,4,20,57.61
376,3,17,90.4
376,4,22,35.82
376,1,4,74.41
376,1,3,60.31
376,3,15,118.47
376,3,12,193.05
376,1,5,74.41
376,4,23,99.44
376,1,1,56.97
376,2,8,53.62
376,3,16,89.94
376,1,0,64.73
376,4,21,111.7
376,2,11,44.9
376,2,9,82.0
376,3,13,30.68
376,4,18,241.63
377,1,2,74.27
377,4,20,65.55
377,3,17,91.21
377,4,22,31.08
377,1,4,74.52
377,1,3,75.58
377,3,15,125.66
377,3,12,201.3
377,4,23,92.35
377,1,5,74.52
377,1,1,78.04
377,3,13,33.87
377,2,9,76.55
377,2,11,45.76
377,4,18,239.52
377,1,0,63.54
377,3,16,101.49
377,2,8,66.11
377,4,21,127.66
378,3,12,213.25
378,3,15,134.78
378,1,3,93.79
378,1,2,91.13
378,4,22,33.47
378,3,17,83.29
378,4,20,71.0
378,1,4,70.78
378,1,5,70.78
378,4,23,92.86
378,1,1,100.0
378,2,8,68.53
378,3,16,98.67
378,1,0,94.88
378,4,21,123.28
378,2,11,47.15
378,2,9,91.27
378,3,13,32.36
378,4,18,235.69
379,4,23,99.95
379,4,20,63.9
379,3,17,82.44
379,4,22,35.14
379,1,4,77.66
379,1,3,78.56
379,3,15,131.83
379,1,2,77.86
379,3,12,191.56
379,1,5,77.66
379,1,1,84.9
379,3,13,35.05
379,2,9,68.84
379,2,11,58.09
379,4,18,230.23
379,1,0,63.64
379,3,16,92.61
379,2,8,59.97
379,4,21,117.72
380,3,12,199.65
380,3,15,134.18
380,1,3,72.12
380,1,2,70.97
380,4,22,28.63
380,3,17,86.41
380,4,20,70.94
380,1,4,68.14
380,4,23,96.59
380,1,5,68.14
380,1,1,71.22
380,2,8,54.97
380,3,16,97.24
380,1,0,97.86
380,4,21,116.09
380,2,11,46.23
380,2,9,68.36
380,3,13,31.82
380,4,18,238.24
381,1,2,60.59
381,4,20,69.1
381,3,17,74.44
381,4,22,20.89
381,1,4,72.31
381,1,3,59.49
381,3,15,128.73
381,3,12,198.78
381,4,23,104.51
381,1,5,72.31
381,1,1,56.69
381,3,13,25.48
381,2,9,71.31
381,2,11,54.93
381,4,18,234.96
381,1,0,89.15
381,3,16,93.87
381,2,8,61.32
381,4,21,124.78
382,3,12,189.96
382,3,15,121.23
382,1,3,51.54
382,1,2,49.7
382,4,22,22.82
382,3,17,71.78
382,4,20,66.48
382,1,4,30.04
382,1,5,30.04
382,4,23,88.4
382,1,1,54.8
382,2,8,62.38
382,3,16,83.04
382,1,0,62.65
382,4,21,113.73
382,2,11,26.29
382,2,9,61.23
382,3,13,28.54
382,4,18,246.74
383,4,23,99.73
383,4,20,67.01
383,3,17,84.67
383,4,22,31.63
383,1,4,72.87
383,1,3,73.61
383,3,15,137.25
383,1,2,77.32
383,1,5,72.87
383,3,12,183.67
383,1,1,73.21
383,3,13,36.0
383,2,9,77.87
383,2,11,47.36
383,4,18,242.5
383,1,0,43.78
383,3,16,100.95
383,2,8,63.79
383,4,21,130.48
384,3,15,133.28
384,1,3,93.28
384,1,4,49.79
384,4,23,97.3
384,3,17,82.67
384,4,20,59.48
384,4,22,15.82
384,1,2,92.57
384,3,12,194.49
384,1,5,49.79
384,2,8,62.88
384,3,16,84.61
384,1,0,71.12
384,4,18,234.09
384,4,21,125.5
384,2,9,76.54
384,3,13,36.0
384,1,1,88.41
384,2,11,38.35
385,1,2,59.2
385,4,20,69.9
385,3,17,91.72
385,4,22,40.73
385,1,4,83.16
385,1,3,59.41
385,3,15,124.71
385,3,12,185.96
385,4,23,102.88
385,4,21,111.71
385,1,1,58.06
385,3,13,28.02
385,2,9,57.23
385,2,11,56.81
385,4,18,233.85
385,1,0,76.82
385,3,16,100.14
385,2,8,62.08
385,1,5,83.16
386,3,12,198.46
386,3,15,127.96
386,1,3,95.82
386,4,23,97.55
386,4,22,28.22
386,3,17,78.2
386,4,20,62.38
386,1,4,73.93
386,1,2,98.02
386,1,5,73.93
386,1,1,92.24
386,2,8,66.56
386,3,16,90.64
386,1,0,74.4
386,4,21,123.01
386,2,11,48.48
386,2,9,82.91
386,3,13,28.28
386,4,18,242.0
387,4,23,101.98
387,4,20,67.03
387,3,17,84.06
387,4,22,40.88
387,1,4,100.0
387,1,3,74.67
387,3,15,123.39
387,1,2,72.44
387,3,12,203.57
387,1,5,100.0
387,1,1,79.26
387,3,13,29.7
387,2,9,78.36
387,2,11,65.86
387,4,18,238.37
387,1,0,85.88
387,3,16,101.56
387,2,8,68.64
387,4,21,119.06
388,3,12,198.17
388,3,15,133.86
388,1,3,76.79
388,1,2,73.12
388,4,22,25.24
388,3,17,77.83
388,4,20,60.78
388,1,4,62.46
388,4,23,106.0
388,1,5,62.46
388,1,1,69.04
388,2,8,66.61
388,3,16,94.8
388,1,0,75.91
388,4,21,125.31
388,2,11,48.3
388,2,9,74.72
388,3,13,36.0
388,4,18,238.16
389,1,2,97.88
389,4,20,71.0
389,3,17,73.82
389,4,22,38.55
389,1,4,80.79
389,1,3,95.82
389,3,15,136.88
389,3,12,192.16
389,4,23,95.66
389,1,5,80.79
389,1,1,100.0
389,3,13,36.0
389,2,9,77.06
389,2,11,54.09
389,4,18,237.13
389,1,0,70.2
389,3,16,96.17
389,2,8,71.0
389,4,21,126.04
390,3,12,190.36
390,3,15,122.42
390,1,3,53.03
390,1,2,52.85
390,4,22,32.41
390,3,17,74.33
390,4,20,71.0
390,1,4,50.82
390,1,5,50.82
390,4,23,86.61
390,1,1,54.06
390,2,8,62.21
390,3,16,92.25
390,1,0,45.43
390,4,21,114.76
390,2,11,33.93
390,2,9,67.84
390,3,13,32.82
390,4,18,249.0
391,4,23,97.22
391,4,20,64.78
391,3,17,65.2
391,4,22,24.41
391,1,4,57.19
391,1,3,81.97
391,3,15,129.12
391,1,2,85.0
391,1,5,57.19
391,3,12,198.64
391,1,1,78.11
391,4,21,119.31
391,3,16,97.03
391,1,0,74.94
391,4,18,230.11
391,2,8,71.0
391,2,9,82.93
391,3,13,31.21
391,2,11,41.89
392,1,2,74.19
392,4,20,68.27
392,3,17,86.93
392,4,22,43.71
392,1,4,91.56
392,1,3,74.55
392,3,15,121.52
392,4,23,96.74
392,1,5,91.56
392,3,12,198.32
392,1,1,73.11
392,2,8,63.06
392,3,16,93.23
392,1,0,71.37
392,4,21,121.66
392,2,11,51.29
392,2,9,74.39
392,3,13,36.0
392,4,18,241.37
393,1,2,64.1
393,4,20,71.0
393,3,17,79.72
393,4,22,27.36
393,1,4,72.77
393,1,3,65.51
393,3,15,130.38
393,3,12,210.35
393,4,23,101.79
393,4,21,124.19
393,1,1,57.08
393,3,13,26.24
393,2,9,70.84
393,2,11,51.96
393,4,18,241.79
393,1,0,95.2
393,3,16,101.69
393,2,8,67.64
393,1,5,72.77
394,3,15,123.32
394,1,3,53.19
394,1,4,65.75
394,4,23,93.02
394,3,17,71.43
394,4,20,68.86
394,4,22,26.5
394,1,2,52.54
394,3,12,205.81
394,1,5,65.75
394,2,8,69.89
394,3,16,101.09
394,1,0,89.78
394,4,18,237.24
394,4,21,119.71
394,2,9,66.56
394,3,13,27.5
394,1,1,56.85
394,2,11,46.7
395,4,23,95.39
395,4,20,65.68
395,3,17,82.07
395,4,22,29.42
395,1,4,74.26
395,1,3,57.58
395,3,15,123.64
395,1,2,57.79
395,1,5,74.26
395,3,12,190.16
395,1,1,60.15
395,2,8,58.59
395,3,16,83.94
395,1,0,54.98
395,4,21,120.01
395,2,11,47.39
395,2,9,68.99
395,3,13,36.0
395,4,18,245.88
396,1,2,55.76
396,4,20,69.74
396,3,17,80.05
396,4,22,35.44
396,1,4,57.62
396,1,3,53.19
396,3,15,128.3
396,3,12,207.54
396,4,23,98.92
396,4,21,115.96
396,1,1,56.88
396,2,8,64.37
396,3,16,87.91
396,1,0,79.32
396,1,5,57.62
396,2,11,45.22
396,2,9,64.76
396,3,13,31.92
396,4,18,239.12
397,1,2,56.64
397,4,20,71.0
397,3,17,75.32
397,4,22,42.96
397,1,4,63.64
397,1,3,60.11
397,3,15,129.0
397,3,12,198.1
397,4,23,90.02
397,1,5,63.64
397,1,1,55.72
397,3,13,35.68
397,2,9,77.25
397,2,11,40.2
397,4,18,231.83
397,1,0,62.71
397,3,16,101.32
397,2,8,57.95
397,4,21,119.29
398,3,12,197.26
398,3,15,123.32
398,1,3,55.17
398,4,23,94.45
398,4,22,27.94
398,3,17,77.56
398,4,20,69.73
398,1,4,56.44
398,1,2,56.07
398,1,5,56.44
398,1,1,60.94
398,2,8,57.11
398,3,16,96.5
398,1,0,71.71
398,4,21,123.61
398,2,11,40.81
398,2,9,70.15
398,3,13,36.0
398,4,18,241.93
399,4,23,104.07
399,4,20,62.33
399,3,17,82.63
399,4,22,36.35
399,1,4,73.37
399,1,3,53.2
399,3,15,117.45
399,1,2,52.94
399,1,5,73.37
399,3,12,198.06
399,1,1,49.29
399,3,13,32.09
399,2,9,72.63
399,2,11,47.69
399,4,18,243.39
399,1,0,75.86
399,3,16,91.6
399,2,8,55.13
399,4,21,105.77
400,3,15,133.72
400,1,3,68.44
400,1,4,82.54
400,4,23,92.56
400,3,17,82.88
400,4,20,69.31
400,4,22,29.28
400,1,2,69.92
400,3,12,199.69
400,1,5,82.54
400,2,8,69.33
400,3,16,95.73
400,1,0,100.0
400,4,18,242.8
400,4,21,119.39
400,2,9,78.6
400,3,13,27.42
400,1,1,67.36
400,2,11,43.45
401,1,2,55.23
401,4,20,67.68
401,3,17,79.24
401,4,22,30.16
401,1,4,72.99
401,1,3,57.2
401,3,15,118.83
401,3,12,195.02
401,4,23,99.68
401,4,21,122.22
401,1,1,53.47
401,3,13,27.76
401,2,9,65.09
401,2,11,47.43
401,4,18,244.03
401,1,0,66.94
401,3,16,96.55
401,2,8,57.06
401,1,5,72.99
402,3,12,197.29
402,3,15,123.28
402,1,3,67.08
402,4,23,96.27
402,4,22,37.16
402,3,17,91.69
402,4,20,67.41
402,1,4,75.51
402,1,2,67.34
402,1,5,75.51
402,1,1,69.65
402,2,8,63.36
402,3,16,102.23
402,1,0,56.54
402,4,21,127.99
402,2,11,44.13
402,2,9,65.39
402,3,13,35.45
402,4,18,243.26
403,4,23,102.6
403,4,20,71.0
403,3,17,86.64
403,4,22,28.49
403,1,4,83.48
403,1,3,63.25
403,3,15,125.05
403,1,2,61.99
403,3,12,193.33
403,1,5,83.48
403,1,1,64.11
403,3,13,34.85
403,2,9,64.68
403,2,11,58.16
403,4,18,239.49
403,1,0,56.0
403,3,16,104.15
403,2,8,66.43
403,4,21,123.26
404,3,12,197.59
404,3,15,116.37
404,1,3,52.82
404,1,2,52.77
404,4,22,30.66
404,3,17,85.86
404,4,20,67.97
404,1,4,81.34
404,4,23,98.53
404,1,5,81.34
404,1,1,50.78
404,2,8,54.88
404,3,16,104.53
404,1,0,81.88
404,4,21,116.46
404,2,11,57.8
404,2,9,68.81
404,3,13,26.18
404,4,18,237.1
405,1,2,59.61
405,4,20,71.0
405,3,17,75.61
405,4,22,30.88
405,1,4,63.42
405,1,3,59.25
405,3,15,129.89
405,3,12,185.39
405,4,23,89.59
405,1,5,63.42
405,1,1,59.66
405,3,13,36.0
405,2,9,71.29
405,2,11,35.58
405,4,18,242.03
405,1,0,62.74
405,3,16,89.95
405,2,8,59.9
405,4,21,107.88
406,3,15,132.17
406,1,3,91.29
406,1,4,71.71
406,3,12,204.49
406,3,17,81.25
406,4,20,71.0
406,4,23,98.98
406,4,22,33.14
406,1,2,88.7
406,1,5,71.71
406,4,21,124.76
406,3,16,90.54
406,1,0,93.46
406,4,18,249.0
406,2,8,70.42
406,2,9,93.16
406,3,13,36.0
406,1,1,79.36
406,2,11,46.83
407,1,2,61.1
407,4,20,68.36
407,3,17,73.1
407,4,22,30.87
407,1,4,50.62
407,1,3,63.26
407,3,15,130.12
407,3,12,181.93
407,1,5,50.62
407,4,23,97.94
407,1,1,57.75
407,2,8,52.19
407,3,16,99.56
407,1,0,49.62
407,4,21,118.7
407,2,11,34.71
407,2,9,70.97
407,3,13,29.75
407,4,18,235.42
408,1,2,60.24
408,4,20,69.49
408,3,17,86.8
408,4,22,24.48
408,1,4,75.89
408,1,3,61.85
408,3,15,119.35
408,3,12,204.29
408,4,23,106.0
408,1,5,75.89
408,1,1,57.84
408,3,13,30.5
408,2,9,73.21
408,2,11,47.24
408,4,18,238.27
408,1,0,78.92
408,3,16,97.01
408,2,8,60.19
408,4,21,113.3
409,3,12,196.8
409,3,15,117.41
409,1,3,66.51
409,1,2,64.19
409,4,22,39.28
409,3,17,86.2
409,4,20,68.97
409,1,4,66.1
409,1,5,66.1
409,4,23,103.09
409,1,1,73.9
409,2,8,48.94
409,3,16,97.38
409,1,0,79.08
409,4,21,123.55
409,2,11,40.11
409,2,9,71.85
409,3,13,35.08
409,4,18,243.15
410,4,23,103.5
410,4,20,62.55
410,3,17,84.72
410,4,22,35.47
410,1,4,77.22
410,1,3,83.05
410,3,15,126.33
410,1,2,83.06
410,3,12,196.49
410,1,5,77.22
410,1,1,82.45
410,3,13,34.99
410,2,9,80.83
410,2,11,46.12
410,4,18,242.27
410,1,0,70.48
410,3,16,90.67
410,2,8,62.19
410,4,21,122.81
411,3,12,206.28
411,3,15,118.39
411,1,3,59.06
411,1,2,60.25
411,4,22,37.23
411,3,17,88.35
411,4,20,68.9
411,1,4,100.0
411,4,23,100.29
411,1,5,100.0
411,1,1,64.24
411,2,8,57.36
411,3,16,97.05
411,1,0,78.45
411,4,21,111.28
411,2,11,61.53
411,2,9,65.88
411,3,13,32.15
411,4,18,238.96
412,1,2,80.35
412,4,20,66.93
412,3,17,84.24
412,4,22,43.93
412,1,4,74.14
412,1,3,79.72
412,3,15,132.95
412,3,12,199.21
412,4,23,105.42
412,1,5,74.14
412,1,1,81.55
412,3,13,36.0
412,2,9,79.06
412,2,11,38.85
412,4,18,245.68
412,1,0,87.18
412,3,16,84.73
412,2,8,60.54
412,4,21,121.14
413,3,12,193.33
413,3,15,124.46
413,1,3,61.55
413,1,2,58.49
413,4,22,37.88
413,3,17,86.37
413,4,20,71.0
413,1,4,91.94
413,1,5,91.94
413,4,23,95.62
413,1,1,53.23
413,2,8,65.64
413,3,16,95.6
413,1,0,74.76
413,4,21,115.24
413,2,11,54.61
413,2,9,83.73
413,3,13,30.57
413,4,18,238.04
414,4,23,96.95
414,4,20,67.42
414,3,17,81.51
414,4,22,34.4
414,1,4,68.53
414,1,3,62.83
414,3,15,128.79
414,1,2,58.78
414,1,5,68.53
414,3,12,205.86
414,1,1,62.95
414,3,13,28.37
414,2,9,76.8
414,2,11,41.73
414,4,18,240.93
414,1,0,76.02
414,3,16,87.53
414,2,8,66.92
414,4,21,120.3
415,3,15,121.76
415,1,3,60.16
415,1,4,87.8
415,4,23,89.38
415,3,17,92.25
415,4,20,67.16
415,4,22,32.34
415,1,2,61.51
415,3,12,193.01
415,1,5,87.8
415,2,8,58.48
415,3,16,106.0
415,1,0,75.93
415,4,18,246.6
415,4,21,122.21
415,2,9,67.74
415,3,13,28.46
415,1,1,59.43
415,2,11,56.06
416,1,2,55.79
416,4,20,71.0
416,3,17,77.55
416,4,22,28.62
416,1,4,72.22
416,1,3,54.61
416,3,15,112.23
416,3,12,197.05
416,4,23,97.94
416,4,21,115.71
416,1,1,56.7
416,3,13,32.07
416,2,9,73.66
416,2,11,49.75
416,4,18,245.64
416,1,0,66.79
416,3,16,95.42
416,2,8,67.2
416,1,5,72.22
417,3,12,195.4
417,3,15,129.91
417,1,3,86.1
417,4,23,99.94
417,4,22,26.83
417,3,17,77.82
417,4,20,70.87
417,1,4,74.69
417,1,2,82.69
417,1,5,74.69
417,1,1,79.75
417,2,8,57.2
417,3,16,83.06
417,1,0,74.82
417,4,21,121.07
417,2,11,39.71
417,2,9,83.02
417,3,13,36.0
417,4,18,242.9
418,4,23,105.12
418,4,20,65.5
418,3,17,84.8
418,4,22,29.11
418,1,4,82.09
418,1,3,66.9
418,3,15,125.87
418,1,2,70.32
418,3,12,205.2
418,1,5,82.09
418,1,1,70.23
418,3,13,26.78
418,2,9,68.12
418,2,11,52.47
418,4,18,248.75
418,1,0,100.0
418,3,16,94.89
418,2,8,56.91
418,4,21,119.11
419,3,12,196.51
419,3,15,126.39
419,1,3,84.14
419,1,2,83.35
419,4,22,36.37
419,3,17,76.33
419,4,20,71.0
419,1,4,61.65
419,4,23,103.71
419,1,5,61.65
419,1,1,89.14
419,2,8,71.0
419,3,16,93.9
419,1,0,99.96
419,4,21,115.48
419,2,11,44.71
419,2,9,75.13
419,3,13,28.95
419,4,18,245.05
420,1,2,70.55
420,4,20,67.35
420,3,17,82.05
420,4,22,37.25
420,1,4,73.77
420,1,3,69.81
420,3,15,133.8
420,3,12,195.77
420,4,23,95.7
420,1,5,73.77
420,1,1,71.16
420,3,13,32.46
420,2,9,72.88
420,2,11,43.14
420,4,18,240.19
420,1,0,74.4
420,3,16,92.46
420,2,8,62.99
420,4,21,121.15
421,3,12,198.21
421,3,15,128.63
421,1,3,77.42
421,1,2,74.56
421,4,22,30.55
421,3,17,82.27
421,4,20,69.94
421,1,4,73.24
421,1,5,73.24
421,4,23,101.88
421,1,1,68.13
421,2,8,60.57
421,3,16,99.5
421,1,0,68.83
421,4,21,110.4
421,2,11,47.84
421,2,9,74.6
421,3,13,26.97
421,4,18,241.9
422,4,23,93.41
422,4,20,71.0
422,3,17,73.15
422,4,22,29.94
422,1,4,47.36
422,1,3,56.49
422,3,15,124.04
422,1,2,55.72
422,1,5,47.36
422,3,12,205.08
422,1,1,58.87
422,4,21,117.53
422,3,16,92.7
422,1,0,66.54
422,4,18,233.48
422,2,8,59.72
422,2,9,69.12
422,3,13,32.86
422,2,11,28.92
423,1,2,72.51
423,4,20,71.0
423,3,17,78.2
423,4,22,37.42
423,1,4,66.69
423,1,3,73.65
423,3,15,125.05
423,4,23,106.0
423,1,5,66.69
423,3,12,194.42
423,1,1,73.22
423,2,8,67.58
423,3,16,88.96
423,1,0,63.09
423,4,21,110.31
423,2,11,42.46
423,2,9,72.87
423,3,13,27.97
423,4,18,233.78
424,1,2,53.11
424,4,20,69.65
424,3,17,88.18
424,4,22,22.36
424,1,4,69.77
424,1,3,53.09
424,3,15,120.99
424,3,12,198.97
424,4,23,101.31
424,4,21,120.09
424,1,1,55.49
424,3,13,36.0
424,2,9,71.52
424,2,11,52.27
424,4,18,232.64
424,1,0,70.98
424,3,16,92.03
424,2,8,47.85
424,1,5,69.77
425,3,15,120.46
425,1,3,54.17
425,1,4,62.25
425,4,23,104.29
425,3,17,78.16
425,4,20,63.96
425,4,22,22.26
425,1,2,56.0
425,3,12,198.23
425,1,5,62.25
425,2,8,56.4
425,3,16,99.74
425,1,0,74.43
425,4,18,240.58
425,4,21,122.17
425,2,9,65.13
425,3,13,30.81
425,1,1,53.28
425,2,11,52.36
426,4,23,92.04
426,4,20,52.4
426,3,17,83.04
426,4,22,29.44
426,1,4,63.94
426,1,3,80.13
426,3,15,137.16
426,1,2,74.62
426,1,5,63.94
426,3,12,204.31
426,1,1,79.71
426,2,8,59.71
426,3,16,100.71
426,1,0,87.02
426,4,21,117.26
426,2,11,41.44
426,2,9,68.05
426,3,13,28.53
426,4,18,242.58
427,1,2,74.65
427,4,20,63.6
427,3,17,89.17
427,4,22,26.87
427,1,4,64.57
427,1,3,73.24
427,3,15,136.27
427,3,12,185.43
427,4,23,100.57
427,4,21,111.11
427,1,1,76.73
427,2,8,59.33
427,3,16,87.71
427,1,0,54.22
427,1,5,64.57
427,2,11,41.58
427,2,9,70.74
427,3,13,36.0
427,4,18,240.26
428,1,2,83.89
428,4,20,61.98
428,3,17,86.19
428,4,22,38.85
428,1,4,92.71
428,1,3,82.85
428,3,15,130.43
428,3,12,211.43
428,4,23,92.22
428,1,5,92.71
428,1,1,88.59
428,3,13,36.0
428,2,9,71.47
428,2,11,56.76
428,4,18,242.15
428,1,0,97.26
428,3,16,102.17
428,2,8,58.32
428,4,21,121.19
429,3,12,197.12
429,3,15,136.27
429,1,3,78.86
429,4,23,103.13
429,4,22,38.58
429,3,17,88.29
429,4,20,66.68
429,1,4,84.56
429,1,2,77.06
429,1,5,84.56
429,1,1,71.82
429,2,8,71.0
429,3,16,93.59
429,1,0,67.67
429,4,21,113.74
429,2,11,56.58
429,2,9,70.83
429,3,13,36.0
429,4,18,244.25
430,4,23,92.21
430,4,20,71.0
430,3,17,86.35
430,4,22,31.71
430,1,4,67.94
430,1,3,65.89
430,3,15,123.86
430,1,2,64.74
430,1,5,67.94
430,3,12,191.96
430,1,1,67.25
430,3,13,31.16
430,2,9,70.29
430,2,11,43.82
430,4,18,245.29
430,1,0,91.29
430,3,16,95.01
430,2,8,64.48
430,4,21,130.49
431,3,15,136.3
431,1,3,72.21
431,1,4,73.74
431,4,23,96.28
431,3,17,80.26
431,4,20,67.74
431,4,22,30.4
431,1,2,72.47
431,3,12,195.75
431,1,5,73.74
431,2,8,67.36
431,3,16,93.85
431,1,0,65.53
431,4,18,228.13
431,4,21,117.54
431,2,9,72.27
431,3,13,30.47
431,1,1,73.17
431,2,11,46.75
432,1,2,60.61
432,4,20,71.0
432,3,17,80.58
432,4,22,31.88
432,1,4,54.54
432,1,3,61.57
432,3,15,124.96
432,3,12,194.41
432,4,23,92.95
432,4,21,116.11
432,1,1,66.4
432,3,13,29.75
432,2,9,64.66
432,2,11,40.24
432,4,18,244.34
432,1,0,64.24
432,3,16,91.19
432,2,8,62.69
432,1,5,54.54
433,3,12,200.88
433,3,15,114.98
433,1,3,47.79
433,4,23,96.02
433,4,22,28.31
433,3,17,67.64
433,4,20,67.39
433,1,4,51.85
433,1,2,47.59
433,1,5,51.85
433,1,1,46.22
433,2,8,64.85
433,3,16,90.02
433,1,0,65.99
433,4,21,114.98
433,2,11,40.18
433,2,9,62.92
433,3,13,31.72
433,4,18,249.0
434,4,23,98.13
434,4,20,61.82
434,3,17,78.18
434,4,22,33.51
434,1,4,81.42
434,1,3,83.21
434,3,15,132.41
434,1,2,85.5
434,3,12,201.9
434,1,5,81.42
434,1,1,81.22
434,3,13,32.56
434,2,9,74.48
434,2,11,51.31
434,4,18,234.73
434,1,0,82.25
434,3,16,102.03
434,2,8,71.0
434,4,21,127.0
435,3,12,197.08
435,3,15,128.49
435,1,3,65.79
435,1,2,66.97
435,4,22,40.21
435,3,17,75.82
435,4,20,69.15
435,1,4,74.55
435,4,23,89.79
435,1,5,74.55
435,1,1,67.37
435,2,8,71.0
435,3,16,96.27
435,1,0,83.7
435,4,21,124.82
435,2,11,45.92
435,2,9,61.82
435,3,13,36.0
435,4,18,249.0
436,1,2,89.69
436,4,20,71.0
436,3,17,88.95
436,4,22,37.56
436,1,4,94.66
436,1,3,88.83
436,3,15,131.5
436,3,12,189.06
436,4,23,99.44
436,1,5,94.66
436,1,1,80.07
436,3,13,36.0
436,2,9,81.82
436,2,11,52.33
436,4,18,232.47
436,1,0,62.85
436,3,16,100.71
436,2,8,61.93
436,4,21,122.2
437,3,12,189.66
437,3,15,130.9
437,1,3,70.08
437,1,2,68.72
437,4,22,34.75
437,3,17,85.13
437,4,20,71.0
437,1,4,58.55
437,1,5,58.55
437,4,23,95.5
437,1,1,78.41
437,2,8,66.06
437,3,16,91.92
437,1,0,35.17
437,4,21,121.1
437,2,11,29.41
437,2,9,74.31
437,3,13,23.53
437,4,18,238.69
438,1,2,56.65
438,4,20,65.21
438,3,17,76.29
438,4,22,27.16
438,1,4,59.25
438,1,3,57.93
438,3,15,131.02
438,3,12,203.72
438,1,5,59.25
438,4,23,87.37
438,1,1,58.88
438,2,8,52.05
438,3,16,96.11
438,1,0,73.42
438,4,21,119.36
438,2,11,40.62
438,2,9,72.17
438,3,13,22.73
438,4,18,239.58
439,1,2,91.51
439,4,20,67.12
439,3,17,87.48
439,4,22,41.12
439,1,4,86.81
439,1,3,90.21
439,3,15,138.01
439,3,12,188.43
439,4,23,95.73
439,1,5,86.81
439,1,1,82.17
439,3,13,33.25
439,2,9,80.23
439,2,11,57.93
439,4,18,238.54
439,1,0,57.07
439,3,16,95.93
439,2,8,57.09
439,4,21,119.58
440,3,12,200.15
440,3,15,121.41
440,1,3,49.37
440,1,2,50.45
440,4,22,34.8
440,3,17,83.13
440,4,20,65.05
440,1,4,72.66
440,1,5,72.66
440,4,23,87.92
440,1,1,50.92
440,2,8,57.73
440,3,16,101.19
440,1,0,79.7
440,4,21,113.93
440,2,11,43.23
440,2,9,55.66
440,3,13,24.06
440,4,18,246.62
441,4,23,98.4
441,4,20,60.84
441,3,17,88.83
441,4,22,37.01
441,1,4,66.21
441,1,3,66.71
441,3,15,118.82
441,1,2,67.75
441,3,12,187.69
441,1,5,66.21
441,1,1,72.08
441,3,13,27.04
441,2,9,74.14
441,2,11,40.82
441,4,18,238.21
441,1,0,59.63
441,3,16,89.98
441,2,8,67.69
441,4,21,116.7
442,3,12,200.69
442,3,15,122.11
442,1,3,47.59
442,1,2,46.55
442,4,22,26.95
442,3,17,82.14
442,4,20,61.8
442,1,4,58.32
442,4,23,92.27
442,1,5,58.32
442,1,1,50.85
442,2,8,67.33
442,3,16,85.97
442,1,0,77.18
442,4,21,115.71
442,2,11,32.17
442,2,9,63.28
442,3,13,35.82
442,4,18,247.72
443,1,2,52.24
443,4,20,54.82
443,3,17,87.04
443,4,22,33.36
443,1,4,70.42
443,1,3,53.38
443,3,15,129.94
443,3,12,197.17
443,4,23,99.36
443,1,5,70.42
443,1,1,52.33
443,3,13,32.12
443,2,9,69.96
443,2,11,47.85
443,4,18,238.08
443,1,0,77.63
443,3,16,93.67
443,2,8,63.23
443,4,21,120.6
444,3,12,192.06
444,3,15,110.89
444,1,3,42.48
444,1,2,40.58
444,4,22,18.27
444,3,17,78.96
444,4,20,68.17
444,1,4,47.14
444,1,5,47.14
444,4,23,84.1
444,1,1,39.82
444,2,8,64.44
444,3,16,83.2
444,1,0,50.42
444,4,21,108.21
444,2,11,34.69
444,2,9,69.26
444,3,13,27.07
444,4,18,236.33
445,4,23,94.76
445,4,20,62.22
445,3,17,77.83
445,4,22,35.56
445,1,4,69.07
445,1,3,76.94
445,3,15,129.12
445,1,2,72.93
445,1,5,69.07
445,3,12,193.23
445,1,1,72.93
445,3,13,30.78
445,2,9,76.48
445,2,11,50.4
445,4,18,244.74
445,1,0,86.51
445,3,16,102.23
445,2,8,69.32
445,4,21,121.83
446,3,15,122.54
446,1,3,61.17
446,1,4,47.52
446,4,23,85.18
446,3,17,84.7
446,4,20,69.41
446,4,22,25.11
446,1,2,58.95
446,3,12,190.68
446,1,5,47.52
446,2,8,58.87
446,3,16,93.81
446,1,0,62.65
446,4,18,241.27
446,4,21,108.66
446,2,9,70.55
446,3,13,29.0
446,1,1,52.08
446,2,11,39.56
447,1,2,48.63
447,4,20,60.53
447,3,17,76.2
447,4,22,32.5
447,1,4,75.91
447,1,3,52.24
447,3,15,116.37
447,3,12,197.32
447,4,23,101.74
447,4,21,118.93
447,1,1,51.49
447,3,13,31.69
447,2,9,70.55
447,2,11,46.53
447,4,18,238.22
447,1,0,87.34
447,3,16,90.1
447,2,8,56.63
447,1,5,75.91
448,3,12,195.1
448,3,15,117.26
448,1,3,58.25
448,4,23,86.89
448,4,22,30.17
448,3,17,83.64
448,4,20,64.99
448,1,4,67.91
448,1,2,57.18
448,1,5,67.91
448,1,1,61.14
448,2,8,65.12
448,3,16,101.24
448,1,0,64.44
448,4,21,117.66
448,2,11,50.15
448,2,9,62.43
448,3,13,31.87
448,4,18,243.97
449,4,23,97.53
449,4,20,66.23
449,3,17,85.68
449,4,22,35.12
449,1,4,93.53
449,1,3,66.4
449,3,15,124.93
449,1,2,64.97
449,3,12,199.71
449,1,5,93.53
449,1,1,67.5
449,3,13,36.0
449,2,9,73.81
449,2,11,57.17
449,4,18,243.06
449,1,0,77.8
449,3,16,98.37
449,2,8,66.15
449,4,21,113.15
450,3,12,205.75
450,3,15,126.46
450,1,3,84.84
450,1,2,84.77
450,4,22,21.29
450,3,17,86.5
450,4,20,66.41
450,1,4,62.17
450,4,23,100.34
450,1,5,62.17
450,1,1,89.63
450,2,8,67.65
450,3,16,89.55
450,1,0,82.61
450,4,21,120.41
450,2,11,39.07
450,2,9,83.25
450,3,13,29.67
450,4,18,245.09
451,1,2,67.73
451,4,20,62.23
451,3,17,88.38
451,4,22,29.78
451,1,4,61.18
451,1,3,72.04
451,3,15,124.76
451,3,12,187.64
451,4,23,93.06
451,1,5,61.18
451,1,1,65.16
451,3,13,36.0
451,2,9,77.01
451,2,11,37.9
451,4,18,240.32
451,1,0,59.29
451,3,16,92.87
451,2,8,68.11
451,4,21,116.98
452,3,12,200.7
452,3,15,129.77
452,1,3,82.03
452,1,2,78.83
452,4,22,31.26
452,3,17,80.85
452,4,20,65.9
452,1,4,70.42
452,1,5,70.42
452,4,23,97.2
452,1,1,82.13
452,2,8,57.4
452,3,16,93.03
452,1,0,81.84
452,4,21,123.53
452,2,11,47.94
452,2,9,74.1
452,3,13,29.78
452,4,18,244.65
453,4,23,105.76
453,4,20,71.0
453,3,17,84.14
453,4,22,27.21
453,1,4,74.2
453,1,3,55.41
453,3,15,118.65
453,1,2,54.55
453,1,5,74.2
453,3,12,199.82
453,1,1,53.22
453,4,21,130.13
453,3,16,91.42
453,1,0,68.52
453,4,18,233.01
453,2,8,48.26
453,2,9,74.06
453,3,13,31.37
453,2,11,39.04
454,1,2,73.88
454,4,20,71.0
454,3,17,85.64
454,4,22,24.61
454,1,4,69.25
454,1,3,73.7
454,3,15,129.69
454,4,23,98.4
454,1,5,69.25
454,3,12,190.22
454,1,1,77.77
454,2,8,52.87
454,3,16,92.67
454,1,0,66.25
454,4,21,120.31
454,2,11,46.83
454,2,9,70.25
454,3,13,26.44
454,4,18,244.87
455,1,2,85.49
455,4,20,68.05
455,3,17,80.89
455,4,22,19.98
455,1,4,67.49
455,1,3,81.72
455,3,15,131.79
455,3,12,189.36
455,4,23,103.16
455,4,21,128.11
455,1,1,95.04
455,3,13,32.26
455,2,9,77.45
455,2,11,33.62
455,4,18,240.96
455,1,0,66.15
455,3,16,101.69
455,2,8,60.15
455,1,5,67.49
456,3,15,134.49
456,1,3,77.86
456,1,4,90.51
456,4,23,94.06
456,3,17,86.08
456,4,20,64.45
456,4,22,25.36
456,1,2,77.12
456,3,12,196.86
456,1,5,90.51
456,2,8,57.1
456,3,16,96.68
456,1,0,91.33
456,4,18,223.93
456,4,21,124.52
456,2,9,74.76
456,3,13,33.61
456,1,1,76.09
456,2,11,56.47
457,4,23,93.27
457,4,20,71.0
457,3,17,82.13
457,4,22,30.05
457,1,4,67.74
457,1,3,83.94
457,3,15,135.63
457,1,2,92.17
457,1,5,67.74
457,3,12,210.37
457,1,1,90.44
457,2,8,70.32
457,3,16,97.6
457,1,0,74.55
457,4,21,133.43
457,2,11,38.68
457,2,9,86.26
457,3,13,30.67
457,4,18,234.09
458,1,2,60.55
458,4,20,71.0
458,3,17,73.07
458,4,22,26.6
458,1,4,56.23
458,1,3,62.52
458,3,15,133.92
458,3,12,201.38
458,4,23,101.91
458,4,21,117.93
458,1,1,61.65
458,2,8,55.01
458,3,16,98.39
458,1,0,77.62
458,1,5,56.23
458,2,11,41.8
458,2,9,64.01
458,3,13,35.2
458,4,18,239.16
459,1,2,58.57
459,4,20,67.65
459,3,17,79.37
459,4,22,22.01
459,1,4,54.42
459,1,3,60.23
459,3,15,125.06
459,3,12,188.52
459,4,23,96.4
459,1,5,54.42
459,1,1,54.0
459,3,13,31.38
459,2,9,74.61
459,2,11,34.66
459,4,18,246.8
459,1,0,62.14
459,3,16,96.15
459,2,8,64.9
459,4,21,119.03
460,3,12,196.5
460,3,15,128.09
460,1,3,91.04
460,4,23,104.01
460,4,22,41.26
460,3,17,82.55
460,4,20,71.0
460,1,4,77.71
460,1,2,85.31
460,1,5,77.71
460,1,1,87.69
460,2,8,71.0
460,3,16,104.31
460,1,0,68.05
460,4,21,125.38
460,2,11,51.1
460,2,9,81.44
460,3,13,36.0
460,4,18,240.88
461,4,23,106.0
461,4,20,65.48
461,3,17,82.69
461,4,22,36.15
461,1,4,90.88
461,1,3,63.97
461,3,15,123.89
461,1,2,62.73
461,1,5,90.88
461,3,12,200.46
461,1,1,64.29
461,3,13,23.95
461,2,9,78.6
461,2,11,63.28
461,4,18,234.9
461,1,0,89.43
461,3,16,101.01
461,2,8,56.2
461,4,21,122.97
462,3,15,134.95
462,1,3,91.16
462,1,4,88.6
462,4,23,97.49
462,3,17,81.53
462,4,20,71.0
462,4,22,36.11
462,1,2,89.13
462,3,12,184.16
462,1,5,88.6
462,2,8,62.64
462,3,16,93.29
462,1,0,55.9
462,4,18,238.41
462,4,21,126.9
462,2,9,87.05
462,3,13,25.03
462,1,1,92.04
462,2,11,49.54
463,1,2,79.89
463,4,20,70.36
463,3,17,80.12
463,4,22,19.53
463,1,4,61.94
463,1,3,83.54
463,3,15,132.85
463,3,12,203.75
463,4,23,100.58
463,4,21,125.33
463,1,1,76.41
463,3,13,35.99
463,2,9,81.98
463,2,11,41.92
463,4,18,246.84
463,1,0,100.0
463,3,16,95.95
463,2,8,62.89
463,1,5,61.94
464,3,12,195.71
464,3,15,116.25
464,1,3,46.35
464,4,23,92.39
464,4,22,24.71
464,3,17,79.1
464,4,20,62.66
464,1,4,54.93
464,1,2,46.05
464,1,5,54.93
464,1,1,44.69
464,2,8,55.14
464,3,16,91.82
464,1,0,56.48
464,4,21,119.02
464,2,11,33.99
464,2,9,62.72
464,3,13,29.75
464,4,18,233.72
465,4,23,87.12
465,4,20,60.89
465,3,17,82.85
465,4,22,27.96
465,1,4,65.49
465,1,3,46.16
465,3,15,120.19
465,1,2,45.48
465,3,12,197.06
465,1,5,65.49
465,1,1,48.11
465,3,13,36.0
465,2,9,60.27
465,2,11,38.45
465,4,18,238.98
465,1,0,72.71
465,3,16,91.54
465,2,8,53.23
465,4,21,109.98
466,3,12,189.49
466,3,15,121.93
466,1,3,49.34
466,1,2,46.89
466,4,22,30.15
466,3,17,88.96
466,4,20,64.25
466,1,4,61.2
466,4,23,89.6
466,1,5,61.2
466,1,1,49.59
466,2,8,59.96
466,3,16,93.12
466,1,0,46.6
466,4,21,117.54
466,2,11,41.16
466,2,9,75.52
466,3,13,29.06
466,4,18,245.97
467,1,2,54.74
467,4,20,64.35
467,3,17,69.21
467,4,22,42.1
467,1,4,86.49
467,1,3,56.72
467,3,15,115.48
467,3,12,194.65
467,4,23,99.74
467,1,5,86.49
467,1,1,50.88
467,3,13,36.0
467,2,9,69.01
467,2,11,48.42
467,4,18,242.2
467,1,0,58.78
467,3,16,93.01
467,2,8,59.47
467,4,21,103.48
468,3,12,197.93
468,3,15,122.67
468,1,3,55.65
468,1,2,54.05
468,4,22,28.21
468,3,17,82.67
468,4,20,63.24
468,1,4,74.21
468,1,5,74.21
468,4,23,100.92
468,1,1,56.11
468,2,8,59.95
468,3,16,96.82
468,1,0,75.83
468,4,21,118.88
468,2,11,46.06
468,2,9,68.67
468,3,13,35.43
468,4,18,248.83
469,4,23,91.94
469,4,20,71.0
469,3,17,78.53
469,4,22,27.83
469,1,4,55.44
469,1,3,60.11
469,3,15,124.49
469,1,2,60.32
469,1,5,55.44
469,3,12,194.82
469,1,1,64.31
469,4,21,119.65
469,3,16,91.36
469,1,0,60.39
469,4,18,233.23
469,2,8,60.97
469,2,9,63.45
469,3,13,29.7
469,2,11,45.6
470,1,2,61.43
470,4,23,94.68
470,4,20,67.3
470,3,17,84.09
470,4,22,23.8
470,1,4,52.71
470,1,3,61.76
470,3,15,127.43
470,1,5,52.71
470,3,12,209.53
470,1,1,56.58
470,3,16,92.04
470,1,0,70.48
470,4,18,243.38
470,2,8,68.08
470,2,9,63.93
470,3,13,32.66
470,2,11,27.91
470,4,21,110.92
471,4,23,95.19
471,1,2,73.32
471,4,20,71.0
471,3,17,75.7
471,4,22,27.04
471,1,4,60.7
471,1,3,73.67
471,3,15,139.73
471,3,12,183.13
471,1,5,60.7
471,1,1,71.92
471,3,13,35.72
471,2,9,67.05
471,2,11,39.65
471,4,18,242.64
471,1,0,65.45
471,3,16,93.02
471,2,8,63.26
471,4,21,124.0
472,4,23,96.95
472,3,15,132.97
472,1,3,63.79
472,1,2,61.49
472,4,22,38.35
472,3,17,74.58
472,4,20,63.2
472,1,4,59.76
472,1,5,59.76
472,3,12,199.39
472,1,1,65.7
472,2,8,67.18
472,3,16,90.31
472,1,0,51.29
472,4,21,117.48
472,2,11,50.77
472,2,9,74.11
472,3,13,36.0
472,4,18,231.92
473,4,23,106.0
473,4,20,65.65
473,3,17,71.61
473,4,22,34.41
473,1,4,65.91
473,1,3,78.67
473,3,15,134.52
473,1,2,78.33
473,3,12,193.11
473,1,5,65.91
473,1,1,74.46
473,3,13,36.0
473,2,9,78.31
473,2,11,45.68
473,4,18,249.0
473,1,0,80.14
473,3,16,105.78
473,2,8,67.82
473,4,21,121.56
474,3,12,207.75
474,3,15,123.88
474,1,3,68.21
474,1,2,67.21
474,4,22,25.0
474,3,17,85.76
474,4,20,71.0
474,1,4,68.13
474,4,23,88.23
474,4,21,122.55
474,1,1,64.81
474,2,8,64.85
474,3,16,93.02
474,1,0,91.34
474,1,5,68.13
474,2,11,56.72
474,2,9,67.85
474,3,13,33.16
474,4,18,244.05
475,1,2,86.62
475,4,20,64.28
475,3,17,87.96
475,4,22,34.75
475,1,4,81.16
475,1,3,89.61
475,3,15,134.9
475,3,12,181.47
475,4,23,99.97
475,4,21,126.66
475,1,1,86.12
475,3,13,30.11
475,2,9,74.81
475,2,11,52.56
475,4,18,245.12
475,1,0,45.38
475,3,16,87.5
475,2,8,67.36
475,1,5,81.16
476,3,15,125.38
476,1,3,54.71
476,1,4,68.18
476,4,23,96.45
476,3,17,80.21
476,4,20,65.42
476,4,22,30.31
476,1,2,52.94
476,3,12,201.42
476,1,5,68.18
476,2,8,59.37
476,3,16,95.91
476,1,0,78.23
476,4,18,244.21
476,4,21,113.57
476,2,9,68.14
476,3,13,36.0
476,1,1,53.32
476,2,11,48.4
477,4,23,91.8
477,4,20,71.0
477,3,17,88.69
477,4,22,36.52
477,1,4,70.98
477,1,3,55.81
477,3,15,117.57
477,1,2,56.05
477,1,5,70.98
477,3,12,197.82
477,1,1,58.17
477,4,21,116.72
477,3,16,98.14
477,1,0,50.53
477,4,18,249.0
477,2,8,58.43
477,2,9,62.23
477,3,13,31.94
477,2,11,43.22
478,1,2,82.8
478,4,20,60.93
478,3,17,77.88
478,4,22,28.03
478,1,4,62.0
478,1,3,83.63
478,3,15,122.3
478,4,23,96.03
478,1,5,62.0
478,3,12,205.43
478,1,1,89.42
478,2,8,50.7
478,3,16,94.47
478,1,0,74.65
478,4,21,124.19
478,2,11,42.05
478,2,9,90.58
478,3,13,31.74
478,4,18,247.38
479,4,23,92.8
479,4,20,67.86
479,3,17,79.96
479,4,22,38.36
479,1,4,68.42
479,1,3,73.52
479,3,15,133.89
479,1,2,75.82
479,3,12,206.03
479,1,5,68.42
479,1,1,71.38
479,3,13,30.62
479,2,9,72.19
479,2,11,52.76
479,4,18,236.01
479,1,0,87.57
479,3,16,94.17
479,2,8,71.0
479,4,21,126.86
480,3,12,217.15
480,3,15,127.49
480,1,3,57.45
480,1,2,55.8
480,4,22,28.6
480,3,17,78.67
480,4,20,66.33
480,1,4,66.96
480,4,23,97.17
480,4,21,124.05
480,1,1,54.8
480,2,8,62.14
480,3,16,93.8
480,1,0,89.93
480,1,5,66.96
480,2,11,34.87
480,2,9,77.48
480,3,13,24.55
480,4,18,244.48
481,4,23,98.15
481,4,20,67.91
481,3,17,78.09
481,4,22,22.55
481,1,4,52.44
481,1,3,53.74
481,3,15,119.87
481,1,2,54.32
481,3,12,206.19
481,1,5,52.44
481,1,1,55.48
481,3,13,33.8
481,2,9,63.89
481,2,11,40.43
481,4,18,236.89
481,1,0,77.08
481,3,16,102.35
481,2,8,55.45
481,4,21,119.24
482,3,12,205.16
482,3,15,136.11
482,1,3,81.27
482,1,2,80.99
482,4,22,29.15
482,3,17,81.08
482,4,20,57.86
482,1,4,92.03
482,4,23,106.0
482,1,5,92.03
482,1,1,88.96
482,2,8,58.38
482,3,16,102.7
482,1,0,88.79
482,4,21,121.62
482,2,11,62.47
482,2,9,82.85
482,3,13,24.95
482,4,18,247.39
483,1,2,68.93
483,4,20,71.0
483,3,17,86.96
483,4,22,29.8
483,1,4,76.24
483,1,3,70.9
483,3,15,130.16
483,3,12,215.74
483,4,23,94.44
483,1,5,76.24
483,1,1,67.79
483,3,13,32.92
483,2,9,68.1
483,2,11,52.74
483,4,18,241.19
483,1,0,94.59
483,3,16,96.37
483,2,8,67.61
483,4,21,123.3
484,3,12,189.75
484,3,15,115.24
484,1,3,50.7
484,4,23,97.09
484,4,22,37.93
484,3,17,84.68
484,4,20,57.82
484,1,4,70.85
484,1,2,51.0
484,1,5,70.85
484,1,1,51.33
484,2,8,55.3
484,3,16,85.89
484,1,0,68.84
484,4,21,131.23
484,2,11,42.32
484,2,9,64.58
484,3,13,35.3
484,4,18,242.11
485,4,23,106.0
485,4,20,52.51
485,3,17,84.75
485,4,22,35.27
485,1,4,78.62
485,1,3,57.68
485,3,15,124.82
485,1,2,56.29
485,1,5,78.62
485,3,12,193.68
485,1,1,51.34
485,4,21,114.8
485,3,16,102.21
485,1,0,92.06
485,4,18,246.18
485,2,8,71.0
485,2,9,70.68
485,3,13,33.97
485,2,11,48.27
486,1,2,53.2
486,4,20,67.19
486,3,17,75.63
486,4,22,35.49
486,1,4,78.94
486,1,3,54.23
486,3,15,113.91
486,4,23,91.61
486,1,5,78.94
486,3,12,207.46
486,1,1,59.68
486,2,8,61.71
486,3,16,97.5
486,1,0,92.59
486,4,21,115.52
486,2,11,51.48
486,2,9,68.63
486,3,13,30.54
486,4,18,241.14
487,1,2,44.25
487,4,20,61.02
487,3,17,70.43
487,4,22,25.49
487,1,4,52.57
487,1,3,44.19
487,3,15,113.56
487,3,12,193.43
487,4,23,94.08
487,4,21,117.28
487,1,1,42.39
487,3,13,33.1
487,2,9,59.84
487,2,11,32.68
487,4,18,236.54
487,1,0,69.36
487,3,16,89.64
487,2,8,42.4
487,1,5,52.57
488,3,15,124.59
488,1,3,67.61
488,1,4,72.34
488,4,23,98.9
488,3,17,80.99
488,4,20,68.91
488,4,22,31.66
488,1,2,65.77
488,3,12,205.44
488,1,5,72.34
488,2,8,66.57
488,3,16,89.51
488,1,0,72.28
488,4,18,247.57
488,4,21,116.78
488,2,9,77.28
488,3,13,28.28
488,1,1,73.41
488,2,11,50.09
489,4,23,93.99
489,4,20,62.96
489,3,17,88.79
489,4,22,31.76
489,1,4,77.89
489,1,3,90.76
489,3,15,134.36
489,1,2,93.97
489,1,5,77.89
489,3,12,200.33
489,1,1,98.07
489,2,8,64.86
489,3,16,90.98
489,1,0,53.68
489,4,21,124.97
489,2,11,47.46
489,2,9,88.05
489,3,13,36.0
489,4,18,239.92
490,1,2,70.46
490,4,20,71.0
490,3,17,76.96
490,4,22,34.02
490,1,4,60.13
490,1,3,69.22
490,3,15,129.67
490,3,12,197.17
490,4,23,96.43
490,4,21,118.05
490,1,1,79.31
490,2,8,53.88
490,3,16,99.37
490,1,0,73.0
490,1,5,60.13
490,2,11,39.4
490,2,9,75.56
490,3,13,29.84
490,4,18,246.45
491,1,2,79.87
491,4,20,62.28
491,3,17,90.25
491,4,22,37.17
491,1,4,73.8
491,1,3,84.24
491,3,15,124.3
491,3,12,194.06
491,4,23,93.43
491,1,5,73.8
491,1,1,77.07
491,3,13,33.94
491,2,9,86.26
491,2,11,42.27
491,4,18,243.28
491,1,0,62.47
491,3,16,96.24
491,2,8,64.78
491,4,21,119.98
492,3,12,196.31
492,3,15,134.54
492,1,3,55.1
492,4,23,95.43
492,4,22,45.44
492,3,17,94.33
492,4,20,65.46
492,1,4,90.36
492,1,2,53.33
492,1,5,90.36
492,1,1,56.78
492,2,8,57.85
492,3,16,95.29
492,1,0,94.4
492,4,21,115.21
492,2,11,54.89
492,2,9,70.72
492,3,13,27.25
492,4,18,242.95
493,4,23,99.15
493,4,20,61.21
493,3,17,86.74
493,4,22,26.42
493,1,4,57.57
493,1,3,87.37
493,3,15,136.33
493,1,2,88.25
493,1,5,57.57
493,3,12,204.19
493,1,1,85.57
493,3,13,29.57
493,2,9,80.62
493,2,11,39.51
493,4,18,244.06
493,1,0,97.37
493,3,16,87.25
493,2,8,68.26
493,4,21,118.69
494,3,15,126.03
494,1,3,81.49
494,1,4,77.81
494,4,23,95.05
494,3,17,82.3
494,4,20,64.77
494,4,22,21.84
494,1,2,79.29
494,3,12,201.76
494,1,5,77.81
494,2,8,69.46
494,3,16,99.98
494,1,0,94.01
494,4,18,240.61
494,4,21,123.36
494,2,9,86.23
494,3,13,36.0
494,1,1,79.83
494,2,11,49.89
495,1,2,54.63
495,4,20,69.55
495,3,17,77.02
495,4,22,25.7
495,1,4,60.02
495,1,3,59.59
495,3,15,128.38
495,3,12,202.43
495,4,23,87.5
495,4,21,114.91
495,1,1,56.89
495,3,13,30.94
495,2,9,62.63
495,2,11,38.82
495,4,18,239.95
495,1,0,79.86
495,3,16,98.0
495,2,8,63.43
495,1,5,60.02
496,3,12,190.64
496,3,15,121.29
496,1,3,51.58
496,4,23,98.31
496,4,22,33.1
496,3,17,81.32
496,4,20,67.34
496,1,4,75.17
496,1,2,49.9
496,1,5,75.17
496,1,1,49.53
496,2,8,57.96
496,3,16,88.5
496,1,0,83.99
496,4,21,117.7
496,2,11,47.36
496,2,9,69.59
496,3,13,31.55
496,4,18,238.87
497,4,23,97.03
497,4,20,71.0
497,3,17,78.42
497,4,22,25.76
497,1,4,59.84
497,1,3,54.92
497,3,15,128.65
497,1,2,56.1
497,3,12,199.89
497,1,5,59.84
497,1,1,53.89
497,3,13,26.98
497,2,9,64.72
497,2,11,42.59
497,4,18,239.01
497,1,0,60.07
497,3,16,86.92
497,2,8,60.24
497,4,21,113.72
498,3,12,195.69
498,3,15,128.12
498,1,3,85.07
498,1,2,84.83
498,4,22,32.22
498,3,17,84.73
498,4,20,69.05
498,1,4,69.54
498,4,23,93.31
498,1,5,69.54
498,1,1,83.82
498,2,8,66.59
498,3,16,93.79
498,1,0,63.38
498,4,21,120.73
498,2,11,44.72
498,2,9,82.59
498,3,13,36.0
498,4,18,237.52
499,1,2,92.56
499,4,20,70.61
499,3,17,83.52
499,4,22,25.22
499,1,4,73.04
499,1,3,95.82
499,3,15,124.41
499,3,12,194.13
499,4,23,93.21
499,1,5,73.04
499,1,1,93.06
499,3,13,33.95
499,2,9,81.99
499,2,11,55.39
499,4,18,242.63
499,1,0,68.36
499,3,16,94.34
499,2,8,68.19
499,4,21,124.44
500,3,12,193.48
500,3,15,111.39
500,1,3,42.46
500,1,2,41.29
500,4,22,26.1
500,3,17,76.21
500,4,20,64.98
500,1,4,60.07
500,1,5,60.07
500,4,23,88.66
500,1,1,44.21
500,2,8,46.32
500,3,16,92.36
500,1,0,66.5
500,4,21,117.13
500,2,11,40.44
500,2,9,59.15
500,3,13,31.17
500,4,18,234.75
501,1,2,57.27
501,4,20,71.0
501,3,17,71.95
501,4,22,33.66
501,1,4,79.57
501,1,3,57.05
501,3,15,122.8
501,3,12,200.39
501,1,5,79.57
501,4,23,95.85
501,1,1,59.82
501,2,8,64.99
501,3,16,93.46
501,1,0,73.27
501,4,21,119.11
501,2,11,53.23
501,2,9,70.65
501,3,13,28.73
501,4,18,244.99
502,1,2,70.31
502,4,20,59.78
502,3,17,77.4
502,4,22,26.93
502,1,4,65.88
502,1,3,72.4
502,3,15,136.05
502,3,12,210.85
502,4,23,94.65
502,1,5,65.88
502,1,1,74.11
502,3,13,30.35
502,2,9,69.01
502,2,11,46.4
502,4,18,245.8
502,1,0,94.76
502,3,16,97.65
502,2,8,60.6
502,4,21,116.89
503,3,12,200.15
503,3,15,121.58
503,1,3,52.82
503,1,2,55.17
503,4,22,27.72
503,3,17,79.69
503,4,20,71.0
503,1,4,57.43
503,1,5,57.43
503,4,23,100.1
503,1,1,57.29
503,2,8,70.93
503,3,16,87.77
503,1,0,83.17
503,4,21,109.56
503,2,11,36.53
503,2,9,64.71
503,3,13,36.0
503,4,18,247.73
504,4,23,100.22
504,4,20,67.19
504,3,17,83.72
504,4,22,33.17
504,1,4,71.89
504,1,3,44.71
504,3,15,122.75
504,1,2,42.71
504,3,12,183.82
504,1,5,71.89
504,1,1,50.16
504,3,13,35.76
504,2,9,68.31
504,2,11,40.74
504,4,18,245.95
504,1,0,52.96
504,3,16,99.22
504,2,8,59.22
504,4,21,110.77
505,3,12,192.77
505,3,15,126.19
505,1,3,57.97
505,1,2,55.04
505,4,22,25.01
505,3,17,90.75
505,4,20,71.0
505,1,4,68.92
505,4,23,97.54
505,1,5,68.92
505,1,1,53.71
505,2,8,59.03
505,3,16,98.72
505,1,0,61.21
505,4,21,116.45
505,2,11,29.23
505,2,9,62.95
505,3,13,34.77
505,4,18,242.62
506,1,2,86.15
506,4,20,71.0
506,3,17,83.38
506,4,22,30.36
506,1,4,71.6
506,1,3,87.05
506,3,15,129.15
506,3,12,197.76
506,4,23,93.79
506,1,5,71.6
506,1,1,77.61
506,3,13,36.0
506,2,9,82.38
506,2,11,47.32
506,4,18,243.79
506,1,0,70.35
506,3,16,91.11
506,2,8,71.0
506,4,21,125.3
507,3,12,207.1
507,3,15,122.04
507,1,3,50.52
507,1,2,50.71
507,4,22,38.02
507,3,17,85.79
507,4,20,65.83
507,1,4,72.11
507,1,5,72.11
507,4,23,99.42
507,1,1,52.34
507,2,8,57.91
507,3,16,91.19
507,1,0,82.97
507,4,21,112.3
507,2,11,47.59
507,2,9,64.58
507,3,13,36.0
507,4,18,239.36
508,4,23,104.28
508,4,20,62.99
508,3,17,81.43
508,4,22,38.14
508,1,4,85.36
508,1,3,81.1
508,3,15,128.78
508,1,2,79.94
508,1,5,85.36
508,3,12,201.24
508,1,1,75.28
508,3,13,36.0
508,2,9,80.89
508,2,11,58.7
508,4,18,234.64
508,1,0,81.49
508,3,16,96.19
508,2,8,57.08
508,4,21,125.76
509,3,15,126.45
509,1,3,62.18
509,1,4,74.32
509,4,23,103.67
509,3,17,82.85
509,4,20,71.0
509,4,22,32.01
509,1,2,60.73
509,3,12,198.42
509,1,5,74.32
509,2,8,59.04
509,3,16,102.78
509,1,0,86.29
509,4,18,238.98
509,4,21,119.78
509,2,9,79.0
509,3,13,28.84
509,1,1,64.58
509,2,11,47.76
510,1,2,61.41
510,4,20,70.06
510,3,17,74.1
510,4,22,30.01
510,1,4,54.03
510,1,3,61.01
510,3,15,128.86
510,3,12,190.17
510,4,23,94.87
510,4,21,119.49
510,1,1,65.57
510,3,13,31.79
510,2,9,79.09
510,2,11,34.68
510,4,18,244.74
510,1,0,51.97
510,3,16,97.07
510,2,8,68.35
510,1,5,54.03
511,3,12,199.1
511,3,15,129.93
511,1,3,76.64
511,4,23,100.28
511,4,22,38.17
511,3,17,85.9
511,4,20,65.97
511,1,4,89.99
511,1,2,70.53
511,1,5,89.99
511,1,1,75.92
511,2,8,71.0
511,3,16,88.16
511,1,0,82.85
511,4,21,106.81
511,2,11,49.6
511,2,9,81.32
511,3,13,35.7
511,4,18,249.0
512,4,23,90.35
512,4,20,71.0
512,3,17,79.4
512,4,22,26.93
512,1,4,60.02
512,1,3,47.1
512,3,15,113.33
512,1,2,49.87
512,3,12,199.29
512,1,5,60.02
512,1,1,49.12
512,3,13,30.2
512,2,9,64.16
512,2,11,41.95
512,4,18,247.17
512,1,0,79.29
512,3,16,89.42
512,2,8,60.4
512,4,21,118.63
513,3,12,207.09
513,3,15,130.64
513,1,3,69.89
513,1,2,69.23
513,4,22,36.36
513,3,17,83.5
513,4,20,68.07
513,1,4,67.99
513,4,23,101.4
513,1,5,67.99
513,1,1,67.23
513,2,8,66.81
513,3,16,98.71
513,1,0,88.49
513,4,21,122.89
513,2,11,48.17
513,2,9,80.88
513,3,13,28.17
513,4,18,240.68
514,1,2,64.95
514,4,20,66.77
514,3,17,74.86
514,4,22,35.42
514,1,4,79.52
514,1,3,69.94
514,3,15,130.62
514,3,12,195.57
514,4,23,103.97
514,1,5,79.52
514,1,1,70.05
514,3,13,29.69
514,2,9,70.47
514,2,11,38.76
514,4,18,241.01
514,1,0,79.82
514,3,16,89.03
514,2,8,58.79
514,4,21,124.4
515,3,12,209.96
515,3,15,129.83
515,1,3,80.2
515,1,2,83.69
515,4,22,31.65
515,3,17,88.75
515,4,20,71.0
515,1,4,84.7
515,1,5,84.7
515,4,23,88.27
515,1,1,88.06
515,2,8,57.68
515,3,16,88.88
515,1,0,91.7
515,4,21,126.11
515,2,11,48.42
515,2,9,86.11
515,3,13,26.53
515,4,18,237.77
516,4,23,102.56
516,4,20,67.04
516,3,17,83.15
516,4,22,25.18
516,1,4,71.26
516,1,3,90.27
516,3,15,125.66
516,1,2,93.04
516,1,5,71.26
516,3,12,200.99
516,1,1,99.24
516,4,21,118.85
516,3,16,96.12
516,1,0,95.38
516,4,18,232.09
516,2,8,56.07
516,2,9,82.0
516,3,13,31.94
516,2,11,49.34
517,1,2,90.56
517,4,20,64.52
517,3,17,86.73
517,4,22,36.77
517,1,4,97.21
517,1,3,93.51
517,3,15,127.27
517,4,23,97.93
517,1,5,97.21
517,3,12,197.02
517,1,1,95.03
517,2,8,71.0
517,3,16,103.73
517,1,0,51.97
517,4,21,128.4
517,2,11,52.04
517,2,9,88.47
517,3,13,35.0
517,4,18,247.59
518,1,2,71.94
518,4,20,59.24
518,3,17,83.46
518,4,22,21.66
518,1,4,69.64
518,1,3,72.21
518,3,15,127.21
518,3,12,195.06
518,4,23,96.38
518,4,21,115.04
518,1,1,76.82
518,3,13,35.35
518,2,9,75.66
518,2,11,42.92
518,4,18,247.47
518,1,0,90.62
518,3,16,92.38
518,2,8,53.32
518,1,5,69.64
519,3,15,131.98
519,1,3,81.36
519,1,4,77.48
519,4,23,96.5
519,3,17,83.78
519,4,20,71.0
519,4,22,35.44
519,1,2,82.17
519,3,12,195.9
519,1,5,77.48
519,2,8,71.0
519,3,16,100.31
519,1,0,78.49
519,4,18,237.96
519,4,21,125.76
519,2,9,74.46
519,3,13,28.4
519,1,1,80.62
519,2,11,49.29
520,4,23,93.89
520,4,20,67.71
520,3,17,82.02
520,4,22,25.53
520,1,4,56.66
520,1,3,74.68
520,3,15,126.14
520,1,2,77.34
520,1,5,56.66
520,3,12,196.8
520,1,1,78.77
520,2,8,58.71
520,3,16,103.74
520,1,0,68.64
520,4,21,120.28
520,2,11,43.26
520,2,9,80.56
520,3,13,33.49
520,4,18,238.97
521,1,2,82.08
521,4,20,58.18
521,3,17,81.57
521,4,22,30.9
521,1,4,68.0
521,1,3,83.41
521,3,15,141.44
521,3,12,201.03
521,4,23,106.0
521,4,21,122.51
521,1,1,87.25
521,2,8,66.01
521,3,16,89.08
521,1,0,85.2
521,1,5,68.0
521,2,11,37.73
521,2,9,87.05
521,3,13,27.56
521,4,18,240.43
522,1,2,86.55
522,4,20,60.62
522,3,17,70.08
522,4,22,34.54
522,1,4,66.96
522,1,3,86.79
522,3,15,132.25
522,3,12,205.59
522,4,23,95.36
522,1,5,66.96
522,1,1,88.29
522,3,13,36.0
522,2,9,82.61
522,2,11,43.73
522,4,18,244.47
522,1,0,100.0
522,3,16,89.94
522,2,8,63.95
522,4,21,114.89
523,3,12,190.57
523,3,15,123.79
523,1,3,52.4
523,4,23,97.19
523,4,22,29.85
523,3,17,79.59
523,4,20,64.61
523,1,4,68.73
523,1,2,51.01
523,1,5,68.73
523,1,1,48.71
523,2,8,60.8
523,3,16,99.32
523,1,0,82.13
523,4,21,114.25
523,2,11,39.38
523,2,9,66.29
523,3,13,33.79
523,4,18,240.53
524,4,23,92.3
524,4,20,70.96
524,3,17,77.19
524,4,22,28.94
524,1,4,54.2
524,1,3,73.52
524,3,15,123.24
524,1,2,73.14
524,1,5,54.2
524,3,12,182.53
524,1,1,69.19
524,3,13,30.97
524,2,9,74.3
524,2,11,40.45
524,4,18,246.46
524,1,0,46.08
524,3,16,83.7
524,2,8,63.09
524,4,21,112.18
525,3,15,129.94
525,1,3,70.6
525,1,4,79.09
525,4,23,99.17
525,3,17,85.74
525,4,20,71.0
525,4,22,34.96
525,1,2,67.5
525,3,12,192.69
525,1,5,79.09
525,2,8,61.17
525,3,16,95.51
525,1,0,64.94
525,4,18,237.66
525,4,21,126.09
525,2,9,77.51
525,3,13,30.88
525,1,1,66.71
525,2,11,44.01
526,1,2,80.61
526,4,20,71.0
526,3,17,81.38
526,4,22,39.62
526,1,4,98.75
526,1,3,79.83
526,3,15,128.61
526,3,12,200.61
526,4,23,95.43
526,4,21,119.15
526,1,1,92.79
526,3,13,34.53
526,2,9,74.11
526,2,11,50.78
526,4,18,235.77
526,1,0,70.94
526,3,16,92.86
526,2,8,65.96
526,1,5,98.75
527,3,12,200.03
527,3,15,131.22
527,1,3,68.79
527,4,23,87.53
527,4,22,29.08
527,3,17,78.16
527,4,20,71.0
527,1,4,65.83
527,1,2,67.74
527,1,5,65.83
527,1,1,71.43
527,2,8,55.64
527,3,16,94.98
527,1,0,83.61
527,4,21,120.61
527,2,11,47.49
527,2,9,75.65
527,3,13,31.92
527,4,18,246.54
528,4,23,96.67
528,4,20,69.54
528,3,17,78.78
528,4,22,26.35
528,1,4,65.48
528,1,3,61.41
528,3,15,119.03
528,1,2,62.26
528,3,12,207.11
528,1,5,65.48
528,1,1,64.57
528,3,13,32.63
528,2,9,70.79
528,2,11,43.66
528,4,18,240.38
528,1,0,95.22
528,3,16,91.54
528,2,8,57.83
528,4,21,106.64
529,3,12,200.93
529,3,15,136.08
529,1,3,72.21
529,1,2,71.89
529,4,22,47.68
529,3,17,89.38
529,4,20,70.99
529,1,4,100.0
529,4,23,92.53
529,1,5,100.0
529,1,1,71.18
529,2,8,66.12
529,3,16,103.55
529,1,0,74.92
529,4,21,121.55
529,2,11,64.48
529,2,9,74.86
529,3,13,31.29
529,4,18,244.72
530,1,2,89.08
530,4,20,59.02
530,3,17,75.99
530,4,22,32.41
530,1,4,68.14
530,1,3,91.65
530,3,15,137.66
530,3,12,197.43
530,4,23,102.72
530,1,5,68.14
530,1,1,83.46
530,3,13,28.83
530,2,9,80.53
530,2,11,40.71
530,4,18,239.32
530,1,0,73.55
530,3,16,93.5
530,2,8,63.3
530,4,21,119.05
531,3,15,116.62
531,1,3,61.82
531,1,4,79.14
531,3,12,206.41
531,3,17,76.05
531,4,20,71.0
531,4,23,103.65
531,4,22,36.25
531,1,2,59.73
531,1,5,79.14
531,4,21,107.07
531,3,16,93.66
531,1,0,100.0
531,4,18,243.11
531,2,8,57.54
531,2,9,71.05
531,3,13,36.0
531,1,1,61.21
531,2,11,48.77
532,1,2,67.02
532,4,20,66.48
532,3,17,82.34
532,4,22,26.45
532,1,4,80.93
532,1,3,65.15
532,3,15,128.02
532,3,12,201.95
532,1,5,80.93
532,4,23,101.64
532,1,1,67.99
532,2,8,56.8
532,3,16,104.67
532,1,0,76.96
532,4,21,119.77
532,2,11,48.4
532,2,9,80.01
532,3,13,23.1
532,4,18,242.34
533,1,2,77.06
533,4,20,70.71
533,3,17,85.19
533,4,22,31.61
533,1,4,65.75
533,1,3,73.36
533,3,15,126.9
533,3,12,193.01
533,4,23,91.72
533,1,5,65.75
533,1,1,73.09
533,3,13,29.73
533,2,9,76.96
533,2,11,43.94
533,4,18,241.13
533,1,0,80.58
533,3,16,101.52
533,2,8,63.8
533,4,21,128.08
534,3,12,204.27
534,3,15,128.99
534,1,3,79.59
534,1,2,75.64
534,4,22,18.36
534,3,17,78.52
534,4,20,65.43
534,1,4,53.08
534,1,5,53.08
534,4,23,99.11
534,1,1,75.78
534,2,8,59.97
534,3,16,90.19
534,1,0,100.0
534,4,21,128.4
534,2,11,32.74
534,2,9,73.2
534,3,13,31.63
534,4,18,233.12
535,4,23,96.8
535,4,20,71.0
535,3,17,79.85
535,4,22,44.07
535,1,4,74.96
535,1,3,78.56
535,3,15,134.72
535,1,2,79.33
535,3,12,191.89
535,1,5,74.96
535,1,1,77.92
535,3,13,35.68
535,2,9,70.94
535,2,11,43.24
535,4,18,237.49
535,1,0,54.15
535,3,16,106.0
535,2,8,51.7
535,4,21,115.23
536,3,12,197.15
536,3,15,129.78
536,1,3,59.69
536,1,2,58.27
536,4,22,26.45
536,3,17,73.37
536,4,20,64.13
536,1,4,77.97
536,4,23,94.29
536,1,5,77.97
536,1,1,60.18
536,2,8,59.27
536,3,16,103.59
536,1,0,64.58
536,4,21,115.93
536,2,11,51.73
536,2,9,74.97
536,3,13,36.0
536,4,18,237.4
537,1,2,65.71
537,4,20,70.92
537,3,17,78.82
537,4,22,31.18
537,1,4,70.96
537,1,3,63.76
537,3,15,131.98
537,3,12,208.53
537,4,23,97.57
537,1,5,70.96
537,1,1,65.86
537,3,13,31.93
537,2,9,77.24
537,2,11,44.98
537,4,18,243.3
537,1,0,79.44
537,3,16,97.58
537,2,8,65.51
537,4,21,119.63
538,3,12,196.74
538,3,15,129.24
538,1,3,83.51
538,1,2,79.03
538,4,22,26.72
538,3,17,79.72
538,4,20,65.2
538,1,4,70.23
538,1,5,70.23
538,4,23,96.8
538,1,1,80.42
538,2,8,63.75
538,3,16,95.56
538,1,0,64.24
538,4,21,123.76
538,2,11,49.67
538,2,9,75.76
538,3,13,30.17
538,4,18,239.05
539,4,23,98.17
539,4,20,63.82
539,3,17,81.26
539,4,22,19.89
539,1,4,57.71
539,1,3,50.09
539,3,15,118.49
539,1,2,48.46
539,1,5,57.71
539,3,12,185.98
539,1,1,50.29
539,3,13,30.81
539,2,9,66.27
539,2,11,43.84
539,4,18,232.69
539,1,0,61.97
539,3,16,86.63
539,2,8,60.68
539,4,21,118.32
540,3,15,126.95
540,1,3,72.72
540,1,4,79.23
540,4,23,92.94
540,3,17,79.96
540,4,20,70.44
540,4,22,25.19
540,1,2,68.91
540,3,12,192.31
540,1,5,79.23
540,2,8,61.17
540,3,16,91.32
540,1,0,74.2
540,4,18,231.07
540,4,21,127.67
540,2,9,71.24
540,3,13,35.24
540,1,1,71.1
540,2,11,49.68
541,1,2,83.44
541,4,20,66.82
541,3,17,77.23
541,4,22,26.13
541,1,4,56.94
541,1,3,83.76
541,3,15,133.62
541,3,12,198.2
541,4,23,99.8
541,4,21,124.53
541,1,1,91.11
541,3,13,35.88
541,2,9,76.2
541,2,11,42.75
541,4,18,249.0
541,1,0,83.12
541,3,16,95.28
541,2,8,70.3
541,1,5,56.94
542,3,12,197.06
542,3,15,115.92
542,1,3,51.44
542,4,23,100.76
542,4,22,18.87
542,3,17,81.31
542,4,20,66.38
542,1,4,45.5
542,1,2,49.51
542,1,5,45.5
542,1,1,47.76
542,2,8,56.05
542,3,16,80.3
542,1,0,56.36
542,4,21,111.04
542,2,11,39.89
542,2,9,56.06
542,3,13,29.52
542,4,18,241.75
543,4,23,94.22
543,4,20,61.3
543,3,17,78.87
543,4,22,23.42
543,1,4,70.43
543,1,3,61.43
543,3,15,127.86
543,1,2,60.35
543,3,12,195.23
543,1,5,70.43
543,1,1,69.33
543,3,13,22.57
543,2,9,73.76
543,2,11,50.62
543,4,18,240.55
543,1,0,72.76
543,3,16,100.22
543,2,8,53.54
543,4,21,113.74
544,3,12,199.29
544,3,15,132.17
544,1,3,76.58
544,1,2,76.37
544,4,22,31.27
544,3,17,87.41
544,4,20,62.85
544,1,4,78.53
544,4,23,99.72
544,1,5,78.53
544,1,1,78.25
544,2,8,65.81
544,3,16,101.49
544,1,0,88.89
544,4,21,121.67
544,2,11,43.12
544,2,9,66.77
544,3,13,32.94
544,4,18,240.5
545,1,2,67.81
545,4,20,71.0
545,3,17,92.34
545,4,22,43.91
545,1,4,98.59
545,1,3,73.67
545,3,15,119.83
545,3,12,194.54
545,4,23,105.92
545,1,5,98.59
545,1,1,70.54
545,3,13,32.18
545,2,9,75.92
545,2,11,56.15
545,4,18,239.25
545,1,0,56.51
545,3,16,99.52
545,2,8,60.32
545,4,21,119.92
546,3,12,189.18
546,3,15,131.15
546,1,3,75.23
546,1,2,71.9
546,4,22,24.71
546,3,17,80.7
546,4,20,68.54
546,1,4,66.52
546,1,5,66.52
546,4,23,98.09
546,1,1,68.61
546,2,8,62.26
546,3,16,98.77
546,1,0,55.41
546,4,21,119.4
546,2,11,43.34
546,2,9,68.82
546,3,13,34.31
546,4,18,241.79
547,4,23,96.76
547,4,20,71.0
547,3,17,87.71
547,4,22,34.84
547,1,4,85.98
547,1,3,44.11
547,3,15,116.43
547,1,2,44.0
547,1,5,85.98
547,3,12,194.24
547,1,1,43.85
547,4,21,109.08
547,3,16,97.72
547,1,0,76.42
547,4,18,238.4
547,2,8,54.63
547,2,9,64.03
547,3,13,29.16
547,2,11,57.65
548,1,2,69.58
548,4,20,61.8
548,3,17,83.04
548,4,22,43.64
548,1,4,79.47
548,1,3,70.04
548,3,15,122.45
548,4,23,104.59
548,1,5,79.47
548,3,12,191.44
548,1,1,72.72
548,2,8,65.36
548,3,16,95.43
548,1,0,51.58
548,4,21,109.07
548,2,11,49.97
548,2,9,70.07
548,3,13,32.92
548,4,18,245.22
549,1,2,47.8
549,4,20,67.42
549,3,17,80.3
549,4,22,30.14
549,1,4,57.95
549,1,3,50.69
549,3,15,118.51
549,3,12,192.73
549,4,23,89.59
549,4,21,109.64
549,1,1,44.88
549,3,13,30.93
549,2,9,75.06
549,2,11,41.42
549,4,18,249.0
549,1,0,60.57
549,3,16,97.31
549,2,8,64.76
549,1,5,57.95
550,3,15,127.27
550,1,3,76.49
550,1,4,64.88
550,4,23,98.73
550,3,17,83.62
550,4,20,71.0
550,4,22,25.44
550,1,2,73.02
550,3,12,196.71
550,1,5,64.88
550,2,8,67.02
550,3,16,101.23
550,1,0,62.07
550,4,18,243.04
550,4,21,119.2
550,2,9,74.2
550,3,13,28.07
550,1,1,75.64
550,2,11,48.59
551,4,23,96.17
551,4,20,67.7
551,3,17,94.58
551,4,22,35.59
551,1,4,100.0
551,1,3,82.51
551,3,15,131.65
551,1,2,82.76
551,1,5,100.0
551,3,12,196.88
551,1,1,82.98
551,2,8,58.81
551,3,16,98.04
551,1,0,65.89
551,4,21,115.77
551,2,11,60.32
551,2,9,71.12
551,3,13,35.13
551,4,18,237.32
552,1,2,54.45
552,4,20,66.39
552,3,17,76.46
552,4,22,28.63
552,1,4,52.64
552,1,3,54.13
552,3,15,123.61
552,3,12,191.07
552,4,23,96.34
552,4,21,108.82
552,1,1,57.35
552,2,8,59.83
552,3,16,92.1
552,1,0,51.83
552,1,5,52.64
552,2,11,39.98
552,2,9,68.0
552,3,13,36.0
552,4,18,241.81
553,1,2,53.31
553,4,20,71.0
553,3,17,80.92
553,4,22,31.52
553,1,4,64.2
553,1,3,55.6
553,3,15,128.48
553,3,12,196.71
553,4,23,92.03
553,1,5,64.2
553,1,1,54.01
553,3,13,29.6
553,2,9,68.31
553,2,11,46.13
553,4,18,227.93
553,1,0,74.33
553,3,16,90.88
553,2,8,57.11
553,4,21,119.65
554,3,12,193.31
554,3,15,119.53
554,1,3,49.74
554,4,23,92.3
554,4,22,28.8
554,3,17,81.56
554,4,20,66.11
554,1,4,49.72
554,1,2,47.51
554,1,5,49.72
554,1,1,49.89
554,2,8,59.43
554,3,16,89.49
554,1,0,78.89
554,4,21,116.66
554,2,11,35.77
554,2,9,66.68
554,3,13,32.76
554,4,18,242.44
555,4,23,97.46
555,4,20,68.0
555,3,17,90.34
555,4,22,40.59
555,1,4,75.73
555,1,3,59.1
555,3,15,125.77
555,1,2,60.2
555,1,5,75.73
555,3,12,198.26
555,1,1,53.89
555,3,13,36.0
555,2,9,72.09
555,2,11,48.27
555,4,18,233.27
555,1,0,74.98
555,3,16,99.86
555,2,8,56.47
555,4,21,112.65
556,3,15,116.67
556,1,3,66.4
556,1,4,77.91
556,4,23,84.49
556,3,17,85.41
556,4,20,60.6
556,4,22,28.73
556,1,2,63.55
556,3,12,189.94
556,1,5,77.91
556,2,8,58.26
556,3,16,98.06
556,1,0,51.81
556,4,18,249.0
556,4,21,122.35
556,2,9,73.08
556,3,13,32.69
556,1,1,72.94
556,2,11,54.66
557,1,2,88.87
557,4,20,71.0
557,3,17,81.33
557,4,22,38.54
557,1,4,68.46
557,1,3,88.61
557,3,15,122.94
557,3,12,198.69
557,4,23,106.0
557,4,21,115.82
557,1,1,90.03
557,3,13,36.0
557,2,9,81.18
557,2,11,35.8
557,4,18,243.34
557,1,0,87.62
557,3,16,96.46
557,2,8,60.13
557,1,5,68.46
558,3,12,198.71
558,3,15,122.43
558,1,3,69.25
558,4,23,106.0
558,4,22,34.56
558,3,17,91.53
558,4,20,64.76
558,1,4,96.25
558,1,2,69.49
558,1,5,96.25
558,1,1,70.19
558,2,8,59.9
558,3,16,92.71
558,1,0,60.5
558,4,21,117.58
558,2,11,67.33
558,2,9,75.74
558,3,13,31.7
558,4,18,244.07
559,4,23,103.91
559,4,20,68.74
559,3,17,86.6
559,4,22,30.99
559,1,4,95.9
559,1,3,87.75
559,3,15,128.17
559,1,2,87.99
559,3,12,207.6
559,1,5,95.9
559,1,1,93.91
559,3,13,26.07
559,2,9,79.45
559,2,11,54.31
559,4,18,236.38
559,1,0,86.46
559,3,16,105.44
559,2,8,52.89
559,4,21,123.05
560,3,12,194.46
560,3,15,126.37
560,1,3,53.92
560,1,2,55.59
560,4,22,30.93
560,3,17,78.7
560,4,20,71.0
560,1,4,65.63
560,4,23,95.02
560,1,5,65.63
560,1,1,56.04
560,2,8,54.46
560,3,16,95.68
560,1,0,50.27
560,4,21,112.85
560,2,11,52.13
560,2,9,70.16
560,3,13,36.0
560,4,18,230.96
561,1,2,92.49
561,4,20,71.0
561,3,17,95.03
561,4,22,34.0
561,1,4,73.36
561,1,3,88.31
561,3,15,129.24
561,3,12,209.61
561,4,23,88.14
561,1,5,73.36
561,1,1,90.49
561,3,13,36.0
561,2,9,82.28
561,2,11,46.24
561,4,18,238.51
561,1,0,94.74
561,3,16,91.0
561,2,8,65.16
561,4,21,126.95
562,3,12,194.29
562,3,15,126.26
562,1,3,64.0
562,1,2,62.87
562,4,22,29.95
562,3,17,77.35
562,4,20,65.09
562,1,4,64.56
562,1,5,64.56
562,4,23,96.94
562,1,1,66.06
562,2,8,63.81
562,3,16,92.74
562,1,0,71.49
562,4,21,119.23
562,2,11,42.88
562,2,9,73.28
562,3,13,28.02
562,4,18,233.16
563,1,2,80.3
563,4,20,61.88
563,3,17,83.27
563,4,22,27.32
563,1,4,91.22
563,1,3,76.88
563,3,15,135.66
563,3,12,190.17
563,1,5,91.22
563,4,23,97.83
563,1,1,77.21
563,2,8,62.94
563,3,16,100.23
563,1,0,77.44
563,4,21,124.93
563,2,11,44.8
563,2,9,78.49
563,3,13,35.84
563,4,18,242.29
564,1,2,67.12
564,4,20,61.02
564,3,17,82.05
564,4,22,20.97
564,1,4,59.09
564,1,3,69.78
564,3,15,117.02
564,3,12,202.24
564,4,23,90.73
564,1,5,59.09
564,1,1,63.89
564,3,13,27.87
564,2,9,71.02
564,2,11,41.01
564,4,18,234.61
564,1,0,66.92
564,3,16,99.33
564,2,8,63.36
564,4,21,122.64
565,3,12,184.87
565,3,15,102.84
565,1,3,30.29
565,1,2,31.74
565,4,22,33.21
565,3,17,86.56
565,4,20,67.33
565,1,4,60.11
565,1,5,60.11
565,4,23,98.81
565,1,1,33.13
565,2,8,57.82
565,3,16,94.78
565,1,0,59.67
565,4,21,107.48
565,2,11,41.08
565,2,9,60.64
565,3,13,20.98
565,4,18,241.96
566,4,23,95.28
566,4,20,71.0
566,3,17,87.64
566,4,22,34.57
566,1,4,75.38
566,1,3,71.75
566,3,15,125.45
566,1,2,69.94
566,3,12,209.39
566,1,5,75.38
566,1,1,65.05
566,3,13,36.0
566,2,9,72.52
566,2,11,48.35
566,4,18,244.42
566,1,0,99.63
566,3,16,106.0
566,2,8,55.37
566,4,21,124.81
567,3,12,189.37
567,3,15,124.65
567,1,3,64.88
567,1,2,61.95
567,4,22,30.93
567,3,17,80.33
567,4,20,67.47
567,1,4,47.89
567,4,23,97.32
567,1,5,47.89
567,1,1,63.46
567,2,8,50.93
567,3,16,78.97
567,1,0,48.52
567,4,21,119.01
567,2,11,34.08
567,2,9,70.08
567,3,13,36.0
567,4,18,239.62
568,1,2,53.38
568,4,20,71.0
568,3,17,81.67
568,4,22,30.92
568,1,4,63.67
568,1,3,51.58
568,3,15,121.95
568,3,12,192.49
568,4,23,96.6
568,1,5,63.67
568,1,1,47.62
568,3,13,28.27
568,2,9,61.58
568,2,11,43.62
568,4,18,249.0
568,1,0,67.13
568,3,16,86.94
568,2,8,54.19
568,4,21,113.85
569,3,12,192.06
569,3,15,127.91
569,1,3,52.9
569,1,2,51.9
569,4,22,37.62
569,3,17,81.91
569,4,20,70.43
569,1,4,61.08
569,1,5,61.08
569,4,23,106.0
569,1,1,48.21
569,2,8,52.44
569,3,16,85.11
569,1,0,64.91
569,4,21,117.06
569,2,11,48.7
569,2,9,69.64
569,3,13,24.73
569,4,18,233.82
570,4,23,102.06
570,4,20,65.13
570,3,17,66.49
570,4,22,22.08
570,1,4,51.86
570,1,3,54.55
570,3,15,117.34
570,1,2,54.86
570,1,5,51.86
570,3,12,197.5
570,1,1,52.86
570,3,13,29.59
570,2,9,75.32
570,2,11,39.68
570,4,18,235.03
570,1,0,52.19
570,3,16,94.16
570,2,8,64.59
570,4,21,114.44
571,3,15,128.94
571,1,3,72.83
571,1,4,87.73
571,4,23,106.0
571,3,17,86.87
571,4,20,71.0
571,4,22,34.96
571,1,2,67.77
571,3,12,197.17
571,1,5,87.73
571,2,8,64.25
571,3,16,100.24
571,1,0,91.59
571,4,18,228.39
571,4,21,122.92
571,2,9,79.94
571,3,13,30.73
571,1,1,70.39
571,2,11,51.64
572,1,2,66.97
572,4,20,60.31
572,3,17,72.39
572,4,22,29.08
572,1,4,48.35
572,1,3,68.0
572,3,15,123.67
572,3,12,184.36
572,4,23,93.82
572,4,21,122.47
572,1,1,65.8
572,3,13,27.49
572,2,9,70.24
572,2,11,44.34
572,4,18,236.86
572,1,0,54.37
572,3,16,88.69
572,2,8,56.35
572,1,5,48.35
573,3,12,200.68
573,3,15,133.25
573,1,3,85.18
573,4,23,101.13
573,4,22,38.49
573,3,17,87.08
573,4,20,69.73
573,1,4,100.0
573,1,2,83.02
573,1,5,100.0
573,1,1,84.86
573,2,8,64.04
573,3,16,93.73
573,1,0,85.05
573,4,21,121.88
573,2,11,61.03
573,2,9,75.53
573,3,13,34.07
573,4,18,238.05
574,4,23,97.26
574,4,20,71.0
574,3,17,86.66
574,4,22,33.1
574,1,4,64.12
574,1,3,76.5
574,3,15,130.86
574,1,2,72.56
574,3,12,194.87
574,1,5,64.12
574,1,1,75.33
574,3,13,36.0
574,2,9,83.86
574,2,11,41.0
574,4,18,247.33
574,1,0,71.53
574,3,16,87.22
574,2,8,57.23
574,4,21,122.06
575,3,12,191.13
575,3,15,131.06
575,1,3,57.64
575,1,2,57.27
575,4,22,30.95
575,3,17,82.59
575,4,20,71.0
575,1,4,77.41
575,4,23,94.82
575,1,5,77.41
575,1,1,54.36
575,2,8,63.1
575,3,16,95.41
575,1,0,58.53
575,4,21,110.44
575,2,11,48.47
575,2,9,66.98
575,3,13,36.0
575,4,18,241.99
576,1,2,90.62
576,4,20,67.87
576,3,17,76.14
576,4,22,27.71
576,1,4,53.46
576,1,3,93.12
576,3,15,138.84
576,3,12,195.2
576,4,23,86.01
576,1,5,53.46
576,1,1,84.15
576,3,13,36.0
576,2,9,83.65
576,2,11,33.32
576,4,18,239.61
576,1,0,54.52
576,3,16,99.63
576,2,8,60.52
576,4,21,122.53
577,3,12,187.01
577,3,15,128.75
577,1,3,73.6
577,1,2,71.7
577,4,22,35.63
577,3,17,82.32
577,4,20,63.14
577,1,4,94.07
577,1,5,94.07
577,4,23,92.3
577,1,1,79.25
577,2,8,60.85
577,3,16,99.66
577,1,0,47.19
577,4,21,123.29
577,2,11,51.53
577,2,9,82.57
577,3,13,32.04
577,4,18,248.18
578,4,23,101.5
578,4,20,55.63
578,3,17,81.14
578,4,22,24.89
578,1,4,54.66
578,1,3,48.39
578,3,15,122.25
578,1,2,45.34
578,1,5,54.66
578,3,12,195.89
578,1,1,43.58
578,4,21,103.23
578,3,16,97.21
578,1,0,57.99
578,4,18,247.11
578,2,8,57.53
578,2,9,61.63
578,3,13,36.0
578,2,11,29.8
579,1,2,69.6
579,4,20,71.0
579,3,17,73.16
579,4,22,29.48
579,1,4,50.06
579,1,3,67.08
579,3,15,129.68
579,4,23,102.35
579,1,5,50.06
579,3,12,202.42
579,1,1,63.96
579,2,8,51.6
579,3,16,93.7
579,1,0,76.84
579,4,21,110.51
579,2,11,38.32
579,2,9,76.55
579,3,13,36.0
579,4,18,236.88
580,1,2,68.11
580,4,20,65.81
580,3,17,84.71
580,4,22,28.24
580,1,4,81.37
580,1,3,68.26
580,3,15,134.7
580,3,12,198.76
580,4,23,98.63
580,4,21,128.58
580,1,1,64.69
580,3,13,35.18
580,2,9,74.89
580,2,11,51.63
580,4,18,240.88
580,1,0,87.97
580,3,16,96.73
580,2,8,69.89
580,1,5,81.37
581,3,15,128.89
581,1,3,78.67
581,1,4,69.87
581,4,23,92.94
581,3,17,80.18
581,4,20,64.12
581,4,22,24.21
581,1,2,80.17
581,3,12,201.8
581,1,5,69.87
581,2,8,69.71
581,3,16,102.37
581,1,0,61.67
581,4,18,237.96
581,4,21,133.1
581,2,9,72.33
581,3,13,36.0
581,1,1,89.64
581,2,11,43.69
582,4,23,98.26
582,4,20,67.31
582,3,17,75.02
582,4,22,30.11
582,1,4,74.3
582,1,3,89.54
582,3,15,128.36
582,1,2,88.89
582,1,5,74.3
582,3,12,197.64
582,1,1,84.12
582,2,8,66.82
582,3,16,93.33
582,1,0,75.94
582,4,21,122.62
582,2,11,47.59
582,2,9,86.13
582,3,13,36.0
582,4,18,243.57
583,1,2,61.45
583,4,20,71.0
583,3,17,85.53
583,4,22,27.69
583,1,4,65.55
583,1,3,62.52
583,3,15,128.98
583,3,12,188.67
583,4,23,102.04
583,4,21,118.96
583,1,1,61.72
583,2,8,67.2
583,3,16,106.0
583,1,0,62.86
583,1,5,65.55
583,2,11,49.35
583,2,9,74.87
583,3,13,34.02
583,4,18,242.07
584,1,2,59.78
584,4,20,61.65
584,3,17,73.42
584,4,22,30.34
584,1,4,46.92
584,1,3,59.65
584,3,15,124.81
584,3,12,195.94
584,4,23,100.86
584,1,5,46.92
584,1,1,65.65
584,3,13,32.51
584,2,9,80.84
584,2,11,36.93
584,4,18,245.8
584,1,0,65.51
584,3,16,84.83
584,2,8,56.58
584,4,21,116.63
585,3,12,196.91
585,3,15,130.05
585,1,3,77.79
585,4,23,106.0
585,4,22,33.31
585,3,17,90.27
585,4,20,68.3
585,1,4,98.79
585,1,2,80.43
585,1,5,98.79
585,1,1,82.17
585,2,8,65.55
585,3,16,100.18
585,1,0,66.3
585,4,21,117.26
585,2,11,56.57
585,2,9,78.65
585,3,13,32.08
585,4,18,248.16
586,4,23,84.24
586,4,20,71.0
586,3,17,85.15
586,4,22,29.53
586,1,4,60.9
586,1,3,46.36
586,3,15,109.98
586,1,2,45.01
586,1,5,60.9
586,3,12,189.45
586,1,1,48.95
586,3,13,31.02
586,2,9,65.05
586,2,11,40.57
586,4,18,236.84
586,1,0,57.52
586,3,16,85.62
586,2,8,56.85
586,4,21,119.02
587,3,15,116.05
587,1,3,55.07
587,1,4,65.15
587,4,23,87.23
587,3,17,82.99
587,4,20,68.03
587,4,22,21.15
587,1,2,55.42
587,3,12,183.99
587,1,5,65.15
587,2,8,56.23
587,3,16,96.71
587,1,0,53.81
587,4,18,248.04
587,4,21,117.14
587,2,9,59.07
587,3,13,36.0
587,1,1,55.64
587,2,11,44.97
588,1,2,49.22
588,4,20,71.0
588,3,17,84.72
588,4,22,38.21
588,1,4,89.67
588,1,3,50.22
588,3,15,124.2
588,3,12,199.63
588,4,23,105.93
588,4,21,107.89
588,1,1,48.76
588,3,13,34.64
588,2,9,63.63
588,2,11,61.21
588,4,18,244.43
588,1,0,82.29
588,3,16,99.85
588,2,8,59.42
588,1,5,89.67
589,3,12,209.49
589,3,15,129.14
589,1,3,74.26
589,4,23,93.98
589,4,22,45.52
589,3,17,91.83
589,4,20,60.69
589,1,4,86.0
589,1,2,72.71
589,1,5,86.0
589,1,1,77.19
589,2,8,65.18
589,3,16,91.84
589,1,0,100.0
589,4,21,121.53
589,2,11,46.52
589,2,9,80.57
589,3,13,26.56
589,4,18,234.68
590,4,23,101.65
590,4,20,69.71
590,3,17,80.48
590,4,22,24.89
590,1,4,61.08
590,1,3,74.9
590,3,15,123.48
590,1,2,72.16
590,3,12,207.5
590,1,5,61.08
590,1,1,76.09
590,3,13,33.91
590,2,9,83.22
590,2,11,42.2
590,4,18,237.6
590,1,0,87.77
590,3,16,98.07
590,2,8,65.3
590,4,21,126.05
591,3,12,201.36
591,3,15,125.71
591,1,3,54.48
591,1,2,52.83
591,4,22,43.13
591,3,17,84.15
591,4,20,67.21
591,1,4,79.73
591,4,23,99.26
591,1,5,79.73
591,1,1,54.51
591,2,8,66.81
591,3,16,92.14
591,1,0,87.78
591,4,21,115.99
591,2,11,47.88
591,2,9,68.25
591,3,13,28.92
591,4,18,234.09
592,1,2,72.83
592,4,20,62.67
592,3,17,78.04
592,4,22,36.76
592,1,4,69.31
592,1,3,75.47
592,3,15,136.16
592,3,12,195.26
592,4,23,99.79
592,1,5,69.31
592,1,1,71.28
592,3,13,23.07
592,2,9,79.45
592,2,11,43.48
592,4,18,246.2
592,1,0,71.36
592,3,16,95.23
592,2,8,63.18
592,4,21,123.88
593,3,12,215.27
593,3,15,130.15
593,1,3,61.44
593,1,2,60.32
593,4,22,36.94
593,3,17,83.1
593,4,20,57.15
593,1,4,76.57
593,1,5,76.57
593,4,23,93.06
593,1,1,62.61
593,2,8,71.0
593,3,16,100.12
593,1,0,97.74
593,4,21,114.29
593,2,11,46.45
593,2,9,68.69
593,3,13,32.54
593,4,18,245.03
594,4,23,93.83
594,4,20,71.0
594,3,17,91.13
594,4,22,39.31
594,1,4,88.82
594,1,3,68.29
594,3,15,121.48
594,1,2,73.48
594,1,5,88.82
594,3,12,201.77
594,1,1,71.17
594,4,21,114.34
594,3,16,97.51
594,1,0,85.26
594,4,18,235.03
594,2,8,59.14
594,2,9,82.3
594,3,13,29.92
594,2,11,44.92
595,1,2,63.5
595,4,23,98.09
595,4,20,67.11
595,3,17,87.97
595,4,22,30.22
595,1,4,90.88
595,1,3,64.76
595,3,15,125.19
595,1,5,90.88
595,3,12,210.95
595,1,1,63.61
595,3,16,103.23
595,1,0,86.24
595,4,18,244.35
595,2,8,66.65
595,2,9,74.27
595,3,13,36.0
595,2,11,55.72
595,4,21,129.31
596,4,23,100.71
596,1,2,55.43
596,4,20,71.0
596,3,17,88.32
596,4,22,27.54
596,1,4,72.11
596,1,3,56.11
596,3,15,117.92
596,3,12,198.69
596,1,5,72.11
596,1,1,60.64
596,3,13,33.41
596,2,9,69.32
596,2,11,52.96
596,4,18,236.96
596,1,0,52.21
596,3,16,87.19
596,2,8,54.61
596,4,21,115.82
597,4,23,97.74
597,3,15,111.3
597,1,3,42.19
597,1,2,41.14
597,4,22,20.14
597,3,17,72.34
597,4,20,60.31
597,1,4,46.42
597,1,5,46.42
597,3,12,186.6
597,1,1,44.57
597,2,8,47.45
597,3,16,88.24
597,1,0,62.01
597,4,21,119.86
597,2,11,34.33
597,2,9,66.65
597,3,13,35.93
597,4,18,237.41
598,4,23,97.33
598,4,20,65.21
598,3,17,79.27
598,4,22,29.44
598,1,4,68.45
598,1,3,56.0
598,3,15,113.54
598,1,2,53.19
598,3,12,202.87
598,1,5,68.45
598,1,1,50.75
598,3,13,28.31
598,2,9,69.85
598,2,11,44.6
598,4,18,235.84
598,1,0,84.72
598,3,16,99.73
598,2,8,57.83
598,4,21,113.96
599,3,12,201.13
599,3,15,128.69
599,1,3,73.25
599,1,2,73.7
599,4,22,28.47
599,3,17,91.89
599,4,20,62.37
599,1,4,62.46
599,4,23,102.6
599,4,21,123.15
599,1,1,79.43
599,2,8,54.22
599,3,16,95.32
599,1,0,80.69
599,1,5,62.46
599,2,11,35.17
599,2,9,73.52
599,3,13,36.0
599,4,18,242.84
600,1,2,54.27
600,4,20,65.61
600,3,17,75.36
600,4,22,30.31
600,1,4,72.9
600,1,3,55.32
600,3,15,118.37
600,3,12,194.89
600,4,23,98.24
600,4,21,117.89
600,1,1,55.92
600,3,13,34.14
600,2,9,73.75
600,2,11,46.7
600,4,18,235.63
600,1,0,74.83
600,3,16,93.68
600,2,8,57.43
600,1,5,72.9
601,3,15,130.8
601,1,3,73.18
601,1,4,76.13
601,4,23,103.98
601,3,17,85.39
601,4,20,60.93
601,4,22,44.57
601,1,2,75.42
601,3,12,189.55
601,1,5,76.13
601,2,8,71.0
601,3,16,99.53
601,1,0,53.65
601,4,18,239.52
601,4,21,122.46
601,2,9,76.15
601,3,13,29.05
601,1,1,76.26
601,2,11,38.28
602,4,23,86.09
602,4,20,71.0
602,3,17,85.32
602,4,22,29.8
602,1,4,58.99
602,1,3,92.32
602,3,15,136.37
602,1,2,86.51
602,1,5,58.99
602,3,12,191.3
602,1,1,86.32
602,4,21,115.52
602,3,16,88.67
602,1,0,69.93
602,4,18,243.24
602,2,8,71.0
602,2,9,75.37
602,3,13,36.0
602,2,11,39.7
603,1,2,53.3
603,4,20,70.18
603,3,17,73.14
603,4,22,23.31
603,1,4,62.43
603,1,3,53.55
603,3,15,119.71
603,4,23,96.23
603,1,5,62.43
603,3,12,202.61
603,1,1,51.24
603,2,8,55.66
603,3,16,96.03
603,1,0,81.19
603,4,21,121.24
603,2,11,45.03
603,2,9,59.49
603,3,13,29.88
603,4,18,247.72
604,4,23,100.82
604,4,20,70.17
604,3,17,77.59
604,4,22,33.84
604,1,4,82.32
604,1,3,56.47
604,3,15,116.66
604,1,2,54.48
604,3,12,197.56
604,1,5,82.32
604,1,1,53.82
604,3,13,27.27
604,2,9,71.48
604,2,11,49.18
604,4,18,245.8
604,1,0,81.52
604,3,16,105.07
604,2,8,62.59
604,4,21,118.58
605,3,12,184.17
605,3,15,122.76
605,1,3,55.21
605,1,2,53.81
605,4,22,24.71
605,3,17,82.5
605,4,20,69.37
605,1,4,44.58
605,4,23,95.37
605,4,21,120.34
605,1,1,56.19
605,2,8,62.22
605,3,16,87.61
605,1,0,51.65
605,1,5,44.58
605,2,11,37.4
605,2,9,72.81
605,3,13,35.49
605,4,18,249.0
606,4,23,98.55
606,4,20,61.68
606,3,17,81.86
606,4,22,32.03
606,1,4,69.01
606,1,3,84.25
606,3,15,128.72
606,1,2,84.75
606,3,12,195.82
606,1,5,69.01
606,1,1,80.48
606,3,13,36.0
606,2,9,77.62
606,2,11,46.53
606,4,18,246.28
606,1,0,69.53
606,3,16,94.89
606,2,8,63.02
606,4,21,119.25
607,3,12,198.44
607,3,15,118.28
607,1,3,48.31
607,1,2,45.79
607,4,22,34.67
607,3,17,75.26
607,4,20,69.26
607,1,4,52.83
607,4,23,89.66
607,1,5,52.83
607,1,1,43.83
607,2,8,58.56
607,3,16,88.88
607,1,0,56.09
607,4,21,114.53
607,2,11,36.1
607,2,9,60.78
607,3,13,23.19
607,4,18,248.91
608,1,2,45.0
608,4,20,65.03
608,3,17,78.91
608,4,22,27.64
608,1,4,74.05
608,1,3,44.73
608,3,15,116.41
608,3,12,191.93
608,4,23,92.86
608,1,5,74.05
608,1,1,49.13
608,3,13,32.1
608,2,9,67.53
608,2,11,46.08
608,4,18,239.12
608,1,0,86.25
608,3,16,86.31
608,2,8,61.01
608,4,21,119.61
609,3,12,191.86
609,3,15,116.28
609,1,3,46.16
609,4,23,88.48
609,4,22,27.29
609,3,17,71.13
609,4,20,71.0
609,1,4,49.72
609,1,2,46.23
609,1,5,49.72
609,1,1,44.27
609,2,8,46.85
609,3,16,92.44
609,1,0,46.17
609,4,21,107.88
609,2,11,35.48
609,2,9,64.07
609,3,13,36.0
609,4,18,237.27
610,4,23,98.98
610,4,20,60.99
610,3,17,88.1
610,4,22,33.67
610,1,4,72.49
610,1,3,53.26
610,3,15,121.73
610,1,2,53.82
610,1,5,72.49
610,3,12,207.68
610,1,1,46.46
610,4,21,118.27
610,3,16,99.39
610,1,0,78.89
610,4,18,235.6
610,2,8,55.79
610,2,9,71.84
610,3,13,31.65
610,2,11,56.74
611,1,2,92.79
611,4,20,67.2
611,3,17,82.9
611,4,22,30.8
611,1,4,76.25
611,1,3,88.86
611,3,15,140.73
611,4,23,102.5
611,1,5,76.25
611,3,12,202.52
611,1,1,90.09
611,2,8,60.95
611,3,16,90.51
611,1,0,95.22
611,4,21,133.65
611,2,11,45.03
611,2,9,81.99
611,3,13,33.07
611,4,18,231.14
612,1,2,58.96
612,4,20,71.0
612,3,17,85.72
612,4,22,33.08
612,1,4,58.76
612,1,3,60.4
612,3,15,118.78
612,3,12,188.02
612,4,23,98.95
612,4,21,114.44
612,1,1,61.38
612,3,13,26.87
612,2,9,63.46
612,2,11,42.68
612,4,18,242.53
612,1,0,43.03
612,3,16,100.12
612,2,8,60.66
612,1,5,58.76
613,3,15,125.5
613,1,3,52.31
613,1,4,58.29
613,4,23,94.47
613,3,17,82.49
613,4,20,68.24
613,4,22,30.76
613,1,2,52.16
613,3,12,195.61
613,1,5,58.29
613,2,8,58.91
613,3,16,95.25
613,1,0,54.11
613,4,18,234.28
613,4,21,112.84
613,2,9,66.02
613,3,13,36.0
613,1,1,51.26
613,2,11,38.49
614,4,23,104.36
614,4,20,67.96
614,3,17,77.13
614,4,22,36.01
614,1,4,77.55
614,1,3,63.72
614,3,15,121.34
614,1,2,62.66
614,1,5,77.55
614,3,12,194.62
614,1,1,71.5
614,2,8,51.83
614,3,16,89.78
614,1,0,69.68
614,4,21,115.66
614,2,11,52.61
614,2,9,69.55
614,3,13,32.11
614,4,18,241.38
615,1,2,59.25
615,4,20,71.0
615,3,17,79.4
615,4,22,38.03
615,1,4,70.18
615,1,3,63.85
615,3,15,128.98
615,3,12,201.54
615,4,23,103.54
615,4,21,115.53
615,1,1,58.78
615,2,8,62.74
615,3,16,92.46
615,1,0,76.18
615,1,5,70.18
615,2,11,51.45
615,2,9,69.07
615,3,13,33.3
615,4,18,237.22
616,1,2,63.17
616,4,20,62.9
616,3,17,80.58
616,4,22,22.56
616,1,4,60.7
616,1,3,67.95
616,3,15,127.08
616,3,12,189.53
616,4,23,95.19
616,1,5,60.7
616,1,1,68.01
616,3,13,29.87
616,2,9,70.39
616,2,11,53.5
616,4,18,241.18
616,1,0,59.42
616,3,16,98.11
616,2,8,59.24
616,4,21,124.26
617,3,12,196.64
617,3,15,128.39
617,1,3,83.98
617,4,23,96.83
617,4,22,34.97
617,3,17,93.45
617,4,20,66.04
617,1,4,67.61
617,1,2,80.15
617,1,5,67.61
617,1,1,78.36
617,2,8,50.22
617,3,16,95.2
617,1,0,75.84
617,4,21,121.61
617,2,11,37.34
617,2,9,86.53
617,3,13,36.0
617,4,18,236.74
618,4,23,102.26
618,4,20,66.63
618,3,17,87.56
618,4,22,29.64
618,1,4,66.98
618,1,3,90.33
618,3,15,126.21
618,1,2,84.49
618,1,5,66.98
618,3,12,191.8
618,1,1,89.46
618,3,13,36.0
618,2,9,79.42
618,2,11,47.48
618,4,18,241.55
618,1,0,66.56
618,3,16,98.18
618,2,8,71.0
618,4,21,125.65
619,3,15,115.1
619,1,3,62.26
619,1,4,79.08
619,4,23,98.09
619,3,17,78.06
619,4,20,71.0
619,4,22,34.35
619,1,2,64.52
619,3,12,192.49
619,1,5,79.08
619,2,8,68.47
619,3,16,91.73
619,1,0,66.93
619,4,18,228.3
619,4,21,125.69
619,2,9,61.9
619,3,13,36.0
619,1,1,58.61
619,2,11,51.81
620,1,2,61.28
620,4,20,71.0
620,3,17,82.21
620,4,22,24.5
620,1,4,61.89
620,1,3,61.3
620,3,15,120.43
620,3,12,197.03
620,4,23,94.21
620,4,21,115.84
620,1,1,63.2
620,3,13,36.0
620,2,9,70.26
620,2,11,39.34
620,4,18,244.23
620,1,0,75.52
620,3,16,92.59
620,2,8,59.02
620,1,5,61.89
621,3,12,196.03
621,3,15,130.81
621,1,3,62.0
621,4,23,98.44
621,4,22,23.61
621,3,17,77.79
621,4,20,67.25
621,1,4,52.35
621,1,2,59.99
621,1,5,52.35
621,1,1,58.43
621,2,8,59.84
621,3,16,95.26
621,1,0,67.21
621,4,21,116.81
621,2,11,37.41
621,2,9,71.37
621,3,13,32.62
621,4,18,247.63
622,4,23,98.31
622,4,20,61.6
622,3,17,81.17
622,4,22,24.14
622,1,4,71.76
622,1,3,64.28
622,3,15,121.03
622,1,2,62.82
622,3,12,208.65
622,1,5,71.76
622,1,1,65.06
622,3,13,24.03
622,2,9,71.66
622,2,11,61.26
622,4,18,240.38
622,1,0,88.9
622,3,16,94.18
622,2,8,71.0
622,4,21,118.38
623,3,12,210.97
623,3,15,134.97
623,1,3,91.73
623,1,2,87.43
623,4,22,32.89
623,3,17,91.6
623,4,20,71.0
623,1,4,81.08
623,4,23,103.6
623,1,5,81.08
623,1,1,81.79
623,2,8,62.76
623,3,16,99.26
623,1,0,91.14
623,4,21,120.27
623,2,11,56.27
623,2,9,79.22
623,3,13,34.86
623,4,18,240.08
624,1,2,73.94
624,4,20,71.0
624,3,17,83.16
624,4,22,39.84
624,1,4,82.19
624,1,3,72.89
624,3,15,132.05
624,3,12,196.53
624,4,23,105.27
624,1,5,82.19
624,1,1,73.17
624,3,13,36.0
624,2,9,74.9
624,2,11,45.59
624,4,18,238.87
624,1,0,62.45
624,3,16,106.0
624,2,8,62.93
624,4,21,121.17
625,3,15,133.58
625,1,3,81.69
625,1,4,71.82
625,3,12,203.26
625,3,17,86.18
625,4,20,71.0
625,4,23,91.13
625,4,22,31.18
625,1,2,80.26
625,1,5,71.82
625,4,21,129.4
625,3,16,89.73
625,1,0,100.0
625,4,18,243.86
625,2,8,62.2
625,2,9,91.9
625,3,13,27.02
625,1,1,79.32
625,2,11,52.97
626,1,2,64.24
626,4,20,64.41
626,3,17,87.04
626,4,22,35.31
626,1,4,58.49
626,1,3,67.28
626,3,15,134.04
626,3,12,197.94
626,1,5,58.49
626,4,23,97.95
626,1,1,60.72
626,2,8,59.78
626,3,16,95.02
626,1,0,60.95
626,4,21,125.18
626,2,11,50.06
626,2,9,72.69
626,3,13,33.09
626,4,18,237.88
627,1,2,72.46
627,4,20,66.93
627,3,17,82.14
627,4,22,25.89
627,1,4,66.38
627,1,3,75.86
627,3,15,132.46
627,3,12,195.87
627,4,23,96.36
627,1,5,66.38
627,1,1,75.1
627,3,13,35.12
627,2,9,70.98
627,2,11,52.24
627,4,18,243.08
627,1,0,62.45
627,3,16,96.2
627,2,8,58.2
627,4,21,119.34
628,3,12,201.47
628,3,15,123.77
628,1,3,67.68
628,1,2,71.41
628,4,22,38.84
628,3,17,75.74
628,4,20,71.0
628,1,4,73.16
628,1,5,73.16
628,4,23,94.05
628,1,1,74.16
628,2,8,63.61
628,3,16,96.24
628,1,0,100.0
628,4,21,117.21
628,2,11,54.02
628,2,9,77.01
628,3,13,32.03
628,4,18,233.7
629,4,23,88.73
629,4,20,62.92
629,3,17,77.35
629,4,22,31.68
629,1,4,45.58
629,1,3,50.16
629,3,15,119.0
629,1,2,50.32
629,3,12,186.51
629,1,5,45.58
629,1,1,51.14
629,3,13,32.92
629,2,9,70.58
629,2,11,33.61
629,4,18,239.38
629,1,0,42.64
629,3,16,79.81
629,2,8,61.23
629,4,21,119.61
630,3,12,194.48
630,3,15,118.5
630,1,3,57.58
630,1,2,57.95
630,4,22,41.24
630,3,17,83.88
630,4,20,71.0
630,1,4,88.19
630,4,23,101.07
630,1,5,88.19
630,1,1,55.48
630,2,8,65.45
630,3,16,96.31
630,1,0,49.3
630,4,21,111.22
630,2,11,52.6
630,2,9,71.08
630,3,13,35.37
630,4,18,240.29
631,1,2,74.43
631,4,20,69.53
631,3,17,81.3
631,4,22,24.16
631,1,4,71.37
631,1,3,71.42
631,3,15,128.24
631,3,12,201.31
631,4,23,106.0
631,1,5,71.37
631,1,1,72.31
631,3,13,28.94
631,2,9,70.78
631,2,11,45.28
631,4,18,241.73
631,1,0,84.77
631,3,16,104.25
631,2,8,58.62
631,4,21,116.63
632,3,12,207.46
632,3,15,111.5
632,1,3,39.77
632,1,2,40.76
632,4,22,35.12
632,3,17,75.26
632,4,20,69.91
632,1,4,63.83
632,1,5,63.83
632,4,23,101.11
632,1,1,40.5
632,2,8,59.47
632,3,16,99.49
632,1,0,67.85
632,4,21,112.76
632,2,11,35.8
632,2,9,58.91
632,3,13,36.0
632,4,18,241.88
633,4,23,98.27
633,4,20,65.98
633,3,17,91.31
633,4,22,31.95
633,1,4,75.99
633,1,3,62.16
633,3,15,121.24
633,1,2,57.82
633,1,5,75.99
633,3,12,191.69
633,1,1,52.99
633,3,13,30.72
633,2,9,74.34
633,2,11,41.86
633,4,18,238.54
633,1,0,65.3
633,3,16,90.27
633,2,8,66.45
633,4,21,119.28
634,3,15,128.69
634,1,3,47.59
634,1,4,53.82
634,4,23,95.63
634,3,17,76.7
634,4,20,62.53
634,4,22,17.84
634,1,2,47.06
634,3,12,198.02
634,1,5,53.82
634,2,8,64.6
634,3,16,92.54
634,1,0,78.74
634,4,18,246.13
634,4,21,116.51
634,2,9,62.68
634,3,13,31.75
634,1,1,45.97
634,2,11,44.38
635,1,2,53.55
635,4,20,71.0
635,3,17,71.93
635,4,22,29.85
635,1,4,78.2
635,1,3,54.43
635,3,15,128.35
635,3,12,214.17
635,4,23,103.54
635,4,21,106.72
635,1,1,53.08
635,3,13,36.0
635,2,9,75.95
635,2,11,58.48
635,4,18,244.61
635,1,0,92.1
635,3,16,97.98
635,2,8,61.22
635,1,5,78.2
636,3,12,192.59
636,3,15,124.57
636,1,3,40.93
636,4,23,90.23
636,4,22,27.35
636,3,17,80.76
636,4,20,66.02
636,1,4,52.85
636,1,2,40.23
636,1,5,52.85
636,1,1,40.5
636,2,8,52.44
636,3,16,88.9
636,1,0,55.47
636,4,21,113.29
636,2,11,37.43
636,2,9,68.0
636,3,13,35.66
636,4,18,242.83
637,4,23,104.7
637,4,20,66.84
637,3,17,80.69
637,4,22,37.16
637,1,4,84.37
637,1,3,80.34
637,3,15,135.39
637,1,2,77.5
637,3,12,198.24
637,1,5,84.37
637,1,1,80.0
637,3,13,31.48
637,2,9,73.78
637,2,11,51.88
637,4,18,246.39
637,1,0,70.0
637,3,16,94.77
637,2,8,57.6
637,4,21,117.82
638,3,12,199.58
638,3,15,120.36
638,1,3,54.11
638,1,2,51.8
638,4,22,30.48
638,3,17,89.04
638,4,20,66.8
638,1,4,73.63
638,4,23,99.72
638,1,5,73.63
638,1,1,57.19
638,2,8,63.26
638,3,16,91.53
638,1,0,78.48
638,4,21,111.44
638,2,11,44.14
638,2,9,68.59
638,3,13,31.85
638,4,18,235.11
639,1,2,51.77
639,4,20,68.99
639,3,17,92.15
639,4,22,25.99
639,1,4,66.4
639,1,3,51.16
639,3,15,125.26
639,3,12,186.15
639,4,23,99.23
639,1,5,66.4
639,1,1,50.29
639,3,13,33.27
639,2,9,68.55
639,2,11,45.67
639,4,18,245.9
639,1,0,49.27
639,3,16,92.64
639,2,8,68.25
639,4,21,113.21
640,3,12,202.75
640,3,15,126.94
640,1,3,70.69
640,1,2,71.93
640,4,22,32.01
640,3,17,78.55
640,4,20,71.0
640,1,4,84.62
640,1,5,84.62
640,4,23,89.26
640,1,1,74.12
640,2,8,67.38
640,3,16,91.53
640,1,0,86.14
640,4,21,123.89
640,2,11,55.5
640,2,9,75.94
640,3,13,36.0
640,4,18,240.95
641,4,23,98.39
641,4,20,66.49
641,3,17,77.65
641,4,22,33.27
641,1,4,72.9
641,1,3,62.05
641,3,15,126.14
641,1,2,59.59
641,1,5,72.9
641,3,12,195.59
641,1,1,62.48
641,4,21,127.93
641,3,16,98.16
641,1,0,68.17
641,4,18,232.34
641,2,8,63.1
641,2,9,73.74
641,3,13,35.93
641,2,11,47.5
642,1,2,37.64
642,4,20,58.64
642,3,17,75.47
642,4,22,20.34
642,1,4,50.46
642,1,3,37.64
642,3,15,114.0
642,4,23,93.39
642,1,5,50.46
642,3,12,193.95
642,1,1,32.55
642,2,8,53.44
642,3,16,84.41
642,1,0,62.15
642,4,21,106.29
642,2,11,36.5
642,2,9,52.92
642,3,13,29.97
642,4,18,237.54
643,1,2,66.15
643,4,20,71.0
643,3,17,82.61
643,4,22,37.5
643,1,4,82.16
643,1,3,65.48
643,3,15,138.75
643,3,12,205.27
643,4,23,96.85
643,4,21,122.04
643,1,1,65.08
643,3,13,31.09
643,2,9,72.09
643,2,11,55.68
643,4,18,237.45
643,1,0,80.36
643,3,16,103.1
643,2,8,62.87
643,1,5,82.16
644,3,15,129.95
644,1,3,71.44
644,1,4,100.0
644,4,23,102.88
644,3,17,88.61
644,4,20,69.85
644,4,22,33.5
644,1,2,74.7
644,3,12,203.81
644,1,5,100.0
644,2,8,64.87
644,3,16,94.25
644,1,0,86.53
644,4,18,234.93
644,4,21,126.91
644,2,9,76.01
644,3,13,30.46
644,1,1,71.6
644,2,11,57.61
645,4,23,101.49
645,4,20,58.37
645,3,17,73.21
645,4,22,28.75
645,1,4,44.12
645,1,3,41.32
645,3,15,120.83
645,1,2,39.25
645,1,5,44.12
645,3,12,192.55
645,1,1,40.41
645,2,8,60.15
645,3,16,91.81
645,1,0,65.24
645,4,21,114.44
645,2,11,30.93
645,2,9,61.15
645,3,13,34.6
645,4,18,243.18
646,1,2,72.6
646,4,20,57.55
646,3,17,78.66
646,4,22,34.61
646,1,4,81.85
646,1,3,71.95
646,3,15,122.24
646,3,12,198.17
646,4,23,89.66
646,4,21,133.26
646,1,1,70.71
646,2,8,64.33
646,3,16,88.32
646,1,0,85.38
646,1,5,81.85
646,2,11,53.48
646,2,9,66.49
646,3,13,36.0
646,4,18,231.57
647,1,2,92.91
647,4,20,71.0
647,3,17,85.61
647,4,22,33.05
647,1,4,68.26
647,1,3,95.82
647,3,15,134.35
647,3,12,202.61
647,4,23,96.93
647,1,5,68.26
647,1,1,91.31
647,3,13,36.0
647,2,9,86.29
647,2,11,50.78
647,4,18,249.0
647,1,0,84.82
647,3,16,103.12
647,2,8,62.33
647,4,21,123.27
648,3,12,198.08
648,3,15,129.01
648,1,3,85.57
648,4,23,96.29
648,4,22,39.38
648,3,17,80.68
648,4,20,62.45
648,1,4,70.49
648,1,2,88.92
648,1,5,70.49
648,1,1,86.66
648,2,8,71.0
648,3,16,99.66
648,1,0,70.07
648,4,21,126.61
648,2,11,44.55
648,2,9,85.58
648,3,13,36.0
648,4,18,242.96
649,4,23,102.45
649,4,20,67.76
649,3,17,91.22
649,4,22,40.43
649,1,4,99.74
649,1,3,66.97
649,3,15,122.56
649,1,2,65.22
649,1,5,99.74
649,3,12,212.83
649,1,1,64.91
649,3,13,31.83
649,2,9,73.78
649,2,11,53.55
649,4,18,240.31
649,1,0,100.0
649,3,16,106.0
649,2,8,62.95
649,4,21,129.12
650,3,15,127.91
650,1,3,79.47
650,1,4,99.45
650,4,23,92.52
650,3,17,92.15
650,4,20,68.76
650,4,22,41.21
650,1,2,77.23
650,3,12,196.71
650,1,5,99.45
650,2,8,63.03
650,3,16,101.69
650,1,0,76.09
650,4,18,248.91
650,4,21,117.78
650,2,9,73.83
650,3,13,19.46
650,1,1,78.91
650,2,11,63.73
651,1,2,70.56
651,4,20,62.9
651,3,17,78.83
651,4,22,36.19
651,1,4,65.78
651,1,3,74.79
651,3,15,128.19
651,3,12,195.37
651,4,23,100.11
651,4,21,119.11
651,1,1,72.24
651,3,13,30.68
651,2,9,74.78
651,2,11,31.19
651,4,18,244.01
651,1,0,61.47
651,3,16,96.59
651,2,8,63.24
651,1,5,65.78
652,3,12,190.44
652,3,15,129.27
652,1,3,62.03
652,4,23,96.37
652,4,22,33.93
652,3,17,82.68
652,4,20,71.0
652,1,4,70.28
652,1,2,58.52
652,1,5,70.28
652,1,1,53.48
652,2,8,71.0
652,3,16,94.37
652,1,0,70.09
652,4,21,123.3
652,2,11,49.99
652,2,9,75.84
652,3,13,31.44
652,4,18,235.37
653,4,23,100.84
653,4,20,70.47
653,3,17,81.0
653,4,22,41.42
653,1,4,82.45
653,1,3,95.82
653,3,15,140.88
653,1,2,97.12
653,3,12,200.68
653,1,5,82.45
653,1,1,97.37
653,3,13,31.48
653,2,9,87.54
653,2,11,52.69
653,4,18,231.88
653,1,0,82.33
653,3,16,92.23
653,2,8,69.28
653,4,21,126.1
654,3,12,190.35
654,3,15,132.38
654,1,3,77.04
654,1,2,75.37
654,4,22,26.68
654,3,17,74.62
654,4,20,60.62
654,1,4,73.72
654,4,23,98.89
654,1,5,73.72
654,1,1,80.82
654,2,8,64.02
654,3,16,106.0
654,1,0,54.66
654,4,21,127.49
654,2,11,55.32
654,2,9,72.04
654,3,13,34.57
654,4,18,249.0
655,1,2,61.15
655,4,20,71.0
655,3,17,88.91
655,4,22,43.1
655,1,4,80.95
655,1,3,63.11
655,3,15,122.95
655,3,12,202.12
655,4,23,105.6
655,1,5,80.95
655,1,1,63.82
655,3,13,36.0
655,2,9,65.34
655,2,11,55.2
655,4,18,236.98
655,1,0,75.86
655,3,16,94.94
655,2,8,64.56
655,4,21,122.49
656,3,15,135.47
656,1,3,70.38
656,1,4,54.82
656,3,12,201.1
656,3,17,78.45
656,4,20,62.02
656,4,23,100.8
656,4,22,28.61
656,1,2,69.3
656,1,5,54.82
656,4,21,120.43
656,3,16,98.48
656,1,0,100.0
656,4,18,241.53
656,2,8,67.61
656,2,9,72.72
656,3,13,28.84
656,1,1,69.83
656,2,11,35.47
657,1,2,82.75
657,4,20,71.0
657,3,17,94.64
657,4,22,32.99
657,1,4,86.22
657,1,3,87.25
657,3,15,130.98
657,3,12,206.0
657,1,5,86.22
657,4,23,99.42
657,1,1,84.72
657,2,8,69.0
657,3,16,100.33
657,1,0,86.69
657,4,21,119.8
657,2,11,57.07
657,2,9,83.95
657,3,13,35.14
657,4,18,228.96
658,1,2,65.19
658,4,20,63.21
658,3,17,81.31
658,4,22,29.28
658,1,4,74.95
658,1,3,67.73
658,3,15,129.85
658,3,12,195.94
658,4,23,106.0
658,1,5,74.95
658,1,1,66.71
658,3,13,29.97
658,2,9,78.03
658,2,11,46.36
658,4,18,237.56
658,1,0,53.21
658,3,16,89.58
658,2,8,58.56
658,4,21,127.81
659,3,12,185.59
659,3,15,120.86
659,1,3,50.43
659,1,2,49.74
659,4,22,21.35
659,3,17,72.92
659,4,20,63.02
659,1,4,35.09
659,1,5,35.09
659,4,23,92.98
659,1,1,48.93
659,2,8,55.37
659,3,16,90.81
659,1,0,51.79
659,4,21,117.85
659,2,11,36.91
659,2,9,68.07
659,3,13,35.15
659,4,18,236.45
660,4,23,91.72
660,4,20,71.0
660,3,17,79.76
660,4,22,28.98
660,1,4,68.43
660,1,3,55.03
660,3,15,131.22
660,1,2,49.95
660,3,12,201.8
660,1,5,68.43
660,1,1,54.77
660,3,13,24.7
660,2,9,67.8
660,2,11,43.26
660,4,18,235.36
660,1,0,84.71
660,3,16,101.35
660,2,8,61.2
660,4,21,120.12
661,3,12,189.45
661,3,15,115.44
661,1,3,37.47
661,1,2,38.23
661,4,22,32.05
661,3,17,74.04
661,4,20,51.77
661,1,4,44.42
661,4,23,95.36
661,1,5,44.42
661,1,1,36.58
661,2,8,66.11
661,3,16,72.63
661,1,0,56.83
661,4,21,108.13
661,2,11,34.35
661,2,9,54.39
661,3,13,36.0
661,4,18,235.09
662,1,2,88.38
662,4,20,71.0
662,3,17,86.79
662,4,22,45.07
662,1,4,95.76
662,1,3,90.37
662,3,15,130.61
662,3,12,218.18
662,4,23,90.75
662,1,5,95.76
662,1,1,88.03
662,3,13,34.89
662,2,9,87.0
662,2,11,54.23
662,4,18,242.92
662,1,0,77.35
662,3,16,103.27
662,2,8,69.49
662,4,21,131.87
663,3,12,189.53
663,3,15,112.64
663,1,3,39.03
663,1,2,38.82
663,4,22,33.37
663,3,17,84.92
663,4,20,71.0
663,1,4,69.07
663,1,5,69.07
663,4,23,98.67
663,1,1,38.64
663,2,8,61.14
663,3,16,95.78
663,1,0,59.14
663,4,21,107.56
663,2,11,43.47
663,2,9,61.33
663,3,13,32.83
663,4,18,245.34
664,4,23,94.56
664,4,20,68.57
664,3,17,87.35
664,4,22,31.56
664,1,4,53.35
664,1,3,60.14
664,3,15,123.22
664,1,2,59.9
664,1,5,53.35
664,3,12,192.0
664,1,1,56.08
664,3,13,36.0
664,2,9,72.58
664,2,11,42.16
664,4,18,244.11
664,1,0,68.7
664,3,16,88.87
664,2,8,66.03
664,4,21,116.23
665,3,15,128.34
665,1,3,56.25
665,1,4,91.49
665,4,23,93.54
665,3,17,80.52
665,4,20,71.0
665,4,22,45.02
665,1,2,58.73
665,3,12,208.34
665,1,5,91.49
665,2,8,71.0
665,3,16,101.48
665,1,0,98.27
665,4,18,244.94
665,4,21,122.3
665,2,9,65.17
665,3,13,27.53
665,1,1,58.87
665,2,11,48.82
666,1,2,57.0
666,4,20,71.0
666,3,17,81.06
666,4,22,34.37
666,1,4,42.43
666,1,3,58.04
666,3,15,129.79
666,3,12,193.67
666,4,23,102.48
666,4,21,127.24
666,1,1,61.19
666,3,13,25.64
666,2,9,64.46
666,2,11,35.86
666,4,18,238.08
666,1,0,57.87
666,3,16,86.33
666,2,8,63.99
666,1,5,42.43
667,3,12,192.17
667,3,15,131.17
667,1,3,67.32
667,4,23,93.36
667,4,22,18.55
667,3,17,76.74
667,4,20,58.78
667,1,4,58.64
667,1,2,63.8
667,1,5,58.64
667,1,1,64.25
667,2,8,58.74
667,3,16,93.16
667,1,0,55.21
667,4,21,110.73
667,2,11,40.8
667,2,9,70.73
667,3,13,31.22
667,4,18,240.42
668,4,23,89.71
668,4,20,71.0
668,3,17,76.02
668,4,22,36.35
668,1,4,73.69
668,1,3,80.2
668,3,15,134.7
668,1,2,79.03
668,3,12,184.42
668,1,5,73.69
668,1,1,79.12
668,3,13,35.28
668,2,9,77.82
668,2,11,48.58
668,4,18,235.48
668,1,0,61.17
668,3,16,91.82
668,2,8,66.25
668,4,21,124.98
669,3,12,206.57
669,3,15,126.97
669,1,3,45.72
669,1,2,45.1
669,4,22,20.78
669,3,17,78.47
669,4,20,57.17
669,1,4,60.42
669,4,23,98.61
669,1,5,60.42
669,1,1,42.21
669,2,8,61.56
669,3,16,94.15
669,1,0,98.58
669,4,21,114.69
669,2,11,46.9
669,2,9,61.46
669,3,13,32.88
669,4,18,238.65
670,1,2,79.36
670,4,20,71.0
670,3,17,79.13
670,4,22,35.01
670,1,4,89.39
670,1,3,79.36
670,3,15,131.07
670,3,12,203.42
670,4,23,92.49
670,1,5,89.39
670,1,1,72.71
670,3,13,32.14
670,2,9,76.7
670,2,11,59.94
670,4,18,243.6
670,1,0,84.24
670,3,16,97.84
670,2,8,68.38
670,4,21,122.05
671,3,12,203.99
671,3,15,133.76
671,1,3,81.47
671,1,2,81.2
671,4,22,27.64
671,3,17,73.06
671,4,20,71.0
671,1,4,85.88
671,1,5,85.88
671,4,23,106.0
671,1,1,79.89
671,2,8,62.18
671,3,16,99.07
671,1,0,86.0
671,4,21,119.25
671,2,11,53.34
671,2,9,73.71
671,3,13,30.89
671,4,18,229.82
672,4,23,88.51
672,4,20,71.0
672,3,17,73.64
672,4,22,24.11
672,1,4,69.58
672,1,3,51.82
672,3,15,115.58
672,1,2,53.99
672,1,5,69.58
672,3,12,195.14
672,1,1,44.45
672,4,21,118.94
672,3,16,96.82
672,1,0,84.07
672,4,18,237.65
672,2,8,61.68
672,2,9,69.25
672,3,13,36.0
672,2,11,49.23
673,1,2,83.9
673,4,20,70.95
673,3,17,89.68
673,4,22,38.56
673,1,4,82.98
673,1,3,81.17
673,3,15,140.16
673,4,23,96.39
673,1,5,82.98
673,3,12,190.71
673,1,1,83.71
673,2,8,60.59
673,3,16,91.29
673,1,0,60.29
673,4,21,125.15
673,2,11,43.25
673,2,9,74.32
673,3,13,33.31
673,4,18,247.18
674,1,2,56.31
674,4,20,71.0
674,3,17,76.29
674,4,22,22.13
674,1,4,56.52
674,1,3,59.33
674,3,15,118.09
674,3,12,191.77
674,4,23,106.0
674,4,21,119.02
674,1,1,62.82
674,3,13,36.0
674,2,9,59.86
674,2,11,44.58
674,4,18,240.92
674,1,0,64.63
674,3,16,94.4
674,2,8,55.09
674,1,5,56.52
675,3,15,134.47
675,1,3,93.03
675,1,4,87.41
675,4,23,97.97
675,3,17,90.66
675,4,20,64.15
675,4,22,40.87
675,1,2,97.87
675,3,12,202.65
675,1,5,87.41
675,2,8,70.64
675,3,16,96.75
675,1,0,90.67
675,4,18,243.45
675,4,21,130.93
675,2,9,81.25
675,3,13,36.0
675,1,1,94.71
675,2,11,46.57
676,4,23,93.06
676,4,20,60.22
676,3,17,80.0
676,4,22,26.18
676,1,4,65.92
676,1,3,51.91
676,3,15,120.53
676,1,2,54.81
676,1,5,65.92
676,3,12,199.68
676,1,1,54.76
676,2,8,54.29
676,3,16,94.64
676,1,0,69.96
676,4,21,115.42
676,2,11,38.38
676,2,9,73.38
676,3,13,34.19
676,4,18,237.17
677,1,2,67.8
677,4,20,71.0
677,3,17,80.78
677,4,22,30.57
677,1,4,56.62
677,1,3,67.21
677,3,15,132.66
677,3,12,199.16
677,4,23,106.0
677,4,21,117.47
677,1,1,65.95
677,2,8,56.56
677,3,16,89.67
677,1,0,84.73
677,1,5,56.62
677,2,11,37.02
677,2,9,78.65
677,3,13,35.2
677,4,18,244.49
678,1,2,66.39
678,4,20,71.0
678,3,17,82.19
678,4,22,32.76
678,1,4,65.81
678,1,3,73.2
678,3,15,125.72
678,3,12,198.26
678,4,23,100.86
678,1,5,65.81
678,1,1,67.95
678,3,13,34.75
678,2,9,65.7
678,2,11,45.15
678,4,18,243.25
678,1,0,80.3
678,3,16,95.55
678,2,8,70.28
678,4,21,117.62
679,3,12,199.98
679,3,15,135.68
679,1,3,91.53
679,4,23,92.15
679,4,22,29.93
679,3,17,74.75
679,4,20,71.0
679,1,4,45.13
679,1,2,88.58
679,1,5,45.13
679,1,1,84.67
679,2,8,66.84
679,3,16,88.65
679,1,0,75.79
679,4,21,121.39
679,2,11,37.06
679,2,9,86.1
679,3,13,25.97
679,4,18,240.68
680,4,23,93.04
680,4,20,71.0
680,3,17,82.92
680,4,22,34.84
680,1,4,57.52
680,1,3,60.85
680,3,15,123.24
680,1,2,61.25
680,1,5,57.52
680,3,12,193.32
680,1,1,57.23
680,3,13,34.18
680,2,9,69.32
680,2,11,38.2
680,4,18,242.14
680,1,0,51.76
680,3,16,86.54
680,2,8,53.3
680,4,21,120.04
681,3,15,130.84
681,1,3,70.51
681,1,4,72.38
681,4,23,102.53
681,3,17,82.97
681,4,20,57.4
681,4,22,24.52
681,1,2,71.15
681,3,12,187.44
681,1,5,72.38
681,2,8,57.93
681,3,16,93.13
681,1,0,70.01
681,4,18,247.92
681,4,21,120.38
681,2,9,80.07
681,3,13,33.92
681,1,1,70.12
681,2,11,50.04
682,1,2,53.07
682,4,20,68.17
682,3,17,75.44
682,4,22,29.15
682,1,4,57.93
682,1,3,52.75
682,3,15,117.05
682,3,12,195.61
682,4,23,96.29
682,4,21,117.12
682,1,1,53.39
682,3,13,33.72
682,2,9,66.41
682,2,11,36.1
682,4,18,233.51
682,1,0,79.16
682,3,16,90.83
682,2,8,61.07
682,1,5,57.93
683,3,12,196.95
683,3,15,127.67
683,1,3,75.24
683,4,23,103.24
683,4,22,35.66
683,3,17,83.79
683,4,20,66.04
683,1,4,70.76
683,1,2,77.98
683,1,5,70.76
683,1,1,78.91
683,2,8,68.39
683,3,16,106.0
683,1,0,72.2
683,4,21,119.09
683,2,11,54.97
683,2,9,71.17
683,3,13,27.62
683,4,18,243.02
684,4,23,104.36
684,4,20,62.53
684,3,17,85.5
684,4,22,32.51
684,1,4,84.41
684,1,3,95.28
684,3,15,122.1
684,1,2,90.89
684,3,12,194.29
684,1,5,84.41
684,1,1,88.86
684,3,13,35.05
684,2,9,82.37
684,2,11,55.0
684,4,18,246.89
684,1,0,69.19
684,3,16,102.26
684,2,8,67.55
684,4,21,126.99
685,3,12,187.24
685,3,15,118.57
685,1,3,74.09
685,1,2,71.45
685,4,22,31.06
685,3,17,74.68
685,4,20,54.94
685,1,4,60.53
685,4,23,101.38
685,1,5,60.53
685,1,1,76.19
685,2,8,63.23
685,3,16,83.77
685,1,0,53.61
685,4,21,113.77
685,2,11,43.96
685,2,9,76.26
685,3,13,36.0
685,4,18,241.57
686,1,2,48.08
686,4,20,68.77
686,3,17,85.34
686,4,22,26.77
686,1,4,74.48
686,1,3,49.36
686,3,15,115.85
686,3,12,192.27
686,4,23,91.44
686,1,5,74.48
686,1,1,47.86
686,3,13,30.51
686,2,9,63.98
686,2,11,37.49
686,4,18,240.52
686,1,0,60.32
686,3,16,95.18
686,2,8,66.05
686,4,21,112.11
687,3,12,201.95
687,3,15,141.31
687,1,3,95.82
687,1,2,98.02
687,4,22,25.81
687,3,17,83.06
687,4,20,65.48
687,1,4,54.89
687,1,5,54.89
687,4,23,90.5
687,1,1,95.0
687,2,8,61.54
687,3,16,99.05
687,1,0,70.25
687,4,21,124.95
687,2,11,42.34
687,2,9,86.42
687,3,13,27.12
687,4,18,243.1
688,1,2,67.55
688,4,20,62.57
688,3,17,85.16
688,4,22,28.49
688,1,4,58.13
688,1,3,69.62
688,3,15,135.02
688,3,12,195.43
688,1,5,58.13
688,4,23,91.48
688,1,1,58.22
688,2,8,71.0
688,3,16,88.57
688,1,0,72.09
688,4,21,132.48
688,2,11,48.23
688,2,9,75.78
688,3,13,29.77
688,4,18,243.26
689,1,2,55.19
689,4,20,68.66
689,3,17,77.83
689,4,22,27.99
689,1,4,61.6
689,1,3,51.9
689,3,15,121.16
689,3,12,199.8
689,4,23,106.0
689,1,5,61.6
689,1,1,50.69
689,3,13,29.94
689,2,9,61.88
689,2,11,47.56
689,4,18,238.12
689,1,0,61.09
689,3,16,89.05
689,2,8,46.22
689,4,21,111.75
690,3,12,208.58
690,3,15,125.4
690,1,3,70.37
690,1,2,69.19
690,4,22,32.5
690,3,17,86.82
690,4,20,67.48
690,1,4,86.56
690,1,5,86.56
690,4,23,98.53
690,1,1,68.37
690,2,8,67.08
690,3,16,102.54
690,1,0,88.09
690,4,21,123.85
690,2,11,50.72
690,2,9,72.4
690,3,13,29.71
690,4,18,232.02
691,4,23,98.51
691,4,20,60.84
691,3,17,88.69
691,4,22,42.43
691,1,4,100.0
691,1,3,80.06
691,3,15,129.7
691,1,2,81.57
691,3,12,198.95
691,1,5,100.0
691,1,1,71.12
691,3,13,36.0
691,2,9,78.0
691,2,11,50.84
691,4,18,248.61
691,1,0,69.82
691,3,16,90.23
691,2,8,64.59
691,4,21,120.86
692,3,12,204.76
692,3,15,124.32
692,1,3,68.28
692,1,2,65.97
692,4,22,38.17
692,3,17,86.16
692,4,20,71.0
692,1,4,91.16
692,4,23,89.6
692,1,5,91.16
692,1,1,70.57
692,2,8,56.41
692,3,16,97.8
692,1,0,89.97
692,4,21,113.36
692,2,11,50.75
692,2,9,72.67
692,3,13,33.58
692,4,18,236.92
693,1,2,56.21
693,4,20,62.94
693,3,17,81.28
693,4,22,29.47
693,1,4,66.01
693,1,3,56.43
693,3,15,110.38
693,3,12,190.04
693,4,23,92.46
693,1,5,66.01
693,1,1,58.68
693,3,13,27.53
693,2,9,70.97
693,2,11,48.35
693,4,18,236.75
693,1,0,64.43
693,3,16,93.21
693,2,8,67.76
693,4,21,109.52
694,3,12,186.68
694,3,15,127.32
694,1,3,61.89
694,1,2,62.39
694,4,22,31.67
694,3,17,82.53
694,4,20,68.09
694,1,4,69.02
694,1,5,69.02
694,4,23,87.55
694,1,1,63.04
694,2,8,58.6
694,3,16,91.98
694,1,0,57.38
694,4,21,114.05
694,2,11,49.51
694,2,9,71.72
694,3,13,32.56
694,4,18,242.83
695,4,23,92.56
695,4,20,71.0
695,3,17,90.05
695,4,22,37.08
695,1,4,79.09
695,1,3,95.82
695,3,15,135.79
695,1,2,98.02
695,1,5,79.09
695,3,12,194.23
695,1,1,97.25
695,3,13,35.89
695,2,9,88.44
695,2,11,50.3
695,4,18,231.5
695,1,0,72.15
695,3,16,94.96
695,2,8,70.97
695,4,21,130.18
696,3,15,127.38
696,1,3,78.63
696,1,4,75.19
696,4,23,105.33
696,3,17,85.56
696,4,20,71.0
696,4,22,32.04
696,1,2,72.29
696,3,12,183.05
696,1,5,75.19
696,2,8,66.93
696,3,16,86.02
696,1,0,55.09
696,4,18,235.21
696,4,21,114.45
696,2,9,81.82
696,3,13,30.72
696,1,1,75.07
696,2,11,45.54
697,1,2,49.02
697,4,20,70.33
697,3,17,79.4
697,4,22,32.18
697,1,4,59.41
697,1,3,53.32
697,3,15,111.81
697,3,12,199.96
697,4,23,95.71
697,4,21,120.29
697,1,1,52.75
697,3,13,25.98
697,2,9,67.71
697,2,11,40.98
697,4,18,243.42
697,1,0,89.68
697,3,16,94.18
697,2,8,55.92
697,1,5,59.41
698,3,12,206.22
698,3,15,126.99
698,1,3,73.52
698,4,23,102.86
698,4,22,34.49
698,3,17,87.68
698,4,20,66.33
698,1,4,89.83
698,1,2,72.64
698,1,5,89.83
698,1,1,71.27
698,2,8,62.44
698,3,16,98.22
698,1,0,97.34
698,4,21,109.45
698,2,11,50.75
698,2,9,85.96
698,3,13,36.0
698,4,18,233.47
699,4,23,96.41
699,4,20,58.52
699,3,17,87.33
699,4,22,33.94
699,1,4,81.64
699,1,3,59.68
699,3,15,121.22
699,1,2,58.03
699,3,12,199.34
699,1,5,81.64
699,1,1,62.0
699,3,13,36.0
699,2,9,70.23
699,2,11,50.3
699,4,18,239.67
699,1,0,97.03
699,3,16,105.02
699,2,8,57.04
699,4,21,121.07
700,3,12,200.42
700,3,15,139.97
700,1,3,80.74
700,1,2,83.58
700,4,22,30.58
700,3,17,78.78
700,4,20,71.0
700,1,4,71.16
700,4,23,98.01
700,1,5,71.16
700,1,1,72.89
700,2,8,64.53
700,3,16,103.89
700,1,0,74.74
700,4,21,129.76
700,2,11,45.99
700,2,9,81.71
700,3,13,31.96
700,4,18,238.19
701,1,2,59.63
701,4,20,71.0
701,3,17,79.14
701,4,22,24.07
701,1,4,71.73
701,1,3,60.62
701,3,15,122.07
701,3,12,197.73
701,4,23,99.54
701,1,5,71.73
701,1,1,67.34
701,3,13,29.5
701,2,9,71.42
701,2,11,37.96
701,4,18,243.17
701,1,0,76.14
701,3,16,97.97
701,2,8,58.68
701,4,21,118.32
702,3,12,193.97
702,3,15,125.79
702,1,3,67.73
702,1,2,66.75
702,4,22,42.47
702,3,17,82.66
702,4,20,71.0
702,1,4,100.0
702,1,5,100.0
702,4,23,100.7
702,1,1,61.04
702,2,8,59.3
702,3,16,101.95
702,1,0,62.68
702,4,21,116.62
702,2,11,54.37
702,2,9,72.39
702,3,13,35.77
702,4,18,240.95
703,4,23,94.96
703,4,20,68.95
703,3,17,77.06
703,4,22,27.02
703,1,4,63.6
703,1,3,80.56
703,3,15,135.21
703,1,2,79.77
703,1,5,63.6
703,3,12,191.04
703,1,1,88.56
703,4,21,118.78
703,3,16,96.3
703,1,0,51.98
703,4,18,249.0
703,2,8,61.45
703,2,9,86.32
703,3,13,36.0
703,2,11,42.64
704,1,2,78.55
704,4,20,71.0
704,3,17,82.55
704,4,22,25.31
704,1,4,70.24
704,1,3,80.3
704,3,15,132.86
704,4,23,104.68
704,1,5,70.24
704,3,12,202.16
704,1,1,78.66
704,2,8,46.24
704,3,16,95.93
704,1,0,78.1
704,4,21,122.71
704,2,11,44.2
704,2,9,77.63
704,3,13,32.84
704,4,18,237.36
705,1,2,52.12
705,4,20,66.03
705,3,17,86.47
705,4,22,36.93
705,1,4,77.14
705,1,3,54.76
705,3,15,124.8
705,3,12,204.67
705,4,23,103.09
705,4,21,120.74
705,1,1,55.09
705,3,13,24.27
705,2,9,69.28
705,2,11,53.19
705,4,18,239.77
705,1,0,91.08
705,3,16,94.05
705,2,8,51.13
705,1,5,77.14
706,3,15,129.59
706,1,3,57.61
706,1,4,80.3
706,4,23,103.95
706,3,17,79.11
706,4,20,71.0
706,4,22,41.33
706,1,2,54.91
706,3,12,184.19
706,1,5,80.3
706,2,8,58.3
706,3,16,95.17
706,1,0,45.29
706,4,18,248.51
706,4,21,117.48
706,2,9,74.7
706,3,13,36.0
706,1,1,58.6
706,2,11,61.35
707,4,23,97.71
707,4,20,66.91
707,3,17,81.12
707,4,22,22.82
707,1,4,51.48
707,1,3,67.37
707,3,15,134.06
707,1,2,63.83
707,1,5,51.48
707,3,12,205.68
707,1,1,71.79
707,2,8,63.3
707,3,16,96.78
707,1,0,91.7
707,4,21,113.55
707,2,11,34.32
707,2,9,75.26
707,3,13,25.69
707,4,18,241.12
708,1,2,75.39
708,4,20,61.98
708,3,17,82.31
708,4,22,45.85
708,1,4,82.16
708,1,3,79.04
708,3,15,141.26
708,3,12,200.36
708,4,23,100.04
708,4,21,121.23
708,1,1,84.23
708,2,8,60.71
708,3,16,103.76
708,1,0,83.5
708,1,5,82.16
708,2,11,58.06
708,2,9,76.32
708,3,13,35.77
708,4,18,225.67
709,1,2,76.33
709,4,20,66.3
709,3,17,93.23
709,4,22,28.79
709,1,4,75.28
709,1,3,77.06
709,3,15,128.22
709,3,12,201.25
709,4,23,90.45
709,1,5,75.28
709,1,1,82.44
709,3,13,35.87
709,2,9,77.46
709,2,11,55.57
709,4,18,248.72
709,1,0,76.9
709,3,16,86.45
709,2,8,65.99
709,4,21,115.66
710,3,12,196.21
710,3,15,134.87
710,1,3,95.82
710,4,23,96.26
710,4,22,41.95
710,3,17,82.08
710,4,20,65.57
710,1,4,90.77
710,1,2,98.02
710,1,5,90.77
710,1,1,100.0
710,2,8,69.57
710,3,16,90.92
710,1,0,72.41
710,4,21,134.59
710,2,11,56.11
710,2,9,77.86
710,3,13,36.0
710,4,18,240.83
711,4,23,97.6
711,4,20,62.25
711,3,17,68.99
711,4,22,26.18
711,1,4,60.99
711,1,3,71.79
711,3,15,125.21
711,1,2,69.35
711,1,5,60.99
711,3,12,199.73
711,1,1,75.38
711,3,13,35.36
711,2,9,80.93
711,2,11,47.05
711,4,18,249.0
711,1,0,52.66
711,3,16,92.72
711,2,8,59.25
711,4,21,121.96
712,3,15,123.61
712,1,3,69.79
712,1,4,59.74
712,4,23,90.77
712,3,17,85.48
712,4,20,67.05
712,4,22,22.47
712,1,2,73.99
712,3,12,202.37
712,1,5,59.74
712,2,8,67.89
712,3,16,94.67
712,1,0,82.92
712,4,18,249.0
712,4,21,121.04
712,2,9,60.65
712,3,13,36.0
712,1,1,74.93
712,2,11,51.41
713,1,2,60.66
713,4,20,64.35
713,3,17,89.54
713,4,22,38.78
713,1,4,51.17
713,1,3,63.55
713,3,15,123.09
713,3,12,191.45
713,4,23,87.97
713,4,21,117.79
713,1,1,60.92
713,3,13,30.07
713,2,9,64.53
713,2,11,40.49
713,4,18,234.37
713,1,0,61.38
713,3,16,89.89
713,2,8,67.7
713,1,5,51.17
714,3,12,207.23
714,3,15,121.92
714,1,3,59.71
714,4,23,101.09
714,4,22,40.33
714,3,17,94.19
714,4,20,70.83
714,1,4,99.13
714,1,2,57.54
714,1,5,99.13
714,1,1,63.17
714,2,8,55.78
714,3,16,100.92
714,1,0,100.0
714,4,21,110.42
714,2,11,62.8
714,2,9,76.09
714,3,13,32.09
714,4,18,237.41
715,4,23,101.99
715,4,20,70.61
715,3,17,69.01
715,4,22,24.47
715,1,4,56.39
715,1,3,64.26
715,3,15,121.24
715,1,2,65.63
715,3,12,195.9
715,1,5,56.39
715,1,1,59.66
715,3,13,30.37
715,2,9,69.1
715,2,11,35.67
715,4,18,237.23
715,1,0,51.79
715,3,16,100.49
715,2,8,64.56
715,4,21,120.82
716,3,12,205.41
716,3,15,131.79
716,1,3,74.12
716,1,2,76.35
716,4,22,32.6
716,3,17,82.22
716,4,20,62.47
716,1,4,61.41
716,4,23,102.19
716,1,5,61.41
716,1,1,77.64
716,2,8,56.16
716,3,16,97.92
716,1,0,77.99
716,4,21,124.06
716,2,11,30.81
716,2,9,79.59
716,3,13,32.36
716,4,18,245.14
717,1,2,74.69
717,4,20,57.65
717,3,17,74.39
717,4,22,31.14
717,1,4,48.29
717,1,3,78.75
717,3,15,135.24
717,3,12,195.74
717,4,23,89.02
717,1,5,48.29
717,1,1,76.84
717,3,13,32.09
717,2,9,82.45
717,2,11,26.97
717,4,18,243.81
717,1,0,74.07
717,3,16,89.34
717,2,8,66.7
717,4,21,117.37
718,3,12,215.8
718,3,15,128.89
718,1,3,46.14
718,1,2,46.44
718,4,22,27.13
718,3,17,79.59
718,4,20,54.7
718,1,4,74.65
718,1,5,74.65
718,4,23,102.34
718,1,1,49.81
718,2,8,53.32
718,3,16,90.56
718,1,0,89.92
718,4,21,118.51
718,2,11,57.5
718,2,9,63.06
718,3,13,36.0
718,4,18,235.93
719,4,23,104.77
719,4,20,65.78
719,3,17,72.82
719,4,22,23.98
719,1,4,52.03
719,1,3,57.03
719,3,15,115.21
719,1,2,56.25
719,1,5,52.03
719,3,12,188.7
719,1,1,57.27
719,4,21,124.19
719,3,16,92.79
719,1,0,35.38
719,4,18,243.58
719,2,8,58.74
719,2,9,67.92
719,3,13,35.5
719,2,11,40.68
720,1,2,60.83
720,4,23,99.51
720,4,20,70.45
720,3,17,85.7
720,4,22,29.27
720,1,4,67.64
720,1,3,62.46
720,3,15,130.82
720,1,5,67.64
720,3,12,199.66
720,1,1,68.99
720,3,16,101.4
720,1,0,60.47
720,4,18,243.88
720,2,8,58.51
720,2,9,74.92
720,3,13,28.81
720,2,11,40.24
720,4,21,114.2
721,4,23,96.44
721,1,2,74.02
721,4,20,57.64
721,3,17,90.9
721,4,22,37.9
721,1,4,77.44
721,1,3,74.2
721,3,15,131.66
721,3,12,189.73
721,1,5,77.44
721,1,1,71.26
721,3,13,31.83
721,2,9,77.93
721,2,11,52.39
721,4,18,244.48
721,1,0,68.99
721,3,16,92.81
721,2,8,60.54
721,4,21,125.24
722,4,23,96.55
722,3,15,117.57
722,1,3,49.88
722,1,2,48.75
722,4,22,29.02
722,3,17,85.0
722,4,20,59.67
722,1,4,66.72
722,1,5,66.72
722,3,12,189.51
722,1,1,51.68
722,2,8,59.39
722,3,16,93.1
722,1,0,51.28
722,4,21,114.86
722,2,11,33.61
722,2,9,71.84
722,3,13,27.54
722,4,18,243.1
723,4,23,99.22
723,4,20,63.13
723,3,17,95.59
723,4,22,30.66
723,1,4,71.76
723,1,3,60.61
723,3,15,124.56
723,1,2,59.69
723,3,12,196.1
723,1,5,71.76
723,1,1,54.52
723,3,13,32.35
723,2,9,71.29
723,2,11,48.25
723,4,18,249.0
723,1,0,54.18
723,3,16,99.15
723,2,8,58.06
723,4,21,113.16
724,3,12,197.62
724,3,15,128.12
724,1,3,73.19
724,1,2,72.03
724,4,22,34.88
724,3,17,85.87
724,4,20,70.47
724,1,4,95.82
724,4,23,99.72
724,4,21,125.05
724,1,1,69.74
724,2,8,66.95
724,3,16,104.74
724,1,0,53.53
724,1,5,95.82
724,2,11,51.14
724,2,9,78.44
724,3,13,36.0
724,4,18,237.83
725,1,2,63.62
725,4,20,69.81
725,3,17,77.86
725,4,22,16.03
725,1,4,54.48
725,1,3,64.66
725,3,15,137.45
725,3,12,193.31
725,4,23,99.28
725,4,21,121.13
725,1,1,55.95
725,3,13,31.99
725,2,9,79.03
725,2,11,43.83
725,4,18,244.33
725,1,0,68.4
725,3,16,83.36
725,2,8,55.86
725,1,5,54.48
726,3,15,132.52
726,1,3,74.23
726,1,4,55.87
726,4,23,96.66
726,3,17,82.71
726,4,20,66.35
726,4,22,19.07
726,1,2,71.05
726,3,12,199.24
726,1,5,55.87
726,2,8,51.34
726,3,16,99.16
726,1,0,72.24
726,4,18,240.08
726,4,21,122.28
726,2,9,78.76
726,3,13,35.12
726,1,1,71.86
726,2,11,35.05
727,4,23,92.0
727,4,20,60.42
727,3,17,93.64
727,4,22,28.47
727,1,4,75.12
727,1,3,64.77
727,3,15,132.13
727,1,2,67.85
727,1,5,75.12
727,3,12,191.16
727,1,1,67.0
727,4,21,119.06
727,3,16,90.05
727,1,0,68.51
727,4,18,229.16
727,2,8,63.77
727,2,9,64.01
727,3,13,34.32
727,2,11,38.95
728,1,2,51.87
728,4,20,71.0
728,3,17,84.89
728,4,22,34.91
728,1,4,83.33
728,1,3,53.92
728,3,15,122.08
728,4,23,97.17
728,1,5,83.33
728,3,12,198.57
728,1,1,47.78
728,2,8,58.42
728,3,16,95.08
728,1,0,82.64
728,4,21,120.81
728,2,11,49.2
728,2,9,72.14
728,3,13,35.77
728,4,18,249.0
729,4,23,90.54
729,4,20,65.67
729,3,17,86.97
729,4,22,35.63
729,1,4,66.43
729,1,3,60.87
729,3,15,119.54
729,1,2,63.61
729,3,12,206.48
729,1,5,66.43
729,1,1,58.09
729,3,13,35.33
729,2,9,66.94
729,2,11,39.44
729,4,18,240.09
729,1,0,87.52
729,3,16,94.03
729,2,8,61.5
729,4,21,118.14
730,3,12,190.53
730,3,15,135.81
730,1,3,67.34
730,1,2,66.9
730,4,22,39.15
730,3,17,89.6
730,4,20,69.74
730,1,4,81.72
730,4,23,95.7
730,4,21,128.83
730,1,1,74.41
730,2,8,71.0
730,3,16,105.47
730,1,0,72.47
730,1,5,81.72
730,2,11,49.48
730,2,9,73.08
730,3,13,35.83
730,4,18,240.02
731,4,23,89.04
731,4,20,71.0
731,3,17,83.99
731,4,22,31.39
731,1,4,57.85
731,1,3,64.2
731,3,15,138.77
731,1,2,66.86
731,3,12,179.96
731,1,5,57.85
731,1,1,63.23
731,3,13,26.33
731,2,9,73.16
731,2,11,35.88
731,4,18,238.57
731,1,0,34.31
731,3,16,94.97
731,2,8,57.44
731,4,21,105.92
732,3,12,201.59
732,3,15,129.79
732,1,3,79.86
732,1,2,79.45
732,4,22,41.28
732,3,17,92.77
732,4,20,63.17
732,1,4,75.54
732,4,23,93.86
732,1,5,75.54
732,1,1,83.06
732,2,8,66.63
732,3,16,99.46
732,1,0,74.87
732,4,21,127.29
732,2,11,49.88
732,2,9,75.53
732,3,13,25.72
732,4,18,235.8
733,1,2,71.78
733,4,20,71.0
733,3,17,64.06
733,4,22,28.17
733,1,4,53.42
733,1,3,73.95
733,3,15,132.84
733,3,12,200.94
733,4,23,94.89
733,1,5,53.42
733,1,1,74.66
733,3,13,34.99
733,2,9,75.56
733,2,11,38.91
733,4,18,239.18
733,1,0,72.8
733,3,16,94.07
733,2,8,60.11
733,4,21,124.7
734,3,12,203.43
734,3,15,123.34
734,1,3,53.01
734,4,23,100.47
734,4,22,25.42
734,3,17,77.29
734,4,20,62.0
734,1,4,65.53
734,1,2,53.75
734,1,5,65.53
734,1,1,56.9
734,2,8,49.06
734,3,16,95.33
734,1,0,67.87
734,4,21,115.37
734,2,11,44.94
734,2,9,65.31
734,3,13,31.97
734,4,18,239.21
735,4,23,93.43
735,4,20,64.63
735,3,17,75.95
735,4,22,29.92
735,1,4,61.42
735,1,3,74.61
735,3,15,131.88
735,1,2,69.2
735,1,5,61.42
735,3,12,194.02
735,1,1,74.99
735,4,21,119.28
735,3,16,95.58
735,1,0,62.18
735,4,18,241.28
735,2,8,65.95
735,2,9,76.62
735,3,13,36.0
735,2,11,34.4
736,1,2,64.2
736,4,20,69.26
736,3,17,85.94
736,4,22,21.98
736,1,4,69.04
736,1,3,65.46
736,3,15,123.03
736,4,23,89.36
736,1,5,69.04
736,3,12,194.77
736,1,1,63.31
736,2,8,55.56
736,3,16,89.71
736,1,0,58.84
736,4,21,111.42
736,2,11,45.71
736,2,9,67.8
736,3,13,25.42
736,4,18,246.45
737,1,2,66.95
737,4,20,61.49
737,3,17,75.16
737,4,22,24.28
737,1,4,53.79
737,1,3,66.11
737,3,15,126.06
737,3,12,199.91
737,4,23,98.8
737,4,21,113.88
737,1,1,63.64
737,3,13,35.02
737,2,9,78.77
737,2,11,39.97
737,4,18,237.18
737,1,0,71.08
737,3,16,89.85
737,2,8,60.64
737,1,5,53.79
738,3,15,120.97
738,1,3,50.47
738,1,4,85.38
738,4,23,106.0
738,3,17,84.59
738,4,20,61.44
738,4,22,35.72
738,1,2,51.64
738,3,12,197.18
738,1,5,85.38
738,2,8,51.18
738,3,16,94.84
738,1,0,76.23
738,4,18,240.06
738,4,21,113.74
738,2,9,71.52
738,3,13,35.45
738,1,1,50.92
738,2,11,54.81
739,4,23,89.63
739,4,20,70.45
739,3,17,80.75
739,4,22,23.51
739,1,4,60.48
739,1,3,56.98
739,3,15,127.07
739,1,2,54.39
739,1,5,60.48
739,3,12,192.22
739,1,1,51.71
739,2,8,61.76
739,3,16,89.46
739,1,0,52.22
739,4,21,119.22
739,2,11,38.5
739,2,9,68.06
739,3,13,28.51
739,4,18,234.55
740,1,2,50.97
740,4,20,67.28
740,3,17,82.79
740,4,22,36.61
740,1,4,70.18
740,1,3,51.35
740,3,15,123.19
740,3,12,208.39
740,4,23,92.98
740,4,21,111.62
740,1,1,47.14
740,2,8,59.28
740,3,16,97.9
740,1,0,82.15
740,1,5,70.18
740,2,11,51.06
740,2,9,57.43
740,3,13,27.93
740,4,18,244.59
741,1,2,80.56
741,4,20,63.94
741,3,17,81.12
741,4,22,24.37
741,1,4,78.85
741,1,3,83.29
741,3,15,129.54
741,3,12,193.14
741,4,23,101.92
741,1,5,78.85
741,1,1,82.9
741,3,13,36.0
741,2,9,73.1
741,2,11,46.35
741,4,18,241.89
741,1,0,68.92
741,3,16,105.31
741,2,8,67.48
741,4,21,119.94
742,3,12,189.31
742,3,15,114.73
742,1,3,41.03
742,4,23,88.77
742,4,22,29.1
742,3,17,81.59
742,4,20,70.95
742,1,4,56.88
742,1,2,40.72
742,1,5,56.88
742,1,1,39.0
742,2,8,58.71
742,3,16,90.4
742,1,0,62.08
742,4,21,114.29
742,2,11,37.57
742,2,9,62.69
742,3,13,28.2
742,4,18,241.28
743,4,23,92.14
743,4,20,71.0
743,3,17,84.89
743,4,22,23.9
743,1,4,83.34
743,1,3,71.55
743,3,15,129.94
743,1,2,71.53
743,1,5,83.34
743,3,12,201.36
743,1,1,76.95
743,3,13,36.0
743,2,9,74.42
743,2,11,47.3
743,4,18,238.44
743,1,0,91.49
743,3,16,106.0
743,2,8,69.78
743,4,21,107.92
744,3,15,129.78
744,1,3,62.29
744,1,4,75.29
744,4,23,87.07
744,3,17,80.28
744,4,20,71.0
744,4,22,35.64
744,1,2,62.01
744,3,12,194.51
744,1,5,75.29
744,2,8,70.32
744,3,16,89.29
744,1,0,56.84
744,4,18,240.57
744,4,21,123.47
744,2,9,66.78
744,3,13,26.14
744,1,1,60.45
744,2,11,47.01
745,1,2,59.61
745,4,20,63.02
745,3,17,79.38
745,4,22,32.58
745,1,4,62.54
745,1,3,59.45
745,3,15,142.0
745,3,12,194.69
745,4,23,96.06
745,4,21,119.68
745,1,1,62.07
745,3,13,30.17
745,2,9,75.4
745,2,11,43.75
745,4,18,243.6
745,1,0,70.49
745,3,16,87.91
745,2,8,69.66
745,1,5,62.54
746,3,12,190.21
746,3,15,128.65
746,1,3,56.74
746,4,23,104.4
746,4,22,36.88
746,3,17,83.02
746,4,20,68.01
746,1,4,70.95
746,1,2,56.7
746,1,5,70.95
746,1,1,58.59
746,2,8,56.89
746,3,16,91.96
746,1,0,67.5
746,4,21,113.52
746,2,11,44.87
746,2,9,69.64
746,3,13,32.12
746,4,18,243.9
747,4,23,94.95
747,4,20,64.89
747,3,17,75.99
747,4,22,23.59
747,1,4,45.95
747,1,3,44.15
747,3,15,122.34
747,1,2,44.75
747,3,12,201.18
747,1,5,45.95
747,1,1,43.56
747,3,13,26.46
747,2,9,60.4
747,2,11,42.21
747,4,18,241.57
747,1,0,69.71
747,3,16,87.65
747,2,8,45.74
747,4,21,117.46
748,3,12,193.11
748,3,15,137.67
748,1,3,95.82
748,1,2,98.02
748,4,22,33.6
748,3,17,83.4
748,4,20,61.2
748,1,4,72.82
748,4,23,101.62
748,1,5,72.82
748,1,1,96.05
748,2,8,63.42
748,3,16,97.94
748,1,0,64.6
748,4,21,125.74
748,2,11,56.53
748,2,9,80.63
748,3,13,29.64
748,4,18,238.44
749,1,2,59.44
749,4,20,71.0
749,3,17,71.47
749,4,22,24.88
749,1,4,50.07
749,1,3,60.79
749,3,15,126.04
749,3,12,195.45
749,4,23,100.58
749,1,5,50.07
749,1,1,58.08
749,3,13,28.09
749,2,9,64.36
749,2,11,30.89
749,4,18,241.07
749,1,0,62.6
749,3,16,90.81
749,2,8,56.32
749,4,21,119.09
750,3,12,193.25
750,3,15,127.64
750,1,3,71.05
750,1,2,70.22
750,4,22,30.0
750,3,17,80.31
750,4,20,69.84
750,4,23,91.59
750,1,5,53.16
750,1,4,53.16
750,1,1,71.62
750,2,8,58.68
750,3,16,98.08
750,1,0,62.4
750,4,21,112.33
750,2,11,35.0
750,2,9,68.21
750,3,13,33.65
750,4,18,232.79
751,1,2,66.86
751,4,20,64.23
751,3,17,83.39
751,4,22,30.42
751,1,4,67.59
751,1,3,67.9
751,3,15,121.81
751,3,12,201.26
751,1,5,67.59
751,4,23,90.79
751,1,1,69.39
751,2,8,60.95
751,3,16,93.04
751,1,0,60.84
751,4,21,127.15
751,2,11,52.42
751,2,9,65.0
751,3,13,24.02
751,4,18,238.2
752,1,2,68.76
752,4,20,62.1
752,3,17,75.25
752,4,22,32.8
752,1,4,75.29
752,1,3,70.51
752,3,15,122.16
752,3,12,199.85
752,4,23,98.38
752,1,5,75.29
752,1,1,70.15
752,3,13,28.44
752,2,9,64.49
752,2,11,49.66
752,4,18,240.36
752,1,0,65.43
752,3,16,92.06
752,2,8,63.15
752,4,21,115.7
753,3,12,189.45
753,3,15,115.14
753,1,3,56.9
753,1,2,55.13
753,4,22,32.43
753,3,17,85.46
753,4,20,62.67
753,1,4,73.32
753,1,5,73.32
753,4,23,104.68
753,1,1,58.08
753,2,8,63.38
753,3,16,87.96
753,1,0,74.35
753,4,21,110.52
753,2,11,41.56
753,2,9,72.66
753,3,13,31.81
753,4,18,245.97
754,4,23,99.73
754,4,20,67.1
754,3,17,80.28
754,4,22,33.94
754,1,4,80.2
754,1,3,67.36
754,3,15,121.21
754,1,2,66.12
754,3,12,213.16
754,1,5,80.2
754,1,1,68.87
754,3,13,36.0
754,2,9,72.56
754,2,11,49.29
754,4,18,239.06
754,1,0,89.58
754,3,16,99.69
754,2,8,62.63
754,4,21,122.7
755,3,12,191.98
755,3,15,134.77
755,1,3,75.85
755,1,2,72.71
755,4,22,32.23
755,3,17,77.27
755,4,20,71.0
755,1,4,54.25
755,4,23,91.08
755,1,5,54.25
755,1,1,71.49
755,2,8,58.64
755,3,16,93.15
755,1,0,67.02
755,4,21,117.94
755,2,11,39.06
755,2,9,84.85
755,3,13,36.0
755,4,18,246.2
756,1,2,62.5
756,4,20,63.08
756,3,17,72.19
756,4,22,25.26
756,1,4,61.34
756,1,3,64.74
756,3,15,131.37
756,3,12,199.4
756,4,23,101.8
756,1,5,61.34
756,1,1,61.62
756,3,13,30.31
756,2,9,75.62
756,2,11,44.18
756,4,18,241.17
756,1,0,89.72
756,3,16,102.72
756,2,8,63.34
756,4,21,118.03
757,3,12,195.76
757,3,15,129.26
757,1,3,41.19
757,1,2,43.18
757,4,22,28.51
757,3,17,73.99
757,4,20,62.57
757,1,4,51.58
757,1,5,51.58
757,4,23,96.95
757,1,1,44.83
757,2,8,57.49
757,3,16,97.14
757,1,0,63.4
757,4,21,113.18
757,2,11,37.41
757,2,9,76.14
757,3,13,34.26
757,4,18,237.1
758,4,23,104.22
758,4,20,71.0
758,3,17,81.96
758,4,22,29.22
758,1,4,79.3
758,1,3,77.22
758,3,15,132.25
758,1,2,77.54
758,1,5,79.3
758,3,12,199.44
758,1,1,78.59
758,3,13,36.0
758,2,9,80.58
758,2,11,47.41
758,4,18,247.07
758,1,0,87.26
758,3,16,98.45
758,2,8,64.12
758,4,21,131.2
759,3,15,130.15
759,1,3,61.0
759,1,4,76.16
759,4,23,95.86
759,3,17,76.56
759,4,20,65.48
759,4,22,23.52
759,1,2,59.27
759,3,12,187.88
759,1,5,76.16
759,2,8,60.33
759,3,16,95.99
759,1,0,65.75
759,4,18,241.49
759,4,21,123.23
759,2,9,72.53
759,3,13,31.11
759,1,1,62.38
759,2,11,45.29
760,1,2,59.82
760,4,20,63.31
760,3,17,86.22
760,4,22,39.64
760,1,4,100.0
760,1,3,63.79
760,3,15,123.44
760,3,12,185.57
760,4,23,101.97
760,4,21,114.67
760,1,1,58.02
760,3,13,36.0
760,2,9,73.87
760,2,11,72.12
760,4,18,249.0
760,1,0,66.76
760,3,16,106.0
760,2,8,65.53
760,1,5,100.0
761,3,12,208.78
761,3,15,124.17
761,1,3,95.82
761,4,23,106.0
761,4,22,31.0
761,3,17,82.71
761,4,20,71.0
761,1,4,86.78
761,1,2,97.24
761,1,5,86.78
761,1,1,99.52
761,2,8,66.22
761,3,16,90.39
761,1,0,80.51
761,4,21,126.4
761,2,11,63.09
761,2,9,88.82
761,3,13,31.34
761,4,18,240.68
762,4,23,94.94
762,4,20,70.25
762,3,17,95.82
762,4,22,44.14
762,1,4,85.55
762,1,3,89.08
762,3,15,130.39
762,1,2,89.97
762,3,12,199.57
762,1,5,85.55
762,1,1,83.27
762,3,13,36.0
762,2,9,85.01
762,2,11,54.97
762,4,18,238.97
762,1,0,80.17
762,3,16,91.81
762,2,8,71.0
762,4,21,119.85
763,3,12,192.26
763,3,15,124.49
763,1,3,50.85
763,1,2,49.32
763,4,22,31.92
763,3,17,78.01
763,4,20,61.19
763,1,4,56.07
763,4,23,89.1
763,1,5,56.07
763,1,1,51.76
763,2,8,55.28
763,3,16,92.19
763,1,0,54.78
763,4,21,119.31
763,2,11,52.77
763,2,9,65.2
763,3,13,32.38
763,4,18,247.63
764,1,2,66.47
764,4,20,71.0
764,3,17,78.51
764,4,22,21.72
764,1,4,53.5
764,1,3,67.05
764,3,15,126.53
764,3,12,191.63
764,4,23,96.58
764,1,5,53.5
764,1,1,66.4
764,3,13,36.0
764,2,9,62.4
764,2,11,39.13
764,4,18,242.13
764,1,0,55.0
764,3,16,84.06
764,2,8,61.87
764,4,21,114.62
765,3,12,206.77
765,3,15,125.63
765,1,3,75.78
765,1,2,72.27
765,4,22,28.65
765,3,17,81.02
765,4,20,71.0
765,1,4,63.96
765,1,5,63.96
765,4,23,91.31
765,1,1,72.25
765,2,8,66.17
765,3,16,93.11
765,1,0,95.06
765,4,21,128.6
765,2,11,42.12
765,2,9,83.9
765,3,13,36.0
765,4,18,233.28
766,4,23,99.85
766,4,20,70.87
766,3,17,80.61
766,4,22,28.91
766,1,4,58.65
766,1,3,66.67
766,3,15,136.04
766,1,2,62.03
766,1,5,58.65
766,3,12,202.6
766,1,1,54.79
766,4,21,119.54
766,3,16,104.55
766,1,0,63.95
766,4,18,238.04
766,2,8,58.9
766,2,9,70.32
766,3,13,25.76
766,2,11,30.26
767,1,2,59.16
767,4,20,63.63
767,3,17,88.34
767,4,22,38.79
767,1,4,71.12
767,1,3,57.19
767,3,15,117.09
767,4,23,98.05
767,1,5,71.12
767,3,12,193.01
767,1,1,60.8
767,2,8,55.28
767,3,16,93.04
767,1,0,72.58
767,4,21,114.05
767,2,11,53.9
767,2,9,64.55
767,3,13,31.66
767,4,18,239.13
768,1,2,59.83
768,4,20,65.27
768,3,17,70.03
768,4,22,27.69
768,1,4,50.67
768,1,3,63.04
768,3,15,124.2
768,3,12,197.24
768,4,23,96.83
768,4,21,112.26
768,1,1,62.91
768,3,13,27.04
768,2,9,64.44
768,2,11,37.94
768,4,18,238.59
768,1,0,63.77
768,3,16,87.29
768,2,8,60.97
768,1,5,50.67
769,3,15,132.3
769,1,3,71.11
769,1,4,71.96
769,4,23,97.02
769,3,17,79.22
769,4,20,63.47
769,4,22,34.3
769,1,2,71.57
769,3,12,199.62
769,1,5,71.96
769,2,8,55.5
769,3,16,85.71
769,1,0,70.74
769,4,18,241.48
769,4,21,124.15
769,2,9,66.76
769,3,13,32.82
769,1,1,70.96
769,2,11,43.48
770,4,23,97.36
770,4,20,61.89
770,3,17,93.15
770,4,22,26.07
770,1,4,73.2
770,1,3,88.0
770,3,15,122.23
770,1,2,84.18
770,1,5,73.2
770,3,12,199.17
770,1,1,91.17
770,2,8,60.0
770,3,16,97.25
770,1,0,72.45
770,4,21,120.16
770,2,11,45.01
770,2,9,75.1
770,3,13,36.0
770,4,18,235.79
771,1,2,69.12
771,4,20,71.0
771,3,17,77.88
771,4,22,27.83
771,1,4,62.81
771,1,3,68.03
771,3,15,132.14
771,3,12,189.72
771,4,23,102.9
771,4,21,118.92
771,1,1,70.92
771,2,8,61.19
771,3,16,97.37
771,1,0,59.7
771,1,5,62.81
771,2,11,38.04
771,2,9,75.74
771,3,13,35.77
771,4,18,239.13
772,1,2,70.19
772,4,20,71.0
772,3,17,75.55
772,4,22,24.43
772,1,4,67.38
772,1,3,72.41
772,3,15,122.31
772,3,12,203.84
772,4,23,85.24
772,1,5,67.38
772,1,1,76.07
772,3,13,34.62
772,2,9,64.89
772,2,11,45.79
772,4,18,241.87
772,1,0,72.07
772,3,16,91.94
772,2,8,59.97
772,4,21,109.85
773,3,12,184.87
773,3,15,133.67
773,1,3,86.03
773,4,23,93.18
773,4,22,30.97
773,3,17,86.66
773,4,20,60.89
773,1,4,70.99
773,1,2,84.18
773,1,5,70.99
773,1,1,81.27
773,2,8,67.97
773,3,16,89.92
773,1,0,59.53
773,4,21,124.65
773,2,11,52.03
773,2,9,74.42
773,3,13,33.18
773,4,18,236.04
774,4,23,96.65
774,4,20,65.39
774,3,17,81.05
774,4,22,34.98
774,1,4,74.73
774,1,3,55.53
774,3,15,125.54
774,1,2,54.97
774,1,5,74.73
774,3,12,192.48
774,1,1,57.23
774,3,13,36.0
774,2,9,65.03
774,2,11,48.52
774,4,18,236.46
774,1,0,48.89
774,3,16,95.23
774,2,8,56.42
774,4,21,115.75
775,3,15,130.65
775,1,3,67.31
775,1,4,73.81
775,4,23,100.09
775,3,17,76.89
775,4,20,62.24
775,4,22,26.35
775,1,2,68.43
775,3,12,195.35
775,1,5,73.81
775,2,8,55.62
775,3,16,99.81
775,1,0,77.05
775,4,18,243.08
775,4,21,122.74
775,2,9,77.27
775,3,13,36.0
775,1,1,77.61
775,2,11,44.56
776,1,2,62.21
776,4,20,66.81
776,3,17,79.01
776,4,22,22.99
776,1,4,62.28
776,1,3,59.65
776,3,15,121.02
776,3,12,196.85
776,4,23,91.82
776,4,21,119.86
776,1,1,60.42
776,3,13,36.0
776,2,9,68.58
776,2,11,37.98
776,4,18,231.46
776,1,0,60.94
776,3,16,91.82
776,2,8,56.65
776,1,5,62.28
777,3,12,202.95
777,3,15,128.18
777,1,3,67.33
777,4,23,104.56
777,4,22,38.68
777,3,17,76.27
777,4,20,56.05
777,1,4,81.93
777,1,2,66.76
777,1,5,81.93
777,1,1,59.34
777,2,8,68.42
777,3,16,99.42
777,1,0,76.99
777,4,21,117.8
777,2,11,59.79
777,2,9,78.9
777,3,13,31.19
777,4,18,249.0
778,4,23,95.1
778,4,20,71.0
778,3,17,82.29
778,4,22,34.47
778,1,4,68.97
778,1,3,92.52
778,3,15,130.08
778,1,2,88.52
778,3,12,195.51
778,1,5,68.97
778,1,1,97.65
778,3,13,31.01
778,2,9,80.45
778,2,11,39.56
778,4,18,244.2
778,1,0,69.58
778,3,16,96.07
778,2,8,59.5
778,4,21,123.53
779,3,12,192.33
779,3,15,121.99
779,1,3,69.91
779,1,2,66.9
779,4,22,26.83
779,3,17,78.09
779,4,20,70.36
779,1,4,52.41
779,4,23,93.12
779,1,5,52.41
779,1,1,64.12
779,2,8,59.83
779,3,16,93.39
779,1,0,71.07
779,4,21,115.24
779,2,11,32.4
779,2,9,68.31
779,3,13,31.49
779,4,18,247.53
780,1,2,42.52
780,4,20,71.0
780,3,17,79.52
780,4,22,33.45
780,1,4,65.42
780,1,3,44.2
780,3,15,113.04
780,3,12,201.67
780,4,23,86.44
780,1,5,65.42
780,1,1,45.08
780,3,13,31.42
780,2,9,74.96
780,2,11,41.98
780,4,18,241.72
780,1,0,74.66
780,3,16,94.28
780,2,8,57.63
780,4,21,119.31
781,3,15,142.0
781,1,3,77.28
781,1,4,54.82
781,3,12,196.55
781,3,17,85.94
781,4,20,66.75
781,4,23,91.25
781,4,22,22.24
781,1,2,77.03
781,1,5,54.82
781,4,21,120.47
781,3,16,94.67
781,1,0,70.1
781,4,18,239.77
781,2,8,66.72
781,2,9,72.5
781,3,13,36.0
781,1,1,81.91
781,2,11,37.49
782,1,2,69.04
782,4,20,70.1
782,3,17,83.88
782,4,22,32.13
782,1,4,76.31
782,1,3,70.83
782,3,15,125.1
782,3,12,191.68
782,1,5,76.31
782,4,23,104.77
782,1,1,68.36
782,2,8,67.42
782,3,16,91.18
782,1,0,56.74
782,4,21,121.47
782,2,11,44.79
782,2,9,76.18
782,3,13,19.33
782,4,18,238.83
783,1,2,47.89
783,4,20,64.11
783,3,17,79.16
783,4,22,22.72
783,1,4,63.71
783,1,3,47.62
783,3,15,125.39
783,3,12,195.75
783,4,23,106.0
783,1,5,63.71
783,1,1,48.68
783,3,13,23.05
783,2,9,62.63
783,2,11,42.56
783,4,18,239.86
783,1,0,66.7
783,3,16,81.39
783,2,8,62.77
783,4,21,114.32
784,3,12,190.83
784,3,15,127.79
784,1,3,85.0
784,1,2,84.66
784,4,22,32.37
784,3,17,88.73
784,4,20,70.52
784,1,4,69.88
784,1,5,69.88
784,4,23,91.51
784,1,1,87.33
784,2,8,67.43
784,3,16,99.54
784,1,0,79.09
784,4,21,132.89
784,2,11,47.4
784,2,9,76.16
784,3,13,36.0
784,4,18,245.08
785,4,23,88.86
785,4,20,60.77
785,3,17,86.0
785,4,22,37.35
785,1,4,78.86
785,1,3,72.74
785,3,15,137.65
785,1,2,72.47
785,3,12,195.31
785,1,5,78.86
785,1,1,74.37
785,3,13,36.0
785,2,9,69.21
785,2,11,54.42
785,4,18,247.34
785,1,0,79.34
785,3,16,96.33
785,2,8,64.97
785,4,21,131.71
786,3,12,195.96
786,3,15,136.34
786,1,3,88.01
786,1,2,88.57
786,4,22,23.58
786,3,17,87.92
786,4,20,70.13
786,1,4,71.21
786,4,23,98.93
786,1,5,71.21
786,1,1,90.45
786,2,8,64.36
786,3,16,94.67
786,1,0,64.71
786,4,21,123.13
786,2,11,36.21
786,2,9,73.44
786,3,13,36.0
786,4,18,235.57
787,1,2,74.01
787,4,20,69.17
787,3,17,81.06
787,4,22,34.76
787,1,4,70.96
787,1,3,72.01
787,3,15,135.67
787,3,12,195.77
787,4,23,95.81
787,1,5,70.96
787,1,1,74.91
787,3,13,36.0
787,2,9,78.32
787,2,11,57.86
787,4,18,238.26
787,1,0,80.12
787,3,16,95.0
787,2,8,63.56
787,4,21,131.05
788,3,12,199.65
788,3,15,136.52
788,1,3,71.94
788,1,2,68.92
788,4,22,28.05
788,3,17,78.23
788,4,20,69.57
788,1,4,68.19
788,1,5,68.19
788,4,23,94.5
788,1,1,59.47
788,2,8,63.68
788,3,16,89.09
788,1,0,76.09
788,4,21,124.75
788,2,11,38.69
788,2,9,76.91
788,3,13,32.07
788,4,18,236.3
789,4,23,99.52
789,4,20,69.13
789,3,17,79.06
789,4,22,28.71
789,1,4,72.88
789,1,3,66.6
789,3,15,130.94
789,1,2,65.76
789,1,5,72.88
789,3,12,190.55
789,1,1,57.32
789,3,13,32.43
789,2,9,63.88
789,2,11,47.69
789,4,18,242.28
789,1,0,42.22
789,3,16,92.45
789,2,8,64.18
789,4,21,118.06
790,3,15,123.48
790,1,3,63.81
790,1,4,88.83
790,4,23,95.5
790,3,17,82.31
790,4,20,63.08
790,4,22,45.57
790,1,2,61.58
790,3,12,196.66
790,1,5,88.83
790,2,8,68.65
790,3,16,97.91
790,1,0,87.42
790,4,18,235.25
790,4,21,119.2
790,2,9,67.57
790,3,13,33.56
790,1,1,60.2
790,2,11,48.3
791,1,2,70.32
791,4,20,63.89
791,3,17,76.55
791,4,22,40.12
791,1,4,73.94
791,1,3,70.15
791,3,15,128.79
791,3,12,191.54
791,4,23,97.94
791,4,21,125.62
791,1,1,67.9
791,3,13,36.0
791,2,9,75.63
791,2,11,45.52
791,4,18,246.43
791,1,0,63.21
791,3,16,95.29
791,2,8,62.05
791,1,5,73.94
792,3,12,205.38
792,3,15,130.46
792,1,3,57.62
792,4,23,96.1
792,4,22,33.86
792,3,17,85.81
792,4,20,61.83
792,1,4,82.23
792,1,2,56.34
792,1,5,82.23
792,1,1,57.21
792,2,8,55.45
792,3,16,106.0
792,1,0,100.0
792,4,21,126.11
792,2,11,61.71
792,2,9,66.83
792,3,13,23.89
792,4,18,248.47
793,4,23,93.85
793,4,20,63.31
793,3,17,88.64
793,4,22,26.06
793,1,4,87.78
793,1,3,57.53
793,3,15,123.49
793,1,2,60.16
793,3,12,193.84
793,1,5,87.78
793,1,1,62.35
793,3,13,34.98
793,2,9,67.45
793,2,11,53.32
793,4,18,243.01
793,1,0,79.41
793,3,16,93.65
793,2,8,61.31
793,4,21,120.51
794,3,12,198.18
794,3,15,125.73
794,1,3,62.95
794,1,2,66.31
794,4,22,38.22
794,3,17,81.91
794,4,20,59.17
794,1,4,66.19
794,4,23,106.0
794,1,5,66.19
794,1,1,65.18
794,2,8,64.15
794,3,16,100.11
794,1,0,80.37
794,4,21,121.95
794,2,11,35.82
794,2,9,77.5
794,3,13,19.11
794,4,18,245.3
795,1,2,60.33
795,4,20,64.91
795,3,17,87.85
795,4,22,28.0
795,1,4,65.11
795,1,3,61.43
795,3,15,122.1
795,3,12,205.1
795,4,23,95.95
795,1,5,65.11
795,1,1,64.59
795,3,13,30.2
795,2,9,62.23
795,2,11,44.07
795,4,18,241.63
795,1,0,62.81
795,3,16,105.07
795,2,8,64.32
795,4,21,113.64
796,3,12,208.31
796,3,15,116.15
796,1,3,56.94
796,1,2,55.49
796,4,22,34.0
796,3,17,85.18
796,4,20,70.75
796,1,4,86.02
796,1,5,86.02
796,4,23,93.56
796,1,1,56.3
796,2,8,60.97
796,3,16,97.38
796,1,0,75.13
796,4,21,112.77
796,2,11,59.14
796,2,9,70.67
796,3,13,36.0
796,4,18,243.27
797,4,23,89.59
797,4,20,69.57
797,3,17,78.31
797,4,22,25.17
797,1,4,50.92
797,1,3,34.2
797,3,15,111.38
797,1,2,33.71
797,1,5,50.92
797,3,12,191.72
797,1,1,35.51
797,4,21,99.86
797,3,16,88.97
797,1,0,54.8
797,4,18,242.75
797,2,8,54.92
797,2,9,58.5
797,3,13,32.98
797,2,11,36.72
798,1,2,66.79
798,4,20,63.2
798,3,17,76.24
798,4,22,40.51
798,1,4,89.18
798,1,3,69.14
798,3,15,132.7
798,4,23,87.45
798,1,5,89.18
798,3,12,193.8
798,1,1,66.76
798,2,8,56.38
798,3,16,106.0
798,1,0,76.27
798,4,21,115.56
798,2,11,52.13
798,2,9,68.61
798,3,13,26.58
798,4,18,238.54
799,1,2,55.85
799,4,20,67.86
799,3,17,67.11
799,4,22,24.64
799,1,4,44.37
799,1,3,56.51
799,3,15,119.08
799,3,12,197.46
799,4,23,88.72
799,4,21,113.37
799,1,1,56.5
799,3,13,35.69
799,2,9,71.25
799,2,11,36.98
799,4,18,242.62
799,1,0,44.78
799,3,16,97.29
799,2,8,58.37
799,1,5,44.37
800,3,15,122.62
800,1,3,53.78
800,1,4,68.7
800,4,23,92.5
800,3,17,89.41
800,4,20,62.38
800,4,22,29.94
800,1,2,55.65
800,3,12,201.35
800,1,5,68.7
800,2,8,65.3
800,3,16,94.71
800,1,0,75.25
800,4,18,247.98
800,4,21,114.61
800,2,9,60.9
800,3,13,36.0
800,1,1,56.47
800,2,11,37.48
801,4,23,87.1
801,4,20,62.35
801,3,17,91.52
801,4,22,36.09
801,1,4,79.22
801,1,3,81.99
801,3,15,130.42
801,1,2,78.72
801,1,5,79.22
801,3,12,203.29
801,1,1,84.94
801,2,8,54.41
801,3,16,101.66
801,1,0,75.41
801,4,21,116.24
801,2,11,51.94
801,2,9,66.42
801,3,13,35.04
801,4,18,249.0
802,1,2,66.1
802,4,20,60.57
802,3,17,86.6
802,4,22,37.76
802,1,4,84.57
802,1,3,66.39
802,3,15,125.24
802,3,12,198.34
802,4,23,101.55
802,4,21,127.7
802,1,1,67.28
802,2,8,62.73
802,3,16,93.11
802,1,0,77.78
802,1,5,84.57
802,2,11,53.06
802,2,9,70.24
802,3,13,32.46
802,4,18,243.14
803,1,2,61.62
803,4,20,55.1
803,3,17,76.19
803,4,22,31.93
803,1,4,70.47
803,1,3,61.65
803,3,15,115.91
803,3,12,197.81
803,4,23,95.45
803,1,5,70.47
803,1,1,60.56
803,3,13,33.72
803,2,9,77.4
803,2,11,38.77
803,4,18,243.27
803,1,0,63.17
803,3,16,92.05
803,2,8,56.76
803,4,21,120.41
804,3,12,192.97
804,3,15,125.6
804,1,3,64.66
804,4,23,99.17
804,4,22,45.9
804,3,17,73.98
804,4,20,64.12
804,1,4,75.97
804,1,2,64.97
804,1,5,75.97
804,1,1,65.89
804,2,8,65.42
804,3,16,100.93
804,1,0,59.06
804,4,21,124.58
804,2,11,51.54
804,2,9,67.67
804,3,13,33.33
804,4,18,239.3
805,4,23,101.03
805,4,20,71.0
805,3,17,86.08
805,4,22,31.74
805,1,4,80.09
805,1,3,74.68
805,3,15,125.13
805,1,2,73.34
805,1,5,80.09
805,3,12,197.71
805,1,1,66.38
805,3,13,32.19
805,2,9,72.37
805,2,11,48.03
805,4,18,240.51
805,1,0,82.28
805,3,16,95.96
805,2,8,67.0
805,4,21,129.06
806,3,15,134.57
806,1,3,72.81
806,1,4,69.39
806,4,23,87.4
806,3,17,77.02
806,4,20,70.22
806,4,22,43.83
806,1,2,72.22
806,3,12,202.34
806,1,5,69.39
806,2,8,60.57
806,3,16,92.45
806,1,0,100.0
806,4,18,245.1
806,4,21,115.24
806,2,9,67.2
806,3,13,25.08
806,1,1,66.43
806,2,11,52.86
807,1,2,71.05
807,4,20,61.5
807,3,17,78.75
807,4,22,30.39
807,1,4,81.25
807,1,3,71.56
807,3,15,135.3
807,3,12,199.58
807,4,23,91.46
807,4,21,119.82
807,1,1,75.54
807,3,13,25.96
807,2,9,76.5
807,2,11,58.28
807,4,18,237.6
807,1,0,87.8
807,3,16,91.83
807,2,8,54.52
807,1,5,81.25
808,3,12,197.01
808,3,15,113.45
808,1,3,42.95
808,4,23,91.17
808,4,22,33.95
808,3,17,74.07
808,4,20,62.77
808,1,4,58.8
808,1,2,41.39
808,1,5,58.8
808,1,1,47.0
808,2,8,54.62
808,3,16,91.84
808,1,0,53.97
808,4,21,112.51
808,2,11,37.52
808,2,9,65.74
808,3,13,36.0
808,4,18,241.85
809,4,23,94.93
809,4,20,62.11
809,3,17,75.31
809,4,22,34.4
809,1,4,57.89
809,1,3,55.98
809,3,15,121.76
809,1,2,52.86
809,3,12,187.89
809,1,5,57.89
809,1,1,53.84
809,3,13,36.0
809,2,9,71.34
809,2,11,40.48
809,4,18,246.0
809,1,0,61.01
809,3,16,101.83
809,2,8,58.85
809,4,21,106.15
810,3,12,207.42
810,3,15,128.61
810,1,3,81.05
810,1,2,79.45
810,4,22,35.26
810,3,17,75.82
810,4,20,69.43
810,1,4,82.03
810,4,23,86.36
810,1,5,82.03
810,1,1,75.29
810,2,8,53.91
810,3,16,101.61
810,1,0,74.46
810,4,21,119.83
810,2,11,57.97
810,2,9,69.96
810,3,13,24.28
810,4,18,243.36
811,1,2,65.53
811,4,20,65.04
811,3,17,73.91
811,4,22,25.85
811,1,4,53.19
811,1,3,67.95
811,3,15,123.1
811,3,12,201.38
811,4,23,90.6
811,1,5,53.19
811,1,1,67.36
811,3,13,31.85
811,2,9,70.53
811,2,11,29.33
811,4,18,244.05
811,1,0,56.05
811,3,16,95.35
811,2,8,53.21
811,4,21,108.3
812,3,12,194.18
812,3,15,129.53
812,1,3,47.55
812,1,2,45.51
812,4,22,26.92
812,3,17,77.55
812,4,20,71.0
812,1,4,87.28
812,1,5,87.28
812,4,23,105.9
812,1,1,43.5
812,2,8,60.46
812,3,16,95.57
812,1,0,62.46
812,4,21,115.7
812,2,11,51.72
812,2,9,63.71
812,3,13,23.4
812,4,18,234.36
813,1,2,56.78
813,4,20,63.1
813,3,17,85.49
813,4,22,36.25
813,1,4,95.96
813,1,3,60.58
813,3,15,114.16
813,3,12,190.84
813,1,5,95.96
813,4,23,99.41
813,1,1,66.16
813,2,8,65.7
813,3,16,99.71
813,1,0,66.67
813,4,21,122.37
813,2,11,55.59
813,2,9,67.37
813,3,13,31.32
813,4,18,231.88
814,1,2,45.93
814,4,20,57.32
814,3,17,80.54
814,4,22,30.11
814,1,4,58.53
814,1,3,48.84
814,3,15,120.3
814,3,12,203.25
814,4,23,93.53
814,1,5,58.53
814,1,1,44.42
814,3,13,23.86
814,2,9,73.78
814,2,11,35.5
814,4,18,231.88
814,1,0,77.98
814,3,16,102.27
814,2,8,56.32
814,4,21,106.92
815,3,12,209.15
815,3,15,139.79
815,1,3,66.44
815,1,2,62.42
815,4,22,21.77
815,3,17,88.14
815,4,20,65.04
815,1,4,65.41
815,1,5,65.41
815,4,23,105.31
815,1,1,62.72
815,2,8,65.65
815,3,16,101.63
815,1,0,88.2
815,4,21,120.42
815,2,11,39.21
815,2,9,80.88
815,3,13,22.85
815,4,18,235.3
816,4,23,96.92
816,4,20,62.58
816,3,17,77.29
816,4,22,28.05
816,1,4,60.1
816,1,3,61.44
816,3,15,132.07
816,1,2,60.94
816,3,12,188.44
816,1,5,60.1
816,1,1,56.47
816,3,13,33.06
816,2,9,65.76
816,2,11,34.06
816,4,18,242.14
816,1,0,55.1
816,3,16,90.98
816,2,8,57.81
816,4,21,115.2
817,3,12,202.93
817,3,15,130.49
817,1,3,63.02
817,1,2,62.57
817,4,22,32.36
817,3,17,82.73
817,4,20,68.42
817,1,4,81.56
817,4,23,103.25
817,1,5,81.56
817,1,1,70.59
817,2,8,70.48
817,3,16,90.68
817,1,0,91.65
817,4,21,120.1
817,2,11,56.86
817,2,9,76.04
817,3,13,31.23
817,4,18,247.08
818,1,2,51.7
818,4,20,65.27
818,3,17,82.33
818,4,22,24.23
818,1,4,62.97
818,1,3,52.1
818,3,15,125.45
818,3,12,199.37
818,4,23,106.0
818,1,5,62.97
818,1,1,53.25
818,3,13,27.32
818,2,9,68.47
818,2,11,45.73
818,4,18,241.75
818,1,0,77.08
818,3,16,88.3
818,2,8,56.34
818,4,21,120.45
819,3,12,192.26
819,3,15,126.04
819,1,3,62.94
819,1,2,65.37
819,4,22,12.66
819,3,17,78.13
819,4,20,64.59
819,1,4,56.1
819,1,5,56.1
819,4,23,96.2
819,1,1,65.62
819,2,8,60.82
819,3,16,90.66
819,1,0,81.9
819,4,21,120.69
819,2,11,42.27
819,2,9,71.33
819,3,13,29.9
819,4,18,240.86
820,4,23,89.41
820,4,20,71.0
820,3,17,75.58
820,4,22,28.65
820,1,4,41.02
820,1,3,75.5
820,3,15,126.41
820,1,2,77.16
820,1,5,41.02
820,3,12,193.17
820,1,1,79.16
820,3,13,25.27
820,2,9,74.97
820,2,11,23.14
820,4,18,244.67
820,1,0,61.58
820,3,16,81.99
820,2,8,59.92
820,4,21,112.02
821,3,15,114.64
821,1,3,38.33
821,1,4,54.06
821,4,23,89.57
821,3,17,78.48
821,4,20,65.74
821,4,22,22.91
821,1,2,39.3
821,3,12,195.27
821,1,5,54.06
821,2,8,52.02
821,3,16,86.72
821,1,0,82.49
821,4,18,243.0
821,4,21,111.77
821,2,9,55.55
821,3,13,26.59
821,1,1,38.18
821,2,11,42.76
822,1,2,53.91
822,4,20,60.16
822,3,17,76.95
822,4,22,25.57
822,1,4,41.97
822,1,3,52.87
822,3,15,124.1
822,3,12,190.8
822,4,23,86.04
822,4,21,116.55
822,1,1,45.73
822,3,13,31.04
822,2,9,71.5
822,2,11,35.18
822,4,18,240.76
822,1,0,56.27
822,3,16,88.67
822,2,8,60.43
822,1,5,41.97
823,3,12,187.52
823,3,15,116.48
823,1,3,52.3
823,4,23,81.22
823,4,22,28.04
823,3,17,81.49
823,4,20,67.82
823,1,4,64.89
823,1,2,50.42
823,1,5,64.89
823,1,1,51.35
823,2,8,57.53
823,3,16,87.15
823,1,0,60.56
823,4,21,119.91
823,2,11,35.62
823,2,9,67.38
823,3,13,15.5
823,4,18,244.3
824,4,23,99.74
824,4,20,68.2
824,3,17,80.34
824,4,22,34.18
824,1,4,69.11
824,1,3,71.94
824,3,15,139.93
824,1,2,72.07
824,3,12,180.82
824,1,5,69.11
824,1,1,71.47
824,3,13,31.94
824,2,9,72.51
824,2,11,39.47
824,4,18,234.29
824,1,0,42.94
824,3,16,102.56
824,2,8,56.67
824,4,21,120.66
825,3,12,198.78
825,3,15,118.42
825,1,3,61.41
825,1,2,58.86
825,4,22,28.25
825,3,17,74.16
825,4,20,68.33
825,1,4,58.03
825,4,23,96.51
825,1,5,58.03
825,1,1,66.81
825,2,8,63.52
825,3,16,90.45
825,1,0,69.65
825,4,21,119.54
825,2,11,38.65
825,2,9,73.82
825,3,13,29.96
825,4,18,237.07
826,1,2,68.53
826,4,20,67.99
826,3,17,82.86
826,4,22,24.03
826,1,4,64.5
826,1,3,70.12
826,3,15,126.96
826,3,12,197.44
826,4,23,88.11
826,1,5,64.5
826,1,1,70.48
826,3,13,29.0
826,2,9,71.39
826,2,11,42.89
826,4,18,241.76
826,1,0,74.64
826,3,16,96.07
826,2,8,61.53
826,4,21,123.32
827,3,12,187.31
827,3,15,123.34
827,1,3,57.01
827,1,2,56.43
827,4,22,32.18
827,3,17,76.61
827,4,20,63.46
827,1,4,63.21
827,1,5,63.21
827,4,23,103.88
827,1,1,59.86
827,2,8,61.24
827,3,16,94.69
827,1,0,61.33
827,4,21,112.72
827,2,11,41.72
827,2,9,70.45
827,3,13,36.0
827,4,18,239.97
828,4,23,106.0
828,4,20,70.04
828,3,17,81.25
828,4,22,27.08
828,1,4,81.35
828,1,3,70.61
828,3,15,127.86
828,1,2,66.1
828,1,5,81.35
828,3,12,203.2
828,1,1,62.38
828,4,21,118.92
828,3,16,87.43
828,1,0,70.83
828,4,18,238.61
828,2,8,65.44
828,2,9,79.0
828,3,13,32.89
828,2,11,51.75
829,1,2,73.79
829,4,20,64.66
829,3,17,64.65
829,4,22,28.55
829,1,4,50.69
829,1,3,73.57
829,3,15,129.49
829,4,23,93.74
829,1,5,50.69
829,3,12,202.6
829,1,1,72.52
829,2,8,68.53
829,3,16,89.69
829,1,0,74.84
829,4,21,126.06
829,2,11,35.96
829,2,9,70.88
829,3,13,32.28
829,4,18,238.73
830,1,2,48.06
830,4,20,64.16
830,3,17,74.1
830,4,22,21.21
830,1,4,52.89
830,1,3,47.99
830,3,15,118.52
830,3,12,195.04
830,4,23,93.03
830,4,21,112.56
830,1,1,47.89
830,3,13,29.31
830,2,9,62.38
830,2,11,36.45
830,4,18,238.91
830,1,0,70.99
830,3,16,87.56
830,2,8,61.74
830,1,5,52.89
831,3,15,121.65
831,1,3,56.98
831,1,4,83.77
831,4,23,102.16
831,3,17,89.25
831,4,20,71.0
831,4,22,32.38
831,1,2,56.5
831,3,12,196.44
831,1,5,83.77
831,2,8,64.59
831,3,16,103.62
831,1,0,71.75
831,4,18,238.2
831,4,21,124.76
831,2,9,72.33
831,3,13,36.0
831,1,1,55.82
831,2,11,56.88
832,4,23,90.92
832,4,20,67.14
832,3,17,82.12
832,4,22,34.5
832,1,4,64.39
832,1,3,67.07
832,3,15,129.96
832,1,2,64.04
832,1,5,64.39
832,3,12,203.9
832,1,1,65.54
832,2,8,62.19
832,3,16,91.96
832,1,0,81.32
832,4,21,117.78
832,2,11,42.06
832,2,9,64.04
832,3,13,25.47
832,4,18,243.04
833,1,2,65.97
833,4,20,63.27
833,3,17,84.72
833,4,22,39.32
833,1,4,79.73
833,1,3,64.39
833,3,15,122.19
833,3,12,198.04
833,4,23,96.25
833,4,21,118.98
833,1,1,66.97
833,2,8,67.36
833,3,16,98.77
833,1,0,69.37
833,1,5,79.73
833,2,11,57.85
833,2,9,73.01
833,3,13,26.36
833,4,18,244.54
834,1,2,80.42
834,4,20,63.24
834,3,17,81.24
834,4,22,38.51
834,1,4,80.84
834,1,3,79.79
834,3,15,128.03
834,3,12,209.8
834,4,23,101.67
834,1,5,80.84
834,1,1,82.34
834,3,13,36.0
834,2,9,72.21
834,2,11,55.91
834,4,18,246.87
834,1,0,89.02
834,3,16,97.13
834,2,8,61.25
834,4,21,120.73
835,3,12,195.03
835,3,15,132.71
835,1,3,53.22
835,4,23,99.46
835,4,22,29.53
835,3,17,81.19
835,4,20,67.92
835,1,4,53.5
835,1,2,50.42
835,1,5,53.5
835,1,1,50.0
835,2,8,67.12
835,3,16,88.18
835,1,0,61.52
835,4,21,120.53
835,2,11,33.14
835,2,9,70.4
835,3,13,29.93
835,4,18,244.06
836,4,23,91.72
836,4,20,55.01
836,3,17,81.41
836,4,22,28.43
836,1,4,59.01
836,1,3,47.55
836,3,15,122.45
836,1,2,45.96
836,1,5,59.01
836,3,12,189.4
836,1,1,45.26
836,3,13,22.21
836,2,9,69.37
836,2,11,37.09
836,4,18,249.0
836,1,0,49.58
836,3,16,93.9
836,2,8,66.01
836,4,21,121.43
837,3,15,125.31
837,1,3,51.04
837,1,4,79.46
837,4,23,106.0
837,3,17,84.14
837,4,20,64.21
837,4,22,32.13
837,1,2,50.2
837,3,12,205.88
837,1,5,79.46
837,2,8,61.13
837,3,16,90.42
837,1,0,78.09
837,4,18,238.92
837,4,21,113.72
837,2,9,61.45
837,3,13,35.3
837,1,1,50.3
837,2,11,47.23
838,1,2,66.67
838,4,20,71.0
838,3,17,87.73
838,4,22,30.2
838,1,4,69.44
838,1,3,67.42
838,3,15,128.76
838,3,12,188.83
838,4,23,98.6
838,4,21,128.8
838,1,1,65.88
838,3,13,36.0
838,2,9,82.23
838,2,11,46.71
838,4,18,236.42
838,1,0,58.28
838,3,16,92.87
838,2,8,56.23
838,1,5,69.44
839,3,12,190.85
839,3,15,122.32
839,1,3,43.45
839,4,23,82.17
839,4,22,24.66
839,3,17,82.54
839,4,20,66.53
839,1,4,47.07
839,1,2,41.8
839,1,5,47.07
839,1,1,48.5
839,2,8,54.49
839,3,16,91.24
839,1,0,49.03
839,4,21,107.46
839,2,11,39.49
839,2,9,63.9
839,3,13,32.19
839,4,18,243.79
840,4,23,97.42
840,4,20,61.71
840,3,17,76.58
840,4,22,27.34
840,1,4,75.12
840,1,3,71.11
840,3,15,130.84
840,1,2,68.87
840,3,12,199.27
840,1,5,75.12
840,1,1,71.11
840,3,13,29.06
840,2,9,74.37
840,2,11,47.56
840,4,18,236.79
840,1,0,76.07
840,3,16,97.84
840,2,8,67.35
840,4,21,123.6
841,3,12,193.67
841,3,15,119.85
841,1,3,59.91
841,1,2,60.05
841,4,22,42.58
841,3,17,82.88
841,4,20,66.81
841,1,4,81.39
841,4,23,94.14
841,1,5,81.39
841,1,1,63.01
841,2,8,63.57
841,3,16,85.28
841,1,0,59.87
841,4,21,120.87
841,2,11,56.37
841,2,9,68.14
841,3,13,31.47
841,4,18,241.87
842,1,2,49.74
842,4,20,59.1
842,3,17,86.18
842,4,22,39.85
842,1,4,87.98
842,1,3,49.05
842,3,15,114.79
842,3,12,204.29
842,4,23,98.52
842,1,5,87.98
842,1,1,50.78
842,3,13,27.75
842,2,9,60.79
842,2,11,57.81
842,4,18,249.0
842,1,0,71.14
842,3,16,91.4
842,2,8,56.82
842,4,21,114.97
843,3,12,189.01
843,3,15,127.94
843,1,3,58.45
843,1,2,58.76
843,4,22,22.12
843,3,17,83.77
843,4,20,65.67
843,1,4,59.13
843,1,5,59.13
843,4,23,105.05
843,1,1,58.57
843,2,8,54.4
843,3,16,92.55
843,1,0,55.94
843,4,21,109.38
843,2,11,35.99
843,2,9,66.36
843,3,13,36.0
843,4,18,242.27
844,4,23,104.29
844,4,20,61.78
844,3,17,77.51
844,4,22,27.22
844,1,4,67.25
844,1,3,80.07
844,3,15,124.87
844,1,2,82.36
844,1,5,67.25
844,3,12,202.59
844,1,1,81.9
844,4,21,115.16
844,3,16,87.79
844,1,0,71.87
844,4,18,235.29
844,2,8,65.35
844,2,9,74.23
844,3,13,26.66
844,2,11,52.79
845,1,2,46.71
845,4,23,91.01
845,4,20,66.24
845,3,17,74.42
845,4,22,24.65
845,1,4,56.84
845,1,3,47.82
845,3,15,116.8
845,1,5,56.84
845,3,12,190.81
845,1,1,50.12
845,3,16,90.85
845,1,0,64.19
845,4,18,235.85
845,2,8,59.06
845,2,9,63.89
845,3,13,21.4
845,2,11,36.59
845,4,21,119.19
846,4,23,106.0
846,1,2,80.09
846,4,20,70.1
846,3,17,90.21
846,4,22,36.89
846,1,4,92.52
846,1,3,77.5
846,3,15,130.73
846,3,12,186.88
846,1,5,92.52
846,1,1,75.18
846,3,13,29.2
846,2,9,72.56
846,2,11,53.38
846,4,18,240.65
846,1,0,49.38
846,3,16,90.17
846,2,8,69.54
846,4,21,120.64
847,4,23,96.57
847,3,15,124.89
847,1,3,66.89
847,1,2,65.68
847,4,22,31.55
847,3,17,81.6
847,4,20,68.87
847,1,4,72.78
847,1,5,72.78
847,3,12,198.45
847,1,1,64.37
847,2,8,61.36
847,3,16,90.76
847,1,0,68.27
847,4,21,116.71
847,2,11,49.89
847,2,9,67.08
847,3,13,35.37
847,4,18,238.0
848,4,23,98.2
848,4,20,70.11
848,3,17,73.22
848,4,22,38.2
848,1,4,56.5
848,1,3,68.71
848,3,15,129.23
848,1,2,67.51
848,3,12,210.99
848,1,5,56.5
848,1,1,61.29
848,3,13,32.94
848,2,9,84.06
848,2,11,40.22
848,4,18,246.66
848,1,0,84.57
848,3,16,98.01
848,2,8,64.02
848,4,21,119.9
849,3,12,195.49
849,3,15,132.9
849,1,3,66.81
849,1,2,66.1
849,4,22,38.15
849,3,17,69.44
849,4,20,66.05
849,1,4,62.77
849,4,23,96.59
849,4,21,114.22
849,1,1,69.81
849,2,8,58.99
849,3,16,89.36
849,1,0,51.98
849,1,5,62.77
849,2,11,47.1
849,2,9,74.14
849,3,13,33.0
849,4,18,237.26
850,1,2,67.69
850,4,20,67.25
850,3,17,80.11
850,4,22,19.51
850,1,4,48.57
850,1,3,66.93
850,3,15,133.48
850,3,12,195.94
850,4,23,91.75
850,4,21,119.65
850,1,1,70.45
850,3,13,29.27
850,2,9,73.72
850,2,11,45.79
850,4,18,232.98
850,1,0,65.55
850,3,16,88.65
850,2,8,63.81
850,1,5,48.57
851,3,15,126.81
851,1,3,67.52
851,1,4,84.67
851,4,23,102.72
851,3,17,83.07
851,4,20,67.9
851,4,22,34.49
851,1,2,68.24
851,3,12,189.97
851,1,5,84.67
851,2,8,70.91
851,3,16,105.3
851,1,0,58.31
851,4,18,244.71
851,4,21,118.49
851,2,9,77.95
851,3,13,33.94
851,1,1,66.93
851,2,11,56.07
852,4,23,106.0
852,4,20,67.16
852,3,17,88.4
852,4,22,35.92
852,1,4,81.51
852,1,3,76.5
852,3,15,134.78
852,1,2,81.03
852,1,5,81.51
852,3,12,205.56
852,1,1,81.07
852,4,21,122.62
852,3,16,99.84
852,1,0,93.85
852,4,18,238.76
852,2,8,63.64
852,2,9,75.63
852,3,13,30.18
852,2,11,50.53
853,1,2,75.77
853,4,20,71.0
853,3,17,76.35
853,4,22,23.33
853,1,4,84.99
853,1,3,76.94
853,3,15,131.83
853,4,23,98.8
853,1,5,84.99
853,3,12,198.49
853,1,1,81.37
853,2,8,58.2
853,3,16,94.02
853,1,0,94.52
853,4,21,118.14
853,2,11,53.68
853,2,9,86.21
853,3,13,32.11
853,4,18,243.1
854,4,23,95.03
854,4,20,62.52
854,3,17,76.1
854,4,22,24.6
854,1,4,65.14
854,1,3,57.9
854,3,15,125.21
854,1,2,58.65
854,3,12,195.52
854,1,5,65.14
854,1,1,64.29
854,3,13,36.0
854,2,9,74.08
854,2,11,43.38
854,4,18,249.0
854,1,0,61.06
854,3,16,85.46
854,2,8,60.64
854,4,21,121.86
855,3,12,199.15
855,3,15,126.76
855,1,3,62.82
855,1,2,63.7
855,4,22,42.71
855,3,17,90.04
855,4,20,71.0
855,1,4,85.52
855,4,23,99.43
855,4,21,116.21
855,1,1,61.26
855,2,8,66.45
855,3,16,94.82
855,1,0,97.42
855,1,5,85.52
855,2,11,51.12
855,2,9,60.62
855,3,13,32.33
855,4,18,233.8
856,4,23,96.17
856,4,20,71.0
856,3,17,78.74
856,4,22,32.77
856,1,4,67.01
856,1,3,95.82
856,3,15,131.94
856,1,2,95.6
856,3,12,212.21
856,1,5,67.01
856,1,1,97.18
856,3,13,29.28
856,2,9,75.94
856,2,11,48.73
856,4,18,247.83
856,1,0,67.19
856,3,16,95.37
856,2,8,71.0
856,4,21,123.8
857,3,12,190.99
857,3,15,130.93
857,1,3,78.47
857,1,2,77.67
857,4,22,48.12
857,3,17,88.83
857,4,20,71.0
857,1,4,100.0
857,4,23,99.53
857,1,5,100.0
857,1,1,76.27
857,2,8,66.58
857,3,16,106.0
857,1,0,67.12
857,4,21,122.61
857,2,11,62.65
857,2,9,67.09
857,3,13,27.19
857,4,18,244.87
858,1,2,49.96
858,4,20,63.67
858,3,17,73.64
858,4,22,14.5
858,1,4,43.77
858,1,3,48.15
858,3,15,121.13
858,3,12,192.7
858,4,23,86.02
858,1,5,43.77
858,1,1,46.8
858,3,13,26.34
858,2,9,62.22
858,2,11,35.89
858,4,18,234.25
858,1,0,64.15
858,3,16,87.88
858,2,8,60.64
858,4,21,115.32
859,3,12,187.64
859,3,15,129.65
859,1,3,72.83
859,4,23,98.5
859,4,22,26.51
859,3,17,73.02
859,4,20,63.0
859,1,4,69.47
859,1,2,68.14
859,1,5,69.47
859,1,1,71.42
859,2,8,65.29
859,3,16,95.57
859,1,0,54.06
859,4,21,114.13
859,2,11,34.05
859,2,9,82.09
859,3,13,22.88
859,4,18,245.26
860,4,23,94.41
860,4,20,71.0
860,3,17,87.24
860,4,22,27.95
860,1,4,55.05
860,1,3,79.82
860,3,15,117.51
860,1,2,77.33
860,1,5,55.05
860,3,12,202.16
860,1,1,72.95
860,4,21,122.59
860,3,16,97.72
860,1,0,80.59
860,4,18,239.77
860,2,8,64.37
860,2,9,82.2
860,3,13,23.28
860,2,11,50.77
861,1,2,87.68
861,4,20,67.01
861,3,17,79.49
861,4,22,31.81
861,1,4,72.14
861,1,3,82.26
861,3,15,127.88
861,4,23,97.01
861,1,5,72.14
861,3,12,209.16
861,1,1,85.18
861,2,8,68.23
861,3,16,97.82
861,1,0,89.59
861,4,21,112.37
861,2,11,44.8
861,2,9,79.88
861,3,13,32.84
861,4,18,240.52
862,1,2,77.64
862,4,20,61.5
862,3,17,85.31
862,4,22,39.8
862,1,4,60.26
862,1,3,75.78
862,3,15,128.08
862,3,12,204.75
862,4,23,100.82
862,4,21,127.87
862,1,1,72.9
862,3,13,32.31
862,2,9,73.46
862,2,11,33.05
862,4,18,229.98
862,1,0,86.39
862,3,16,90.6
862,2,8,58.28
862,1,5,60.26
863,3,15,118.11
863,1,3,63.23
863,1,4,61.74
863,4,23,101.77
863,3,17,79.47
863,4,20,63.85
863,4,22,29.55
863,1,2,61.94
863,3,12,189.86
863,1,5,61.74
863,2,8,54.82
863,3,16,98.62
863,1,0,56.08
863,4,18,243.98
863,4,21,113.02
863,2,9,69.29
863,3,13,35.42
863,1,1,67.05
863,2,11,47.23
864,4,23,86.13
864,4,20,71.0
864,3,17,90.45
864,4,22,29.94
864,1,4,95.02
864,1,3,49.64
864,3,15,114.67
864,1,2,45.65
864,1,5,95.02
864,3,12,193.85
864,1,1,50.01
864,2,8,57.28
864,3,16,96.34
864,1,0,73.94
864,4,21,113.55
864,2,11,60.89
864,2,9,63.1
864,3,13,36.0
864,4,18,244.19
865,1,2,71.63
865,4,20,69.2
865,3,17,85.18
865,4,22,27.69
865,1,4,63.86
865,1,3,68.78
865,3,15,130.94
865,3,12,194.6
865,4,23,85.92
865,4,21,120.27
865,1,1,71.77
865,2,8,63.89
865,3,16,86.63
865,1,0,69.18
865,1,5,63.86
865,2,11,44.12
865,2,9,78.65
865,3,13,27.84
865,4,18,240.63
866,1,2,57.61
866,4,20,65.73
866,3,17,77.91
866,4,22,18.51
866,1,4,50.28
866,1,3,58.24
866,3,15,118.84
866,3,12,190.26
866,4,23,97.03
866,1,5,50.28
866,1,1,60.18
866,3,13,27.69
866,2,9,78.26
866,2,11,36.58
866,4,18,231.85
866,1,0,50.3
866,3,16,99.72
866,2,8,57.27
866,4,21,117.63
867,3,12,200.89
867,3,15,130.09
867,1,3,69.15
867,4,23,99.46
867,4,22,38.94
867,3,17,81.85
867,4,20,66.98
867,1,4,74.51
867,1,2,68.76
867,1,5,74.51
867,1,1,75.13
867,2,8,60.51
867,3,16,96.91
867,1,0,77.76
867,4,21,112.47
867,2,11,56.38
867,2,9,73.39
867,3,13,32.13
867,4,18,239.56
868,4,23,103.04
868,4,20,65.03
868,3,17,94.19
868,4,22,34.78
868,1,4,98.59
868,1,3,77.23
868,3,15,130.22
868,1,2,76.23
868,1,5,98.59
868,3,12,194.79
868,1,1,79.4
868,3,13,32.75
868,2,9,79.24
868,2,11,60.49
868,4,18,249.0
868,1,0,75.34
868,3,16,106.0
868,2,8,69.6
868,4,21,117.8
869,3,15,122.92
869,1,3,78.27
869,1,4,77.35
869,4,23,98.79
869,3,17,78.05
869,4,20,71.0
869,4,22,38.67
869,1,2,78.62
869,3,12,195.04
869,1,5,77.35
869,2,8,53.99
869,3,16,98.15
869,1,0,58.81
869,4,18,233.89
869,4,21,126.76
869,2,9,75.34
869,3,13,36.0
869,1,1,75.35
869,2,11,57.46
870,1,2,45.23
870,4,20,67.34
870,3,17,80.86
870,4,22,34.51
870,1,4,72.3
870,1,3,47.3
870,3,15,114.91
870,3,12,201.3
870,4,23,91.01
870,4,21,108.41
870,1,1,46.13
870,3,13,27.71
870,2,9,62.64
870,2,11,41.31
870,4,18,241.25
870,1,0,86.14
870,3,16,90.18
870,2,8,66.63
870,1,5,72.3
871,3,12,194.8
871,3,15,124.95
871,1,3,51.38
871,4,23,103.58
871,4,22,36.43
871,3,17,78.63
871,4,20,63.46
871,1,4,80.08
871,1,2,51.89
871,1,5,80.08
871,1,1,52.72
871,2,8,61.93
871,3,16,101.93
871,1,0,64.43
871,4,21,114.05
871,2,11,57.83
871,2,9,66.43
871,3,13,30.03
871,4,18,241.8
872,4,23,96.94
872,4,20,69.12
872,3,17,85.15
872,4,22,33.17
872,1,4,75.08
872,1,3,70.19
872,3,15,137.51
872,1,2,65.78
872,3,12,204.09
872,1,5,75.08
872,1,1,65.47
872,3,13,34.44
872,2,9,86.25
872,2,11,51.88
872,4,18,245.47
872,1,0,86.87
872,3,16,95.77
872,2,8,60.15
872,4,21,112.57
873,3,12,192.06
873,3,15,120.27
873,1,3,48.74
873,1,2,48.96
873,4,22,25.56
873,3,17,88.17
873,4,20,65.77
873,1,4,68.1
873,4,23,94.68
873,1,5,68.1
873,1,1,51.9
873,2,8,58.2
873,3,16,93.33
873,1,0,63.39
873,4,21,112.61
873,2,11,45.15
873,2,9,61.81
873,3,13,35.05
873,4,18,249.0
874,1,2,97.3
874,4,20,60.66
874,3,17,88.28
874,4,22,30.05
874,1,4,98.25
874,1,3,95.82
874,3,15,142.0
874,3,12,196.59
874,4,23,104.92
874,1,5,98.25
874,1,1,100.0
874,3,13,33.56
874,2,9,77.29
874,2,11,65.82
874,4,18,235.89
874,1,0,57.63
874,3,16,98.75
874,2,8,60.79
874,4,21,125.14
875,3,12,196.63
875,3,15,123.71
875,1,3,68.84
875,1,2,66.67
875,4,22,27.38
875,3,17,76.52
875,4,20,71.0
875,4,23,96.81
875,1,5,50.68
875,1,4,50.68
875,1,1,65.87
875,2,8,59.56
875,3,16,96.08
875,1,0,74.16
875,4,21,118.53
875,2,11,26.72
875,2,9,78.19
875,3,13,32.87
875,4,18,238.5
876,1,2,79.37
876,4,20,60.2
876,3,17,78.94
876,4,22,27.92
876,1,4,72.21
876,1,3,78.82
876,3,15,129.52
876,3,12,206.57
876,1,5,72.21
876,4,23,92.67
876,1,1,77.97
876,2,8,61.08
876,3,16,105.44
876,1,0,93.86
876,4,21,121.06
876,2,11,54.34
876,2,9,79.48
876,3,13,35.35
876,4,18,242.62
877,1,2,56.37
877,4,20,60.73
877,3,17,68.32
877,4,22,31.88
877,1,4,49.8
877,1,3,55.54
877,3,15,127.75
877,3,12,186.19
877,4,23,96.75
877,1,5,49.8
877,1,1,54.38
877,3,13,34.77
877,2,9,72.94
877,2,11,35.26
877,4,18,247.59
877,1,0,51.34
877,3,16,83.1
877,2,8,56.33
877,4,21,104.4
878,3,12,201.08
878,3,15,118.54
878,1,3,41.68
878,1,2,44.55
878,4,22,32.0
878,3,17,80.69
878,4,20,69.79
878,1,4,54.46
878,1,5,54.46
878,4,23,96.17
878,1,1,48.4
878,2,8,50.69
878,3,16,85.2
878,1,0,70.39
878,4,21,111.9
878,2,11,34.22
878,2,9,50.41
878,3,13,25.56
878,4,18,246.82
879,4,23,106.0
879,4,20,69.93
879,3,17,84.95
879,4,22,36.92
879,1,4,100.0
879,1,3,79.38
879,3,15,131.28
879,1,2,77.97
879,3,12,196.1
879,1,5,100.0
879,1,1,81.55
879,3,13,36.0
879,2,9,73.77
879,2,11,57.11
879,4,18,238.69
879,1,0,66.88
879,3,16,100.13
879,2,8,59.19
879,4,21,126.39
880,3,12,204.35
880,3,15,122.68
880,1,3,40.23
880,1,2,41.38
880,4,22,35.06
880,3,17,79.11
880,4,20,69.52
880,1,4,63.24
880,4,23,99.3
880,1,5,63.24
880,1,1,44.27
880,2,8,54.1
880,3,16,84.61
880,1,0,76.44
880,4,21,113.04
880,2,11,41.17
880,2,9,66.02
880,3,13,35.34
880,4,18,240.94
881,1,2,52.0
881,4,20,65.95
881,3,17,74.4
881,4,22,30.28
881,1,4,66.1
881,1,3,52.24
881,3,15,112.4
881,3,12,190.51
881,4,23,94.29
881,1,5,66.1
881,1,1,54.27
881,3,13,29.1
881,2,9,69.16
881,2,11,46.02
881,4,18,239.04
881,1,0,47.43
881,3,16,91.29
881,2,8,67.16
881,4,21,108.22
882,3,12,208.76
882,3,15,134.21
882,1,3,90.04
882,1,2,91.8
882,4,22,39.21
882,3,17,84.16
882,4,20,67.61
882,1,4,94.56
882,1,5,94.56
882,4,23,95.6
882,1,1,89.66
882,2,8,67.1
882,3,16,91.4
882,1,0,88.95
882,4,21,130.89
882,2,11,45.84
882,2,9,81.42
882,3,13,26.32
882,4,18,249.0
883,4,23,101.31
883,4,20,62.85
883,3,17,86.35
883,4,22,23.24
883,1,4,64.55
883,1,3,53.06
883,3,15,124.13
883,1,2,50.74
883,1,5,64.55
883,3,12,194.91
883,1,1,50.88
883,3,13,36.0
883,2,9,59.61
883,2,11,40.54
883,4,18,239.95
883,1,0,51.48
883,3,16,92.19
883,2,8,61.68
883,4,21,116.35
884,3,15,119.87
884,1,3,56.85
884,1,4,72.02
884,4,23,106.0
884,3,17,78.54
884,4,20,71.0
884,4,22,29.78
884,1,2,53.08
884,3,12,203.64
884,1,5,72.02
884,2,8,58.19
884,3,16,100.16
884,1,0,91.09
884,4,18,241.79
884,4,21,112.91
884,2,9,72.08
884,3,13,29.07
884,1,1,52.78
884,2,11,43.93
885,1,2,62.35
885,4,20,67.67
885,3,17,97.31
885,4,22,33.83
885,1,4,91.38
885,1,3,62.6
885,3,15,132.33
885,3,12,208.31
885,4,23,95.83
885,4,21,110.41
885,1,1,67.81
885,3,13,34.11
885,2,9,73.29
885,2,11,54.91
885,4,18,239.98
885,1,0,86.63
885,3,16,100.41
885,2,8,62.24
885,1,5,91.38
886,3,12,209.18
886,3,15,119.51
886,1,3,77.95
886,4,23,105.9
886,4,22,30.07
886,3,17,89.69
886,4,20,65.74
886,1,4,65.87
886,1,2,75.61
886,1,5,65.87
886,1,1,81.96
886,2,8,59.57
886,3,16,100.35
886,1,0,90.87
886,4,21,123.22
886,2,11,39.02
886,2,9,76.89
886,3,13,35.99
886,4,18,242.92
887,4,23,100.65
887,4,20,65.3
887,3,17,86.7
887,4,22,33.3
887,1,4,76.4
887,1,3,74.87
887,3,15,127.03
887,1,2,71.73
887,3,12,195.9
887,1,5,76.4
887,1,1,69.79
887,3,13,36.0
887,2,9,75.23
887,2,11,44.15
887,4,18,236.07
887,1,0,65.54
887,3,16,96.61
887,2,8,59.55
887,4,21,124.04
888,3,12,211.75
888,3,15,133.07
888,1,3,73.8
888,1,2,74.95
888,4,22,32.52
888,3,17,83.3
888,4,20,66.97
888,1,4,78.93
888,4,23,99.23
888,1,5,78.93
888,1,1,71.91
888,2,8,62.01
888,3,16,101.54
888,1,0,84.58
888,4,21,119.32
888,2,11,49.2
888,2,9,81.77
888,3,13,36.0
888,4,18,227.24
889,1,2,77.83
889,4,20,65.37
889,3,17,82.49
889,4,22,44.48
889,1,4,74.35
889,1,3,79.3
889,3,15,126.72
889,3,12,190.0
889,4,23,103.17
889,1,5,74.35
889,1,1,80.19
889,3,13,28.62
889,2,9,74.67
889,2,11,51.45
889,4,18,236.91
889,1,0,62.39
889,3,16,95.15
889,2,8,60.61
889,4,21,121.43
890,3,12,194.74
890,3,15,120.86
890,1,3,62.23
890,1,2,59.53
890,4,22,32.11
890,3,17,87.98
890,4,20,66.85
890,1,4,65.59
890,1,5,65.59
890,4,23,89.43
890,1,1,63.34
890,2,8,64.25
890,3,16,82.75
890,1,0,61.6
890,4,21,117.28
890,2,11,41.36
890,2,9,70.35
890,3,13,30.64
890,4,18,241.32
891,4,23,92.58
891,4,20,68.16
891,3,17,73.88
891,4,22,31.07
891,1,4,62.45
891,1,3,54.93
891,3,15,122.31
891,1,2,54.11
891,1,5,62.45
891,3,12,182.48
891,1,1,54.89
891,4,21,118.32
891,3,16,93.14
891,1,0,61.49
891,4,18,249.0
891,2,8,69.15
891,2,9,67.75
891,3,13,33.74
891,2,11,50.13
892,1,2,85.31
892,4,20,66.91
892,3,17,86.57
892,4,22,37.78
892,1,4,100.0
892,1,3,83.09
892,3,15,131.19
892,4,23,92.51
892,1,5,100.0
892,3,12,192.27
892,1,1,77.47
892,2,8,57.82
892,3,16,101.5
892,1,0,72.81
892,4,21,124.94
892,2,11,61.94
892,2,9,83.73
892,3,13,36.0
892,4,18,248.85
893,1,2,68.59
893,4,20,67.54
893,3,17,86.26
893,4,22,48.97
893,1,4,82.7
893,1,3,68.81
893,3,15,125.92
893,3,12,196.15
893,4,23,98.02
893,4,21,110.42
893,1,1,65.39
893,3,13,25.0
893,2,9,78.54
893,2,11,51.04
893,4,18,243.01
893,1,0,58.08
893,3,16,92.68
893,2,8,61.97
893,1,5,82.7
894,3,15,136.01
894,1,3,75.51
894,1,4,62.76
894,4,23,94.81
894,3,17,85.11
894,4,20,62.2
894,4,22,32.85
894,1,2,78.01
894,3,12,185.53
894,1,5,62.76
894,2,8,63.62
894,3,16,93.81
894,1,0,46.63
894,4,18,236.96
894,4,21,119.93
894,2,9,73.87
894,3,13,36.0
894,1,1,75.19
894,2,11,44.93
895,4,23,103.98
895,4,20,70.51
895,3,17,85.33
895,4,22,32.77
895,1,4,84.97
895,1,3,73.13
895,3,15,138.94
895,1,2,73.81
895,1,5,84.97
895,3,12,194.96
895,1,1,76.65
895,2,8,61.49
895,3,16,92.09
895,1,0,75.46
895,4,21,121.67
895,2,11,52.52
895,2,9,68.4
895,3,13,32.85
895,4,18,237.04
896,1,2,53.09
896,4,20,60.34
896,3,17,80.39
896,4,22,32.01
896,1,4,68.64
896,1,3,54.72
896,3,15,121.04
896,3,12,189.02
896,4,23,91.0
896,4,21,119.74
896,1,1,51.46
896,2,8,60.35
896,3,16,97.93
896,1,0,68.06
896,1,5,68.64
896,2,11,39.72
896,2,9,62.4
896,3,13,36.0
896,4,18,235.01
897,1,2,56.2
897,4,20,70.33
897,3,17,78.47
897,4,22,33.5
897,1,4,66.94
897,1,3,59.71
897,3,15,134.22
897,3,12,191.44
897,4,23,103.62
897,1,5,66.94
897,1,1,51.09
897,3,13,35.97
897,2,9,76.44
897,2,11,37.64
897,4,18,240.79
897,1,0,69.41
897,3,16,91.57
897,2,8,62.21
897,4,21,120.4
898,3,12,184.47
898,3,15,128.62
898,1,3,67.62
898,4,23,93.73
898,4,22,25.98
898,3,17,77.78
898,4,20,68.37
898,1,4,62.17
898,1,2,65.77
898,1,5,62.17
898,1,1,67.95
898,2,8,59.81
898,3,16,92.84
898,1,0,70.9
898,4,21,122.22
898,2,11,34.82
898,2,9,74.71
898,3,13,29.59
898,4,18,238.0
899,4,23,91.6
899,4,20,69.66
899,3,17,79.95
899,4,22,30.25
899,1,4,64.08
899,1,3,82.86
899,3,15,128.34
899,1,2,81.64
899,1,5,64.08
899,3,12,204.04
899,1,1,80.8
899,3,13,29.17
899,2,9,81.9
899,2,11,44.14
899,4,18,241.22
899,1,0,67.33
899,3,16,99.45
899,2,8,71.0
899,4,21,128.08
900,3,15,134.7
900,1,3,85.87
900,1,4,95.49
900,4,23,98.9
900,3,17,84.98
900,4,20,67.28
900,4,22,40.14
900,1,2,84.31
900,3,12,190.98
900,1,5,95.49
900,2,8,64.56
900,3,16,92.29
900,1,0,61.7
900,4,18,246.03
900,4,21,119.5
900,2,9,82.39
900,3,13,34.1
900,1,1,78.07
900,2,11,53.6
901,1,2,73.73
901,4,20,71.0
901,3,17,79.48
901,4,22,33.73
901,1,4,76.42
901,1,3,71.8
901,3,15,130.16
901,3,12,200.43
901,4,23,95.99
901,4,21,121.59
901,1,1,73.68
901,3,13,28.16
901,2,9,76.73
901,2,11,55.66
901,4,18,241.38
901,1,0,77.6
901,3,16,104.61
901,2,8,60.85
901,1,5,76.42
902,3,12,200.74
902,3,15,135.19
902,1,3,69.87
902,4,23,86.95
902,4,22,34.0
902,3,17,72.61
902,4,20,71.0
902,1,4,62.04
902,1,2,67.53
902,1,5,62.04
902,1,1,71.04
902,2,8,63.24
902,3,16,88.16
902,1,0,73.94
902,4,21,126.87
902,2,11,47.23
902,2,9,76.84
902,3,13,36.0
902,4,18,242.59
903,4,23,91.95
903,4,20,70.47
903,3,17,67.61
903,4,22,13.07
903,1,4,41.69
903,1,3,37.38
903,3,15,115.72
903,1,2,37.5
903,3,12,183.75
903,1,5,41.69
903,1,1,37.5
903,3,13,24.21
903,2,9,57.08
903,2,11,27.36
903,4,18,239.0
903,1,0,59.25
903,3,16,91.62
903,2,8,50.91
903,4,21,119.22
904,3,12,197.77
904,3,15,122.07
904,1,3,60.07
904,1,2,61.81
904,4,22,37.35
904,3,17,93.41
904,4,20,71.0
904,1,4,99.27
904,4,23,100.92
904,1,5,99.27
904,1,1,62.99
904,2,8,66.51
904,3,16,104.57
904,1,0,60.9
904,4,21,118.68
904,2,11,59.48
904,2,9,73.44
904,3,13,24.71
904,4,18,239.11
905,1,2,76.61
905,4,20,68.13
905,3,17,87.27
905,4,22,33.07
905,1,4,88.55
905,1,3,77.22
905,3,15,130.02
905,3,12,199.06
905,4,23,93.4
905,1,5,88.55
905,1,1,74.0
905,3,13,30.34
905,2,9,70.15
905,2,11,60.75
905,4,18,243.72
905,1,0,70.89
905,3,16,92.28
905,2,8,59.38
905,4,21,114.99
906,3,12,188.21
906,3,15,132.73
906,1,3,69.87
906,1,2,69.37
906,4,22,31.23
906,3,17,77.11
906,4,20,66.87
906,1,4,67.1
906,1,5,67.1
906,4,23,97.4
906,1,1,68.67
906,2,8,70.47
906,3,16,93.42
906,1,0,74.47
906,4,21,115.97
906,2,11,42.65
906,2,9,77.83
906,3,13,33.75
906,4,18,242.85
907,4,23,102.4
907,4,20,71.0
907,3,17,85.07
907,4,22,31.02
907,1,4,71.87
907,1,3,91.98
907,3,15,141.06
907,1,2,87.51
907,1,5,71.87
907,3,12,201.48
907,1,1,86.91
907,4,21,126.28
907,3,16,99.19
907,1,0,72.6
907,4,18,236.49
907,2,8,52.93
907,2,9,73.35
907,3,13,32.38
907,2,11,41.8
908,1,2,77.68
908,4,23,97.04
908,4,20,71.0
908,3,17,78.22
908,4,22,20.82
908,1,4,69.07
908,1,3,76.67
908,3,15,138.02
908,1,5,69.07
908,3,12,205.42
908,1,1,76.08
908,3,16,94.24
908,1,0,96.06
908,4,18,248.25
908,2,8,70.07
908,2,9,75.59
908,3,13,29.8
908,2,11,49.53
908,4,21,123.66
909,4,23,99.77
909,1,2,94.05
909,4,20,67.9
909,3,17,85.33
909,4,22,29.22
909,1,4,83.16
909,1,3,94.17
909,3,15,132.19
909,3,12,194.17
909,1,5,83.16
909,1,1,73.76
909,3,13,36.0
909,2,9,75.26
909,2,11,51.36
909,4,18,236.98
909,1,0,97.7
909,3,16,103.6
909,2,8,69.31
909,4,21,123.51
910,4,23,90.21
910,3,15,116.51
910,1,3,53.7
910,1,2,53.1
910,4,22,36.49
910,3,17,81.8
910,4,20,67.23
910,1,4,80.62
910,1,5,80.62
910,3,12,199.46
910,1,1,48.99
910,2,8,49.2
910,3,16,92.98
910,1,0,89.0
910,4,21,111.49
910,2,11,52.97
910,2,9,73.49
910,3,13,34.99
910,4,18,241.16
911,4,23,94.08
911,4,20,61.44
911,3,17,83.02
911,4,22,34.32
911,1,4,75.74
911,1,3,72.78
911,3,15,132.94
911,1,2,69.45
911,3,12,213.27
911,1,5,75.74
911,1,1,64.74
911,3,13,35.15
911,2,9,74.5
911,2,11,47.24
911,4,18,239.48
911,1,0,74.18
911,3,16,101.95
911,2,8,64.63
911,4,21,123.5
912,3,12,188.71
912,3,15,124.92
912,1,3,56.93
912,1,2,54.68
912,4,22,30.06
912,3,17,80.93
912,4,20,67.65
912,1,4,60.44
912,4,23,95.35
912,4,21,115.25
912,1,1,58.7
912,2,8,59.06
912,3,16,99.79
912,1,0,57.3
912,1,5,60.44
912,2,11,42.46
912,2,9,64.23
912,3,13,35.83
912,4,18,248.48
913,1,2,39.83
913,4,20,59.24
913,3,17,66.54
913,4,22,25.23
913,1,4,53.67
913,1,3,40.26
913,3,15,108.55
913,3,12,185.99
913,4,23,95.59
913,4,21,110.91
913,1,1,40.39
913,3,13,36.0
913,2,9,61.84
913,2,11,40.72
913,4,18,244.57
913,1,0,69.74
913,3,16,85.32
913,2,8,57.05
913,1,5,53.67
914,3,15,111.49
914,1,3,51.09
914,1,4,64.28
914,4,23,95.77
914,3,17,79.38
914,4,20,69.29
914,4,22,27.97
914,1,2,53.63
914,3,12,184.64
914,1,5,64.28
914,2,8,58.62
914,3,16,101.49
914,1,0,60.25
914,4,18,243.27
914,4,21,115.68
914,2,9,71.49
914,3,13,34.36
914,1,1,51.73
914,2,11,44.19
915,4,23,91.91
915,4,20,69.42
915,3,17,80.23
915,4,22,36.82
915,1,4,58.97
915,1,3,66.0
915,3,15,125.71
915,1,2,64.31
915,1,5,58.97
915,3,12,200.7
915,1,1,65.9
915,4,21,110.89
915,3,16,90.9
915,1,0,72.99
915,4,18,249.0
915,2,8,62.72
915,2,9,77.57
915,3,13,36.0
915,2,11,38.5
916,1,2,64.36
916,4,20,70.09
916,3,17,84.41
916,4,22,39.33
916,1,4,80.86
916,1,3,66.35
916,3,15,120.66
916,4,23,101.34
916,1,5,80.86
916,3,12,201.5
916,1,1,63.86
916,2,8,67.4
916,3,16,103.21
916,1,0,81.4
916,4,21,113.48
916,2,11,52.4
916,2,9,75.91
916,3,13,34.72
916,4,18,244.17
917,4,23,94.1
917,4,20,59.11
917,3,17,80.67
917,4,22,25.98
917,1,4,56.73
917,1,3,78.16
917,3,15,132.32
917,1,2,76.55
917,3,12,206.95
917,1,5,56.73
917,1,1,82.29
917,3,13,36.0
917,2,9,76.58
917,2,11,33.33
917,4,18,242.06
917,1,0,87.04
917,3,16,92.41
917,2,8,62.29
917,4,21,125.19
918,3,12,204.13
918,3,15,141.92
918,1,3,84.47
918,1,2,83.36
918,4,22,30.29
918,3,17,79.25
918,4,20,64.27
918,1,4,72.18
918,4,23,90.63
918,4,21,121.81
918,1,1,82.76
918,2,8,62.26
918,3,16,98.69
918,1,0,85.74
918,1,5,72.18
918,2,11,40.4
918,2,9,81.4
918,3,13,35.4
918,4,18,240.25
919,4,23,90.39
919,4,20,71.0
919,3,17,85.41
919,4,22,28.07
919,1,4,67.26
919,1,3,47.86
919,3,15,119.08
919,1,2,45.95
919,3,12,190.63
919,1,5,67.26
919,1,1,42.95
919,3,13,29.31
919,2,9,69.88
919,2,11,44.56
919,4,18,236.1
919,1,0,71.7
919,3,16,91.91
919,2,8,52.63
919,4,21,110.33
920,3,12,202.75
920,3,15,123.68
920,1,3,47.77
920,1,2,46.63
920,4,22,31.56
920,3,17,87.96
920,4,20,64.07
920,1,4,82.48
920,4,23,94.12
920,1,5,82.48
920,1,1,43.58
920,2,8,58.91
920,3,16,98.15
920,1,0,79.14
920,4,21,119.05
920,2,11,55.7
920,2,9,65.76
920,3,13,26.32
920,4,18,241.8
921,1,2,46.54
921,4,20,61.38
921,3,17,71.53
921,4,22,25.82
921,1,4,54.92
921,1,3,49.37
921,3,15,116.99
921,3,12,194.91
921,4,23,93.17
921,1,5,54.92
921,1,1,45.23
921,3,13,32.68
921,2,9,62.05
921,2,11,41.37
921,4,18,236.47
921,1,0,78.98
921,3,16,106.0
921,2,8,53.95
921,4,21,120.24
922,3,12,192.84
922,3,15,130.4
922,1,3,69.95
922,4,23,80.8
922,4,22,36.06
922,3,17,78.29
922,4,20,61.1
922,1,4,67.23
922,1,2,66.96
922,1,5,67.23
922,1,1,71.74
922,2,8,50.44
922,3,16,88.35
922,1,0,72.14
922,4,21,122.0
922,2,11,37.53
922,2,9,79.57
922,3,13,34.89
922,4,18,249.0
923,4,23,96.11
923,4,20,61.31
923,3,17,81.54
923,4,22,24.73
923,1,4,48.07
923,1,3,65.62
923,3,15,130.77
923,1,2,63.21
923,1,5,48.07
923,3,12,194.16
923,1,1,62.2
923,4,21,116.29
923,3,16,89.59
923,1,0,63.84
923,4,18,238.12
923,2,8,53.79
923,2,9,71.71
923,3,13,28.74
923,2,11,46.8
924,1,2,85.16
924,4,20,60.51
924,3,17,91.07
924,4,22,35.63
924,1,4,90.14
924,1,3,85.29
924,3,15,129.26
924,4,23,98.07
924,1,5,90.14
924,3,12,197.51
924,1,1,78.12
924,2,8,59.71
924,3,16,93.48
924,1,0,74.58
924,4,21,125.16
924,2,11,55.79
924,2,9,86.67
924,3,13,36.0
924,4,18,243.72
925,1,2,63.64
925,4,20,66.5
925,3,17,82.62
925,4,22,39.08
925,1,4,86.56
925,1,3,61.93
925,3,15,136.38
925,3,12,197.86
925,4,23,103.81
925,4,21,120.07
925,1,1,64.68
925,3,13,34.7
925,2,9,64.49
925,2,11,57.4
925,4,18,241.0
925,1,0,85.77
925,3,16,91.37
925,2,8,59.85
925,1,5,86.56
926,3,15,142.0
926,1,3,95.82
926,1,4,80.8
926,4,23,98.29
926,3,17,84.18
926,4,20,69.76
926,4,22,33.89
926,1,2,98.02
926,3,12,197.59
926,1,5,80.8
926,2,8,64.77
926,3,16,100.76
926,1,0,49.52
926,4,18,238.38
926,4,21,127.72
926,2,9,91.61
926,3,13,35.64
926,1,1,97.17
926,2,11,51.58
927,4,23,94.86
927,4,20,65.29
927,3,17,82.2
927,4,22,46.02
927,1,4,80.95
927,1,3,61.95
927,3,15,131.86
927,1,2,60.62
927,1,5,80.95
927,3,12,192.36
927,1,1,62.32
927,2,8,66.21
927,3,16,94.21
927,1,0,57.42
927,4,21,127.43
927,2,11,59.7
927,2,9,59.8
927,3,13,23.59
927,4,18,237.02
928,1,2,55.68
928,4,20,71.0
928,3,17,77.2
928,4,22,27.13
928,1,4,65.1
928,1,3,58.33
928,3,15,121.85
928,3,12,195.99
928,4,23,99.17
928,4,21,124.32
928,1,1,53.55
928,2,8,60.15
928,3,16,95.82
928,1,0,64.83
928,1,5,65.1
928,2,11,43.74
928,2,9,76.87
928,3,13,28.0
928,4,18,243.93
929,1,2,66.35
929,4,20,69.69
929,3,17,83.23
929,4,22,29.63
929,1,4,66.57
929,1,3,65.47
929,3,15,129.67
929,3,12,200.9
929,4,23,102.68
929,1,5,66.57
929,1,1,69.92
929,3,13,34.03
929,2,9,69.59
929,2,11,47.37
929,4,18,240.41
929,1,0,75.4
929,3,16,94.62
929,2,8,60.81
929,4,21,121.84
930,3,12,195.73
930,3,15,127.94
930,1,3,78.43
930,4,23,104.77
930,4,22,29.66
930,3,17,82.88
930,4,20,71.0
930,1,4,79.48
930,1,2,82.46
930,1,5,79.48
930,1,1,74.07
930,2,8,65.83
930,3,16,92.24
930,1,0,87.05
930,4,21,126.05
930,2,11,55.72
930,2,9,82.09
930,3,13,33.16
930,4,18,241.58
931,4,23,100.94
931,4,20,64.24
931,3,17,90.73
931,4,22,30.64
931,1,4,74.96
931,1,3,49.49
931,3,15,124.97
931,1,2,51.63
931,1,5,74.96
931,3,12,190.12
931,1,1,50.37
931,3,13,31.41
931,2,9,69.66
931,2,11,48.03
931,4,18,238.01
931,1,0,63.29
931,3,16,90.9
931,2,8,57.18
931,4,21,113.23
932,3,15,132.82
932,1,3,75.19
932,1,4,80.8
932,4,23,90.89
932,3,17,85.11
932,4,20,67.74
932,4,22,39.19
932,1,2,75.72
932,3,12,190.99
932,1,5,80.8
932,2,8,61.62
932,3,16,102.18
932,1,0,51.73
932,4,18,238.3
932,4,21,124.44
932,2,9,77.9
932,3,13,33.22
932,1,1,81.2
932,2,11,55.32
933,1,2,64.73
933,4,20,61.31
933,3,17,80.99
933,4,22,33.08
933,1,4,77.71
933,1,3,64.74
933,3,15,125.01
933,3,12,185.21
933,4,23,103.26
933,4,21,114.07
933,1,1,62.13
933,3,13,31.11
933,2,9,81.68
933,2,11,47.07
933,4,18,246.81
933,1,0,47.17
933,3,16,85.66
933,2,8,59.08
933,1,5,77.71
934,3,12,200.97
934,3,15,131.32
934,1,3,77.83
934,4,23,102.52
934,4,22,32.1
934,3,17,74.52
934,4,20,61.67
934,1,4,82.02
934,1,2,78.44
934,1,5,82.02
934,1,1,72.07
934,2,8,65.89
934,3,16,98.57
934,1,0,95.78
934,4,21,122.96
934,2,11,45.78
934,2,9,78.45
934,3,13,36.0
934,4,18,241.7
935,4,23,95.07
935,4,20,63.51
935,3,17,80.44
935,4,22,31.75
935,1,4,70.02
935,1,3,64.54
935,3,15,122.49
935,1,2,64.22
935,3,12,209.59
935,1,5,70.02
935,1,1,67.54
935,3,13,28.19
935,2,9,73.17
935,2,11,45.89
935,4,18,236.63
935,1,0,89.34
935,3,16,91.07
935,2,8,64.59
935,4,21,117.53
936,3,12,187.82
936,3,15,121.43
936,1,3,55.15
936,1,2,56.01
936,4,22,30.3
936,3,17,84.37
936,4,20,66.31
936,1,4,68.42
936,4,23,90.07
936,1,5,68.42
936,1,1,60.61
936,2,8,53.61
936,3,16,96.23
936,1,0,69.12
936,4,21,110.59
936,2,11,49.24
936,2,9,70.21
936,3,13,29.75
936,4,18,233.27
937,1,2,54.28
937,4,20,71.0
937,3,17,87.9
937,4,22,31.05
937,1,4,81.88
937,1,3,55.85
937,3,15,115.96
937,3,12,196.26
937,4,23,97.61
937,1,5,81.88
937,1,1,58.08
937,3,13,36.0
937,2,9,66.02
937,2,11,49.88
937,4,18,230.39
937,1,0,65.22
937,3,16,99.45
937,2,8,53.3
937,4,21,109.04
938,3,15,119.77
938,1,3,64.57
938,4,23,97.95
938,3,12,192.31
938,4,22,27.64
938,3,17,81.0
938,4,20,70.24
938,1,4,71.02
938,1,2,61.23
938,2,11,36.14
938,4,21,120.15
938,2,8,59.45
938,3,16,93.88
938,1,0,54.53
938,1,5,71.02
938,2,9,68.06
938,3,13,35.17
938,1,1,63.1
938,4,18,239.72
939,1,2,90.89
939,4,20,69.28
939,3,17,88.58
939,4,22,37.74
939,1,4,84.57
939,1,3,88.06
939,3,15,142.0
939,3,12,197.89
939,1,5,84.57
939,4,23,90.11
939,1,1,87.4
939,2,8,58.36
939,3,16,90.89
939,1,0,62.53
939,4,21,125.24
939,2,11,56.15
939,2,9,84.03
939,3,13,31.56
939,4,18,244.4
940,1,2,63.26
940,4,20,59.92
940,3,17,69.68
940,4,22,34.97
940,1,4,44.87
940,1,3,67.73
940,3,15,123.92
940,3,12,204.58
940,4,23,94.5
940,1,5,44.87
940,1,1,64.13
940,3,13,35.44
940,2,9,71.72
940,2,11,31.55
940,4,18,236.58
940,1,0,69.86
940,3,16,92.67
940,2,8,55.22
940,4,21,112.9
941,3,12,200.33
941,3,15,122.16
941,1,3,62.5
941,1,2,62.28
941,4,22,24.98
941,3,17,80.51
941,4,20,71.0
941,1,4,50.54
941,1,5,50.54
941,4,23,99.88
941,1,1,59.44
941,2,8,66.37
941,3,16,89.45
941,1,0,59.84
941,4,21,121.93
941,2,11,35.16
941,2,9,78.7
941,3,13,29.01
941,4,18,231.46
942,4,23,88.68
942,4,20,68.57
942,3,17,82.22
942,4,22,30.13
942,1,4,65.92
942,1,3,74.07
942,3,15,130.22
942,1,2,72.01
942,3,12,195.73
942,1,5,65.92
942,1,1,76.78
942,3,13,36.0
942,2,9,78.48
942,2,11,46.22
942,4,18,242.74
942,1,0,73.02
942,3,16,93.73
942,2,8,62.68
942,4,21,123.51
943,3,12,203.4
943,3,15,123.92
943,1,3,81.01
943,1,2,79.56
943,4,22,29.04
943,3,17,84.14
943,4,20,71.0
943,1,4,65.03
943,4,23,100.06
943,1,5,65.03
943,1,1,85.25
943,2,8,65.4
943,3,16,101.44
943,1,0,83.54
943,4,21,122.5
943,2,11,48.01
943,2,9,81.0
943,3,13,31.99
943,4,18,241.84
944,1,2,59.45
944,4,20,71.0
944,3,17,89.52
944,4,22,26.08
944,1,4,77.37
944,1,3,60.97
944,3,15,121.87
944,3,12,202.54
944,4,23,90.22
944,1,5,77.37
944,1,1,51.79
944,3,13,31.33
944,2,9,64.25
944,2,11,46.91
944,4,18,249.0
944,1,0,93.83
944,3,16,89.46
944,2,8,60.29
944,4,21,118.5
945,3,12,200.01
945,3,15,128.14
945,1,3,88.4
945,1,2,88.01
945,4,22,40.08
945,3,17,87.62
945,4,20,65.75
945,1,4,98.77
945,1,5,98.77
945,4,23,95.29
945,1,1,96.19
945,2,8,64.37
945,3,16,100.38
945,1,0,86.55
945,4,21,127.83
945,2,11,56.44
945,2,9,74.62
945,3,13,35.52
945,4,18,249.0
946,4,23,96.85
946,4,20,68.09
946,3,17,87.65
946,4,22,30.95
946,1,4,79.67
946,1,3,64.67
946,3,15,122.95
946,1,2,59.37
946,1,5,79.67
946,3,12,199.46
946,1,1,58.86
946,3,13,36.0
946,2,9,71.55
946,2,11,48.51
946,4,18,246.23
946,1,0,67.72
946,3,16,88.2
946,2,8,50.28
946,4,21,111.1
947,3,15,126.84
947,1,3,87.0
947,1,4,89.38
947,4,23,106.0
947,3,17,79.24
947,4,20,71.0
947,4,22,37.0
947,1,2,84.98
947,3,12,192.74
947,1,5,89.38
947,2,8,68.88
947,3,16,103.14
947,1,0,61.35
947,4,18,241.49
947,4,21,116.74
947,2,9,78.1
947,3,13,34.33
947,1,1,76.27
947,2,11,60.76
948,1,2,80.81
948,4,20,71.0
948,3,17,81.64
948,4,22,32.36
948,1,4,68.46
948,1,3,81.0
948,3,15,127.38
948,3,12,195.48
948,4,23,92.89
948,4,21,120.13
948,1,1,78.44
948,3,13,27.65
948,2,9,77.18
948,2,11,42.22
948,4,18,230.84
948,1,0,77.65
948,3,16,91.58
948,2,8,63.87
948,1,5,68.46
949,3,12,196.48
949,3,15,119.34
949,1,3,71.34
949,4,23,94.45
949,4,22,29.04
949,3,17,73.76
949,4,20,57.86
949,1,4,52.8
949,1,2,72.71
949,1,5,52.8
949,1,1,71.99
949,2,8,56.48
949,3,16,95.92
949,1,0,58.33
949,4,21,117.64
949,2,11,45.84
949,2,9,74.4
949,3,13,35.31
949,4,18,245.3
950,4,23,97.07
950,4,20,64.49
950,3,17,86.26
950,4,22,29.56
950,1,4,71.89
950,1,3,66.51
950,3,15,125.84
950,1,2,62.78
950,3,12,201.72
950,1,5,71.89
950,1,1,63.2
950,3,13,34.92
950,2,9,71.43
950,2,11,43.88
950,4,18,247.08
950,1,0,81.59
950,3,16,93.0
950,2,8,64.17
950,4,21,107.77
951,3,12,205.47
951,3,15,122.35
951,1,3,68.06
951,1,2,65.43
951,4,22,28.56
951,3,17,86.26
951,4,20,62.37
951,1,4,70.05
951,4,23,98.85
951,1,5,70.05
951,1,1,63.78
951,2,8,60.8
951,3,16,98.66
951,1,0,93.5
951,4,21,118.98
951,2,11,46.37
951,2,9,67.43
951,3,13,32.22
951,4,18,246.76
952,1,2,65.14
952,4,20,71.0
952,3,17,84.54
952,4,22,43.36
952,1,4,97.01
952,1,3,62.95
952,3,15,129.8
952,3,12,203.96
952,4,23,90.72
952,1,5,97.01
952,1,1,65.22
952,3,13,36.0
952,2,9,70.66
952,2,11,49.94
952,4,18,244.65
952,1,0,100.0
952,3,16,100.18
952,2,8,63.2
952,4,21,118.3
953,3,12,201.98
953,3,15,137.72
953,1,3,76.22
953,1,2,75.69
953,4,22,29.44
953,3,17,78.12
953,4,20,67.77
953,1,4,74.12
953,1,5,74.12
953,4,23,98.37
953,1,1,78.48
953,2,8,63.1
953,3,16,93.05
953,1,0,91.8
953,4,21,122.22
953,2,11,42.99
953,2,9,75.64
953,3,13,36.0
953,4,18,240.4
954,4,23,95.32
954,4,20,69.74
954,3,17,72.32
954,4,22,33.08
954,1,4,54.38
954,1,3,69.54
954,3,15,129.55
954,1,2,71.02
954,1,5,54.38
954,3,12,199.53
954,1,1,74.5
954,4,21,129.15
954,3,16,89.47
954,1,0,87.56
954,4,18,244.55
954,2,8,65.29
954,2,9,68.28
954,3,13,35.64
954,2,11,42.13
955,1,2,61.11
955,4,20,58.01
955,3,17,89.35
955,4,22,37.32
955,1,4,82.19
955,1,3,63.14
955,3,15,126.92
955,4,23,106.0
955,1,5,82.19
955,3,12,200.51
955,1,1,68.48
955,2,8,57.12
955,3,16,98.8
955,1,0,80.08
955,4,21,112.06
955,2,11,55.42
955,2,9,69.08
955,3,13,35.38
955,4,18,238.28
956,1,2,63.64
956,4,20,61.56
956,3,17,80.86
956,4,22,23.43
956,1,4,66.33
956,1,3,65.47
956,3,15,128.39
956,3,12,196.03
956,4,23,100.24
956,4,21,114.7
956,1,1,64.45
956,3,13,32.85
956,2,9,74.34
956,2,11,41.62
956,4,18,244.64
956,1,0,77.55
956,3,16,92.56
956,2,8,60.57
956,1,5,66.33
957,3,15,128.11
957,1,3,74.3
957,1,4,76.62
957,4,23,96.78
957,3,17,85.73
957,4,20,71.0
957,4,22,20.22
957,1,2,74.49
957,3,12,203.38
957,1,5,76.62
957,2,8,60.23
957,3,16,92.2
957,1,0,70.44
957,4,18,231.24
957,4,21,123.39
957,2,9,73.57
957,3,13,36.0
957,1,1,76.36
957,2,11,38.88
958,4,23,96.46
958,4,20,65.99
958,3,17,68.75
958,4,22,32.95
958,1,4,54.71
958,1,3,54.44
958,3,15,124.85
958,1,2,53.45
958,1,5,54.71
958,3,12,188.25
958,1,1,57.96
958,2,8,56.27
958,3,16,90.8
958,1,0,65.62
958,4,21,118.31
958,2,11,36.2
958,2,9,64.56
958,3,13,34.7
958,4,18,243.08
959,1,2,52.51
959,4,20,61.82
959,3,17,92.38
959,4,22,26.14
959,1,4,79.29
959,1,3,54.9
959,3,15,117.51
959,3,12,195.0
959,4,23,101.45
959,4,21,109.05
959,1,1,53.42
959,2,8,63.91
959,3,16,93.08
959,1,0,82.19
959,1,5,79.29
959,2,11,54.5
959,2,9,66.19
959,3,13,32.16
959,4,18,238.89
960,1,2,56.57
960,4,20,65.33
960,3,17,83.77
960,4,22,38.73
960,1,4,87.43
960,1,3,57.79
960,3,15,120.71
960,3,12,202.7
960,4,23,98.44
960,1,5,87.43
960,1,1,56.77
960,3,13,36.0
960,2,9,68.42
960,2,11,44.05
960,4,18,238.79
960,1,0,66.79
960,3,16,103.37
960,2,8,61.78
960,4,21,109.87
961,3,12,194.83
961,3,15,123.78
961,1,3,62.54
961,4,23,93.44
961,4,22,31.6
961,3,17,79.79
961,4,20,69.92
961,1,4,66.02
961,1,2,56.53
961,1,5,66.02
961,1,1,57.41
961,2,8,56.44
961,3,16,87.08
961,1,0,63.58
961,4,21,121.49
961,2,11,37.82
961,2,9,71.1
961,3,13,29.68
961,4,18,235.94
962,4,23,92.8
962,4,20,61.29
962,3,17,84.25
962,4,22,39.02
962,1,4,87.7
962,1,3,48.6
962,3,15,111.2
962,1,2,47.3
962,1,5,87.7
962,3,12,194.5
962,1,1,51.2
962,3,13,26.4
962,2,9,68.71
962,2,11,51.08
962,4,18,240.29
962,1,0,64.12
962,3,16,102.72
962,2,8,64.69
962,4,21,117.42
963,3,15,135.84
963,1,3,85.2
963,1,4,44.78
963,4,23,96.77
963,3,17,81.15
963,4,20,71.0
963,4,22,26.35
963,1,2,82.65
963,3,12,189.47
963,1,5,44.78
963,2,8,64.37
963,3,16,98.96
963,1,0,71.02
963,4,18,231.5
963,4,21,129.14
963,2,9,78.45
963,3,13,31.23
963,1,1,89.01
963,2,11,35.95
964,1,2,46.39
964,4,20,70.32
964,3,17,83.55
964,4,22,27.23
964,1,4,70.82
964,1,3,48.53
964,3,15,120.84
964,3,12,203.81
964,4,23,104.12
964,4,21,119.02
964,1,1,47.52
964,3,13,31.83
964,2,9,63.24
964,2,11,41.24
964,4,18,246.43
964,1,0,66.32
964,3,16,90.38
964,2,8,63.86
964,1,5,70.82
965,3,12,192.6
965,3,15,130.42
965,1,3,58.64
965,4,23,92.62
965,4,22,30.26
965,3,17,76.54
965,4,20,70.57
965,1,4,59.09
965,1,2,57.64
965,1,5,59.09
965,1,1,55.38
965,2,8,66.23
965,3,16,94.13
965,1,0,54.53
965,4,21,114.8
965,2,11,46.85
965,2,9,63.3
965,3,13,31.12
965,4,18,241.38
966,4,23,92.01
966,4,20,68.2
966,3,17,79.1
966,4,22,46.6
966,1,4,77.23
966,1,3,52.01
966,3,15,118.27
966,1,2,53.45
966,3,12,196.87
966,1,5,77.23
966,1,1,55.66
966,3,13,28.2
966,2,9,59.17
966,2,11,52.02
966,4,18,240.22
966,1,0,76.17
966,3,16,98.13
966,2,8,63.46
966,4,21,114.18
967,3,12,197.35
967,3,15,121.48
967,1,3,53.43
967,1,2,51.01
967,4,22,29.62
967,3,17,81.02
967,4,20,64.56
967,1,4,63.24
967,4,23,93.53
967,1,5,63.24
967,1,1,54.99
967,2,8,58.38
967,3,16,91.12
967,1,0,84.06
967,4,21,109.98
967,2,11,45.17
967,2,9,65.36
967,3,13,27.22
967,4,18,239.4
968,1,2,64.65
968,4,20,56.93
968,3,17,91.48
968,4,22,40.15
968,1,4,77.81
968,1,3,63.2
968,3,15,127.58
968,3,12,199.37
968,4,23,88.14
968,1,5,77.81
968,1,1,64.14
968,3,13,36.0
968,2,9,73.57
968,2,11,46.12
968,4,18,249.0
968,1,0,96.25
968,3,16,90.96
968,2,8,56.04
968,4,21,117.72
969,3,12,195.08
969,3,15,115.63
969,1,3,58.89
969,1,2,56.2
969,4,22,38.4
969,3,17,87.44
969,4,20,65.42
969,4,23,94.06
969,1,5,78.77
969,1,4,78.77
969,1,1,58.67
969,2,8,59.45
969,3,16,99.6
969,1,0,82.64
969,4,21,117.6
969,2,11,54.2
969,2,9,67.65
969,3,13,32.07
969,4,18,246.23
970,3,12,189.28
970,4,23,102.15
970,4,20,69.5
970,3,17,88.27
970,4,22,32.68
970,1,4,83.72
970,1,3,75.28
970,3,15,128.61
970,1,2,77.05
970,1,5,83.72
970,4,21,119.14
970,3,16,94.66
970,1,0,63.9
970,4,18,240.99
970,2,8,57.76
970,2,9,75.56
970,3,13,36.0
970,1,1,78.37
970,2,11,60.23
971,3,12,187.87
971,4,23,102.17
971,4,20,61.41
971,3,17,86.34
971,4,22,42.69
971,1,4,75.65
971,1,3,71.64
971,3,15,122.48
971,1,2,68.85
971,1,5,75.65
971,4,21,113.9
971,3,16,102.6
971,1,0,98.32
971,4,18,242.51
971,2,8,58.31
971,2,9,69.58
971,3,13,36.0
971,1,1,67.97
971,2,11,47.6
972,3,12,195.43
972,4,23,94.04
972,4,20,71.0
972,3,17,77.12
972,4,22,25.2
972,1,4,66.0
972,1,3,43.21
972,3,15,120.69
972,1,2,43.96
972,1,5,66.0
972,4,21,109.48
972,3,16,97.15
972,1,0,55.63
972,4,18,238.09
972,2,8,66.73
972,2,9,59.16
972,3,13,36.0
972,1,1,42.31
972,2,11,45.83
973,3,12,198.19
973,4,23,98.87
973,4,20,70.18
973,3,17,82.75
973,4,22,28.3
973,1,4,78.32
973,1,3,77.81
973,3,15,136.97
973,1,2,79.85
973,1,5,78.32
973,4,21,122.99
973,3,16,100.34
973,1,0,66.78
973,4,18,235.39
973,2,8,66.25
973,2,9,83.84
973,3,13,32.66
973,1,1,72.19
973,2,11,52.77
974,3,12,198.03
974,4,23,96.52
974,4,20,66.39
974,3,17,77.82
974,4,22,33.17
974,1,4,73.41
974,1,3,68.53
974,3,15,128.58
974,1,2,67.74
974,1,5,73.41
974,4,21,115.58
974,3,16,95.66
974,1,0,78.12
974,4,18,236.42
974,2,8,56.92
974,2,9,73.03
974,3,13,30.59
974,1,1,73.98
974,2,11,53.31
975,3,12,208.58
975,4,23,96.24
975,4,20,65.68
975,3,17,86.05
975,4,22,34.05
975,1,4,88.13
975,1,3,74.82
975,3,15,129.2
975,1,2,75.9
975,1,5,88.13
975,4,21,118.38
975,3,16,95.27
975,1,0,98.65
975,4,18,235.77
975,2,8,69.5
975,2,9,75.39
975,3,13,36.0
975,1,1,69.46
975,2,11,50.03
976,3,12,199.02
976,4,23,95.1
976,4,20,65.83
976,3,17,69.28
976,4,22,30.37
976,1,4,36.66
976,1,3,62.72
976,3,15,124.75
976,1,2,61.73
976,1,5,36.66
976,4,21,112.9
976,3,16,82.71
976,1,0,68.12
976,4,18,241.63
976,2,8,68.61
976,2,9,70.58
976,3,13,33.85
976,1,1,64.06
976,2,11,35.62
977,3,12,195.82
977,4,23,106.0
977,4,20,71.0
977,3,17,82.11
977,4,22,49.67
977,1,4,93.6
977,1,3,80.14
977,3,15,130.24
977,1,2,84.17
977,1,5,93.6
977,4,21,129.36
977,3,16,102.6
977,1,0,54.2
977,4,18,239.97
977,2,8,62.4
977,2,9,74.67
977,3,13,36.0
977,1,1,74.05
977,2,11,55.1
978,3,12,208.01
978,4,23,100.84
978,4,20,70.12
978,3,17,75.39
978,4,22,34.94
978,1,4,78.79
978,1,3,64.33
978,3,15,122.56
978,1,2,63.07
978,1,5,78.79
978,4,21,117.19
978,3,16,97.22
978,1,0,95.08
978,4,18,234.69
978,2,8,62.42
978,2,9,75.04
978,3,13,36.0
978,1,1,63.93
978,2,11,40.56
979,3,12,188.13
979,4,23,88.49
979,4,20,66.65
979,3,17,74.7
979,4,22,23.01
979,1,4,50.49
979,1,3,46.83
979,3,15,117.86
979,1,2,46.69
979,1,5,50.49
979,4,21,115.37
979,3,16,97.67
979,1,0,56.01
979,4,18,231.74
979,2,8,50.84
979,2,9,61.15
979,3,13,36.0
979,1,1,48.64
979,2,11,43.36
980,3,12,203.88
980,4,23,101.7
980,4,20,69.95
980,3,17,84.8
980,4,22,33.37
980,1,4,91.38
980,1,3,86.23
980,3,15,131.89
980,1,2,85.51
980,1,5,91.38
980,4,21,119.68
980,3,16,97.52
980,1,0,95.78
980,4,18,243.31
980,2,8,70.98
980,2,9,87.85
980,3,13,36.0
980,1,1,72.97
980,2,11,59.09
981,3,12,198.56
981,4,23,99.16
981,4,20,71.0
981,3,17,86.67
981,4,22,24.8
981,1,4,75.09
981,1,3,92.79
981,3,15,134.4
981,1,2,89.37
981,1,5,75.09
981,4,21,128.71
981,3,16,97.08
981,1,0,73.26
981,4,18,238.24
981,2,8,60.68
981,2,9,90.48
981,3,13,36.0
981,1,1,80.77
981,2,11,54.63
982,3,12,194.81
982,4,23,98.43
982,4,20,60.83
982,3,17,87.56
982,4,22,37.31
982,1,4,75.17
982,1,3,85.52
982,3,15,124.75
982,1,2,84.98
982,1,5,75.17
982,4,21,130.65
982,3,16,96.63
982,1,0,68.31
982,4,18,237.21
982,2,8,70.55
982,2,9,74.46
982,3,13,36.0
982,1,1,83.17
982,2,11,62.16
983,3,12,192.91
983,4,23,93.85
983,4,20,71.0
983,3,17,82.61
983,4,22,36.11
983,1,4,64.16
983,1,3,90.04
983,3,15,142.0
983,1,2,88.7
983,1,5,64.16
983,4,21,128.22
983,3,16,89.38
983,1,0,74.54
983,4,18,248.44
983,2,8,63.55
983,2,9,93.97
983,3,13,36.0
983,1,1,92.63
983,2,11,44.73
984,3,12,204.07
984,4,23,96.52
984,4,20,67.13
984,3,17,82.8
984,4,22,25.68
984,1,4,78.16
984,1,3,88.37
984,3,15,132.06
984,1,2,83.67
984,1,5,78.16
984,4,21,128.62
984,3,16,97.13
984,1,0,68.82
984,4,18,236.04
984,2,8,60.91
984,2,9,71.06
984,3,13,33.82
984,1,1,80.35
984,2,11,55.03
985,3,12,202.02
985,4,20,65.02
985,3,17,79.73
985,4,22,33.17
985,1,4,90.91
985,4,23,92.09
985,1,3,54.83
985,3,15,119.48
985,1,2,53.8
985,2,11,56.3
985,4,21,120.39
985,2,8,54.45
985,3,16,100.58
985,1,0,100.0
985,1,5,90.91
985,2,9,57.29
985,3,13,36.0
985,1,1,60.35
985,4,18,232.12
986,3,12,198.11
986,4,23,100.2
986,4,20,63.87
986,3,17,84.65
986,4,22,37.69
986,1,4,73.74
986,1,3,47.77
986,3,15,123.07
986,1,2,48.35
986,1,5,73.74
986,4,21,110.98
986,3,16,92.27
986,1,0,62.3
986,4,18,245.29
986,2,8,49.08
986,2,9,58.54
986,3,13,36.0
986,1,1,53.0
986,2,11,43.63
987,3,12,183.73
987,4,23,94.49
987,4,20,68.22
987,3,17,83.17
987,4,22,30.72
987,1,4,79.2
987,1,3,62.61
987,3,15,123.33
987,1,2,62.56
987,1,5,79.2
987,4,21,114.87
987,3,16,102.1
987,1,0,69.13
987,4,18,233.04
987,2,8,57.69
987,2,9,63.5
987,3,13,28.35
987,1,1,64.59
987,2,11,53.94
988,3,12,195.83
988,4,23,92.47
988,4,20,62.27
988,3,17,74.09
988,4,22,26.64
988,1,4,67.12
988,1,3,72.91
988,3,15,130.81
988,1,2,71.56
988,1,5,67.12
988,4,21,124.09
988,3,16,95.49
988,1,0,66.84
988,4,18,242.14
988,2,8,64.12
988,2,9,74.02
988,3,13,33.28
988,1,1,72.09
988,2,11,50.73
989,3,12,196.3
989,4,23,106.0
989,4,20,63.28
989,3,17,85.95
989,4,22,34.07
989,1,4,100.0
989,1,3,70.69
989,3,15,128.12
989,1,2,70.89
989,1,5,100.0
989,4,21,124.27
989,3,16,94.74
989,1,0,71.48
989,4,18,237.8
989,2,8,71.0
989,2,9,71.68
989,3,13,36.0
989,1,1,64.1
989,2,11,65.39
990,3,12,196.63
990,4,23,92.17
990,4,20,69.03
990,3,17,76.97
990,4,22,35.6
990,1,4,80.08
990,1,3,59.45
990,3,15,130.71
990,1,2,56.61
990,1,5,80.08
990,4,21,121.3
990,3,16,93.49
990,1,0,76.95
990,4,18,243.15
990,2,8,58.69
990,2,9,72.84
990,3,13,28.15
990,1,1,61.15
990,2,11,57.4
991,3,12,195.15
991,4,23,100.32
991,4,20,62.04
991,3,17,82.2
991,4,22,30.23
991,1,4,67.93
991,1,3,70.6
991,3,15,123.75
991,1,2,72.0
991,1,5,67.93
991,4,21,116.01
991,3,16,95.02
991,1,0,51.25
991,4,18,240.0
991,2,8,70.79
991,2,9,77.23
991,3,13,30.68
991,1,1,82.96
991,2,11,43.97
992,3,12,197.62
992,4,23,98.86
992,4,20,67.72
992,3,17,74.27
992,4,22,31.72
992,1,4,67.29
992,1,3,57.71
992,3,15,119.53
992,1,2,57.23
992,1,5,67.29
992,4,21,118.54
992,3,16,91.86
992,1,0,70.6
992,4,18,240.29
992,2,8,59.75
992,2,9,59.87
992,3,13,36.0
992,1,1,62.14
992,2,11,47.67
993,3,12,200.64
993,4,20,63.43
993,3,17,75.76
993,4,22,26.12
993,1,4,55.34
993,4,23,100.7
993,1,3,55.42
993,3,15,114.1
993,1,2,56.52
993,2,11,34.12
993,4,21,106.58
993,2,8,54.56
993,3,16,88.91
993,1,0,100.0
993,1,5,55.34
993,2,9,64.46
993,3,13,30.51
993,1,1,58.48
993,4,18,242.26
994,3,12,185.89
994,4,23,101.5
994,4,20,63.64
994,3,17,79.68
994,4,22,23.97
994,1,4,79.34
994,1,3,60.13
994,3,15,126.39
994,1,2,59.59
994,1,5,79.34
994,4,21,119.75
994,3,16,97.59
994,1,0,64.15
994,4,18,241.88
994,2,8,59.43
994,2,9,69.5
994,3,13,31.88
994,1,1,60.43
994,2,11,50.71
995,3,12,193.0
995,4,23,104.0
995,4,20,70.27
995,3,17,78.63
995,4,22,31.52
995,1,4,64.52
995,1,3,60.44
995,3,15,115.73
995,1,2,59.4
995,1,5,64.52
995,4,21,115.68
995,3,16,91.3
995,1,0,70.26
995,4,18,249.0
995,2,8,61.35
995,2,9,70.06
995,3,13,33.66
995,1,1,62.23
995,2,11,48.63
996,3,12,197.83
996,4,23,101.61
996,4,20,70.69
996,3,17,81.63
996,4,22,34.08
996,1,4,78.53
996,1,3,87.0
996,3,15,118.74
996,1,2,86.63
996,1,5,78.53
996,4,21,120.61
996,3,16,104.68
996,1,0,84.14
996,4,18,233.33
996,2,8,67.55
996,2,9,82.46
996,3,13,33.29
996,1,1,88.81
996,2,11,44.89
997,3,12,208.05
997,4,20,65.78
997,3,17,77.06
997,4,22,25.97
997,1,4,66.73
997,4,23,100.25
997,1,3,47.79
997,3,15,120.92
997,1,2,47.27
997,2,11,43.11
997,4,21,122.27
997,2,8,51.51
997,3,16,85.85
997,1,0,100.0
997,1,5,66.73
997,2,9,62.54
997,3,13,26.65
997,1,1,52.5
997,4,18,244.61
998,3,12,199.74
998,4,23,103.37
998,4,20,71.0
998,3,17,80.68
998,4,22,36.92
998,1,4,82.03
998,1,3,76.17
998,3,15,128.11
998,1,2,81.23
998,1,5,82.03
998,4,21,120.83
998,3,16,93.13
998,1,0,82.85
998,4,18,247.99
998,2,8,64.85
998,2,9,79.53
998,3,13,27.08
998,1,1,76.95
998,2,11,54.74
999,3,12,194.77
999,4,20,65.36
999,3,17,89.24
999,4,22,33.41
999,1,4,93.56
999,4,23,91.65
999,1,3,95.82
999,3,15,141.11
999,1,2,98.02
999,2,11,52.23
999,4,21,126.61
999,1,1,100.0
999,3,13,35.38
999,2,9,79.16
999,4,18,246.29
999,1,0,71.97
999,3,16,103.17
999,2,8,60.65
999,1,5,93.56
1000,3,12,194.0
1000,3,15,123.5
1000,3,17,83.28
1000,1,4,75.15
1000,4,22,36.1
1000,1,2,47.2
1000,1,3,49.73
1000,1,5,75.15
1000,2,11,38.47
1000,1,1,49.73
1000,3,13,24.5
1000,2,9,68.05
1000,4,18,242.84
1000,1,0,66.8
1000,3,16,91.43
1000,2,8,59.51
1000,4,20,63.42
1000,4,21,108.99
1000,4,23,99.47
